catalog_type,item_id,image_url
art,001113ced9466672,https://dodo.ac/np/images/e/e3/Wild_Painting_Left_Half_NH_Texture.png
art,089f9e3046a98236,https://dodo.ac/np/images/f/f6/Academic_Painting_NH_Texture.png
art,139045fb4d296d76,https://dodo.ac/np/images/6/62/Tremendous_Statue_NH_Icon.png
art,17e95fd2029c1e24,https://dodo.ac/np/images/4/4a/Twinkling_Painting_NH_Texture.png
art,194f376b427c252e,https://dodo.ac/np/images/5/50/Moody_Painting_NH_Texture.png
art,19ec75883a813e6e,https://dodo.ac/np/images/3/34/Basic_Painting_NH_Texture.png
art,21c5f98e164fa4b3,https://dodo.ac/np/images/b/b0/Gallant_Statue_NH_Icon.png
art,4194532d1822253c,https://dodo.ac/np/images/4/42/Wistful_Painting_NH_Texture.png
art,42eb3545bb50bf84,https://dodo.ac/np/images/0/09/Moving_Painting_NH_Texture.png
art,4dac1f58d8d7afe8,https://dodo.ac/np/images/c/cb/Common_Painting_NH_Texture.png
art,4f7ffa56397f184d,https://dodo.ac/np/images/e/ed/Quaint_Painting_NH_Texture.png
art,5ae257c6fc4c388f,https://dodo.ac/np/images/4/47/Detailed_Painting_NH_Texture.png
art,6234bafc306d236e,https://dodo.ac/np/images/1/1e/Valiant_Statue_NH_Icon.png
art,6bb0ac41ce9af9bc,https://dodo.ac/np/images/5/5c/Warrior_Statue_NH_Icon.png
art,6cc4674674c46c24,https://dodo.ac/np/images/6/6c/Glowing_Painting_NH_Texture.png
art,709bf4c2efba04f3,https://dodo.ac/np/images/1/1f/Rock-Head_Statue_NH_Icon.png
art,7138dace8ac790d9,https://dodo.ac/np/images/9/9f/Beautiful_Statue_NH_Icon.png
art,748eaf5152af94b1,https://dodo.ac/np/images/e/e8/Mystic_Statue_NH_Icon.png
art,77267cbf6d7c0fdc,https://dodo.ac/np/images/6/6b/Perfect_Painting_NH_Texture.png
art,835506447d504365,https://dodo.ac/np/images/3/3d/Proper_Painting_NH_Texture.png
art,851acc8e80b7f726,https://dodo.ac/np/images/a/a8/Worthy_Painting_NH_Texture.png
art,874a42a6aa0dd7c0,https://dodo.ac/np/images/5/5d/Motherly_Statue_NH_Icon.png
art,88bf67e92e5c80af,https://dodo.ac/np/images/b/bb/Amazing_Painting_NH_Texture.png
art,8ad669233ccabcf0,https://dodo.ac/np/images/3/30/Calm_Painting_NH_Texture.png
art,90b0e5e1f8006964,https://dodo.ac/np/images/a/a1/Nice_Painting_NH_Texture.png
art,99c78500f06e3733,https://dodo.ac/np/images/1/16/Jolly_Painting_NH_Texture.png
art,afeaf6e857faf883,https://dodo.ac/np/images/d/da/Flowery_Painting_NH_Texture.png
art,b52a86163be43edb,https://dodo.ac/np/images/b/bc/Scary_Painting_NH_Texture.png
art,b52de337eda85b37,https://dodo.ac/np/images/8/86/Mysterious_Painting_NH_Texture.png
art,b85a4308bffb9fda,https://dodo.ac/np/images/1/14/Informative_Statue_NH_Icon.png
art,c5b4e99d57ed33be,https://dodo.ac/np/images/d/db/Famous_Painting_NH_Texture.png
art,cdf5a00ef9417583,https://dodo.ac/np/images/f/f3/Serene_Painting_NH_Texture.png
art,cf1c10b89f9c72c5,https://dodo.ac/np/images/d/d8/Solemn_Painting_NH_Texture.png
art,d13453f70a3d453c,https://dodo.ac/np/images/c/cc/Sinking_Painting_NH_Texture.png
art,e1ab5b8c17970d13,https://dodo.ac/np/images/7/78/Dynamic_Painting_NH_Texture.png
art,e29d04f8b82afc92,https://dodo.ac/np/images/c/cf/Familiar_Statue_NH_Icon.png
art,e49b4ab106be940c,https://dodo.ac/np/images/6/6b/Scenic_Painting_NH_Texture.png
art,e61cb6e22c327c0b,https://dodo.ac/np/images/7/70/Graceful_Painting_NH_Texture.png
art,f332ae200515c8c3,https://dodo.ac/np/images/0/03/Ancient_Statue_NH_Icon.png
art,f491f09c205037f6,https://dodo.ac/np/images/6/6e/Robust_Statue_NH_Icon.png
art,f73139a013102bdf,https://dodo.ac/np/images/6/6b/Wild_Painting_Right_Half_NH_Texture.png
art,f7df05299ee45c41,https://dodo.ac/np/images/7/71/Great_Statue_NH_Icon.png
art,fb3c821c7be2569f,https://dodo.ac/np/images/9/90/Warm_Painting_NH_Texture.png
bugs,02180e9bdde86810,https://dodo.ac/np/images/c/c7/Giraffe_Stag_NH_Icon.png
bugs,038cb53057ca6066,https://dodo.ac/np/images/b/ba/Evening_Cicada_NH_Icon.png
bugs,03db74a23ee69cf4,https://dodo.ac/np/images/1/10/Horned_Dynastid_NH_Icon.png
bugs,07af401e90bfff65,https://dodo.ac/np/images/8/89/Flea_NH_Icon.png
bugs,0b9a87bf388eb92d,https://dodo.ac/np/images/d/d6/Firefly_NH_Icon.png
bugs,15e0cd279c948b4c,https://dodo.ac/np/images/d/d1/Cicada_Shell_NH_Icon.png
bugs,196a3a37669958fd,https://dodo.ac/np/images/0/08/Ladybug_NH_Icon.png
bugs,1c0d18cac424a77c,https://dodo.ac/np/images/4/4e/Mantis_NH_Icon.png
bugs,1c7a63fc50d8b965,https://dodo.ac/np/images/4/43/Yellow_Butterfly_NH_Icon.png
bugs,1f0229ce0418b836,https://dodo.ac/np/images/b/b6/Tiger_Butterfly_NH_Icon.png
bugs,26f2989541359b0b,https://dodo.ac/np/images/5/58/Tiger_Beetle_NH_Icon.png
bugs,2ca3ef2bd41a9197,https://dodo.ac/np/images/5/51/Honeybee_NH_Icon.png
bugs,2efdc2314f127e05,https://dodo.ac/np/images/b/b9/Walking_Leaf_NH_Icon.png
bugs,2f18dc84543cafd0,https://dodo.ac/np/images/0/03/Saw_Stag_NH_Icon.png
bugs,3083daa6f882e652,https://dodo.ac/np/images/f/f8/Common_Butterfly_NH_Icon.png
bugs,36e6214412e79ff5,https://dodo.ac/np/images/9/9a/Citrus_Long-Horned_Beetle_NH_Icon.png
bugs,383a3afd649c2920,https://dodo.ac/np/images/4/48/Drone_Beetle_NH_Icon.png
bugs,3fd0681885a0d5cd,https://dodo.ac/np/images/1/15/Fly_NH_Icon.png
bugs,415c78c480723362,https://dodo.ac/np/images/c/c8/Damselfly_NH_Icon.png
bugs,4d9c35c4fdde2f6f,https://dodo.ac/np/images/4/4a/Bell_Cricket_NH_Icon.png
bugs,50a6bdc999eae572,https://dodo.ac/np/images/0/0a/Miyama_Stag_NH_Icon.png
bugs,5853f2491b6788ad,https://dodo.ac/np/images/f/f8/Walker_Cicada_NH_Icon.png
bugs,5b2ed367c7226fc5,https://dodo.ac/np/images/1/1f/Wharf_Roach_NH_Icon.png
bugs,5bcdec38985c23bc,https://dodo.ac/np/images/7/7c/Rosalia_Batesi_Beetle_NH_Icon.png
bugs,5ec54dbb7185b235,https://dodo.ac/np/images/a/a2/Robust_Cicada_NH_Icon.png
bugs,5fbd545fc6f42976,https://dodo.ac/np/images/6/60/Agrias_Butterfly_NH_Icon.png
bugs,60a1e84c82732db7,https://dodo.ac/np/images/8/81/Rajah_Brooke%27s_Birdwing_NH_Icon.png
bugs,66237a8651f58fd0,https://dodo.ac/np/images/1/17/Bagworm_NH_Icon.png
bugs,6658f33dea2adeb9,https://dodo.ac/np/images/d/d2/Centipede_NH_Icon.png
bugs,693e7d6b32ac475d,https://dodo.ac/np/images/8/86/Giant_Water_Bug_NH_Icon.png
bugs,69bec4fd139bb07f,https://dodo.ac/np/images/e/e9/Snail_NH_Icon.png
bugs,6ccd570b5f9e5185,https://dodo.ac/np/images/7/7f/Atlas_Moth_NH_Icon.png
bugs,6fea3c2ad27893cb,https://dodo.ac/np/images/e/e3/Giant_Cicada_NH_Icon.png
bugs,746265817bb98a2b,https://dodo.ac/np/images/4/43/Jewel_Beetle_NH_Icon.png
bugs,768abb57afa9e5fb,https://dodo.ac/np/images/2/21/Common_Bluebottle_NH_Icon.png
bugs,780386955e106556,https://dodo.ac/np/images/5/5d/Ant_NH_Icon.png
bugs,7824712ec14d2f43,https://dodo.ac/np/images/7/78/Rice_Grasshopper_NH_Icon.png
bugs,7eb74471a9ab1b68,https://dodo.ac/np/images/a/a0/Cyclommatus_Stag_NH_Icon.png
bugs,81ed0f5c3b19ea67,https://dodo.ac/np/images/c/cf/Emperor_Butterfly_NH_Icon.png
bugs,8409fc7cb3c8df4c,https://dodo.ac/np/images/8/86/Violin_Beetle_NH_Icon.png
bugs,851c066e545daeb5,https://dodo.ac/np/images/9/9e/Paper_Kite_Butterfly_NH_Icon.png
bugs,8736d829fcfad715,https://dodo.ac/np/images/e/ee/Scarab_Beetle_NH_Icon.png
bugs,87a2931596fb7fa2,https://dodo.ac/np/images/a/a7/Orchid_Mantis_NH_Icon.png
bugs,8975ae6fc445c66f,https://dodo.ac/np/images/1/1f/Pondskater_NH_Icon.png
bugs,8b0a990262aff896,https://dodo.ac/np/images/6/6b/Hermit_Crab_NH_Icon.png
bugs,8c6370c39fcb8265,https://dodo.ac/np/images/4/42/Stinkbug_NH_Icon.png
bugs,8ffe519dc8f8cae6,https://dodo.ac/np/images/4/4f/Mole_Cricket_NH_Icon.png
bugs,90f06362052760a2,https://dodo.ac/np/images/a/a5/Wasp_NH_Icon.png
bugs,90f9339eb601c8a4,https://dodo.ac/np/images/d/d0/Migratory_Locust_NH_Icon.png
bugs,95f339992496f2b1,https://dodo.ac/np/images/b/b9/Pill_Bug_NH_Icon.png
bugs,9656d45af80a076d,https://dodo.ac/np/images/a/ac/Man-Faced_Stink_Bug_NH_Icon.png
bugs,98ad21a8c4e7eea3,https://dodo.ac/np/images/9/95/Scorpion_NH_Icon.png
bugs,9f69afa0450de190,https://dodo.ac/np/images/a/a0/Moth_NH_Icon.png
bugs,a202d6d5caaf9904,https://dodo.ac/np/images/6/69/Madagascan_Sunset_Moth_NH_Icon.png
bugs,a25eced10d00b88e,https://dodo.ac/np/images/2/21/Horned_Hercules_NH_Icon.png
bugs,a8bdf82fa274f59f,https://dodo.ac/np/images/b/b5/Tarantula_NH_Icon.png
bugs,adb3667f631ac7ee,https://dodo.ac/np/images/8/81/Great_Purple_Emperor_NH_Icon.png
bugs,af320fa273b4f82a,https://dodo.ac/np/images/b/ba/Golden_Stag_NH_Icon.png
bugs,b112633685212a7b,https://dodo.ac/np/images/5/58/Walking_Stick_NH_Icon.png
bugs,b3623e0c52291bc5,https://dodo.ac/np/images/0/08/Giant_Stag_NH_Icon.png
bugs,b5693d720180ab0b,https://dodo.ac/np/images/3/35/Banded_Dragonfly_NH_Icon.png
bugs,bb3d6bb5c69d0708,https://dodo.ac/np/images/2/20/Blue_Weevil_Beetle_NH_Icon.png
bugs,ca78734f4b85800b,https://dodo.ac/np/images/5/53/Earth-Boring_Dung_Beetle_NH_Icon.png
bugs,cc7bf4b4dda11936,https://dodo.ac/np/images/7/77/Peacock_Butterfly_NH_Icon.png
bugs,cd5be314a3949e61,https://dodo.ac/np/images/2/2a/Horned_Atlas_NH_Icon.png
bugs,ce4e3de73b1dd0dc,https://dodo.ac/np/images/8/8f/Cricket_NH_Icon.png
bugs,d2a3a6d724464160,https://dodo.ac/np/images/0/09/Red_Dragonfly_NH_Icon.png
bugs,d31b63165b7dd694,https://dodo.ac/np/images/b/bb/Queen_Alexandra%27s_Birdwing_NH_Icon.png
bugs,e455da63f0ee3ca6,https://dodo.ac/np/images/f/f7/Rainbow_Stag_NH_Icon.png
bugs,ea88249ae55f67c0,https://dodo.ac/np/images/7/78/Diving_Beetle_NH_Icon.png
bugs,ecc982109cb3d30f,https://dodo.ac/np/images/3/3e/Goliath_Beetle_NH_Icon.png
bugs,f178eb91f28348b7,https://dodo.ac/np/images/c/c4/Dung_Beetle_NH_Icon.png
bugs,f7a7573d7b3a8765,https://dodo.ac/np/images/8/84/Mosquito_NH_Icon.png
bugs,fa0b44e28614fcbf,https://dodo.ac/np/images/9/9d/Long_Locust_NH_Icon.png
bugs,fc59681aa8a9f0fd,https://dodo.ac/np/images/3/38/Monarch_Butterfly_NH_Icon.png
bugs,fd011c47930c2a24,https://dodo.ac/np/images/3/37/Grasshopper_NH_Icon.png
bugs,fd0e6eb894df8b2f,https://dodo.ac/np/images/5/5c/Darner_Dragonfly_NH_Icon.png
bugs,fda54db72d25a2ce,https://dodo.ac/np/images/4/44/Brown_Cicada_NH_Icon.png
bugs,fe3f770becd1b58a,https://dodo.ac/np/images/e/ea/Horned_Elephant_NH_Icon.png
bugs,fe95f7034354bb79,https://dodo.ac/np/images/e/e0/Spider_NH_Icon.png
clothing,00109493a1081282,https://dodo.ac/np/images/8/82/Tweed_Pants_%28Berry_Red%29_NH_Icon.png
clothing,001c47fc9ded7530,https://dodo.ac/np/images/0/08/Patterned_Vinyl_Umbrella_NH_Icon.png
clothing,0020136f0bdddd8a,https://dodo.ac/np/images/c/c4/Tennis_Skirt_%28White%29_NH_Icon.png
clothing,00207f3c7654ed61,https://dodo.ac/np/images/9/95/Ski_Goggles_%28Yellow%29_NH_Icon.png
clothing,0046233e1adbf441,https://dodo.ac/np/images/3/35/Rad_Power_Skirt_Suit_%28Red%29_NH_Icon.png
clothing,00611d42e4df3528,https://dodo.ac/np/images/5/55/Striped_Dress_%28Gray%29_NH_Icon.png
clothing,006e58b5c0c82723,https://dodo.ac/np/images/3/31/Kimono_Sandals_%28Gray%29_NH_Icon.png
clothing,006eca02e4263453,https://dodo.ac/np/images/a/a4/Rugby_Uniform_%28Red_%26_White%29_NH_Icon.png
clothing,01000662f581a998,https://dodo.ac/np/images/7/76/Sparkly_Embroidered_Tank_%28Red%29_NH_Icon.png
clothing,0102df799eddbc97,https://dodo.ac/np/images/4/44/Walking_Shoes_%28Red%29_NH_Icon.png
clothing,0104d9f80335e5b5,https://dodo.ac/np/images/b/be/Dotted_Knee-High_Socks_%28Gray%29_NH_Icon.png
clothing,011a9054ed53e907,https://dodo.ac/np/images/b/bd/Vinyl_Umbrella_NH_Icon.png
clothing,013c26f7dd22651a,https://dodo.ac/np/images/d/d8/Gym_Tee_%28Black%29_NH_Icon.png
clothing,015fc0371703fe2f,https://dodo.ac/np/images/b/b6/Sweatshirt_%28Gray%29_NH_Icon.png
clothing,01b17f67cf694d8f,https://dodo.ac/np/images/b/b9/Square_Glasses_%28Gray%29_NH_Icon.png
clothing,01e015b00726dfc5,https://dodo.ac/np/images/1/10/Baseball_Shirt_%28White%29_NH_Icon.png
clothing,01f1b8b7b8bc215d,https://dodo.ac/np/images/a/a7/Folk_Shirt_%28Red%29_NH_Icon.png
clothing,0201a1bc85a273c5,https://dodo.ac/np/images/1/18/Safety_Helmet_with_Lamp_%28Black%29_NH_Icon.png
clothing,029e63de0c7368cb,https://dodo.ac/np/images/4/4c/Explorer_Shorts_%28Beige%29_NH_Icon.png
clothing,02d5b28a3e0f6bd6,https://dodo.ac/np/images/1/11/Flight-Crew_Uniform_%28Gray%29_NH_Icon.png
clothing,02eb2f4b7bef03f5,https://dodo.ac/np/images/1/1f/Pleather_Shoulder_Bag_%28Navy_Blue%29_NH_Icon.png
clothing,02f3baab25545b3c,https://dodo.ac/np/images/e/e1/Baby_Romper_%28Baby_Pink%29_NH_Icon.png
clothing,02fe2b73b5403cbf,https://dodo.ac/np/images/b/bc/Ribbon_%28White%29_NH_Icon.png
clothing,03207671a2b0ef1a,https://dodo.ac/np/images/d/d0/Flower_Sandals_%28White%29_NH_Icon.png
clothing,0325978849afa49d,https://dodo.ac/np/images/0/0a/Frog_Cap_%28Green%29_NH_Icon.png
clothing,037f82212abb7826,https://dodo.ac/np/images/0/00/Simple_Sunglasses_%28Black%29_NH_Icon.png
clothing,03bb089a460d7c55,https://dodo.ac/np/images/6/64/Coveralls_with_Arm_Covers_%28Pink%29_NH_Icon.png
clothing,03db5c728993df05,https://dodo.ac/np/images/2/20/Purple_Hyacinth_Crown_NH_Icon.png
clothing,03e85506ab2486f7,https://dodo.ac/np/images/a/a1/Simple_Backpack_%28Camel%29_NH_Icon.png
clothing,03f03f659d7ceb18,https://dodo.ac/np/images/8/89/Punk_Pants_%28Red%29_NH_Icon.png
clothing,03f3ce4061a993a6,https://dodo.ac/np/images/1/1e/Shallow_Knit_Cap_%28Gray%29_NH_Icon.png
clothing,03f83dba0057db74,https://dodo.ac/np/images/2/25/DAL_Apron_NH_Icon.png
clothing,047744714d583b91,https://dodo.ac/np/images/4/4b/Football_Pants_%28White%29_NH_Icon.png
clothing,04892b76022e3325,https://dodo.ac/np/images/8/8b/Batter%27s_Helmet_%28Orange%29_NH_Icon.png
clothing,04990b5270f712cb,https://dodo.ac/np/images/a/ab/Outdoor_Hat_%28Red%29_NH_Icon.png
clothing,04b973191f4ae47b,https://dodo.ac/np/images/3/39/Paradise_Planning_Shirt_NH_Icon.png
clothing,04cb09365e3505e5,https://dodo.ac/np/images/2/26/Gaucho_Pants_%28Gray%29_NH_Icon.png
clothing,04d87793147155ff,https://dodo.ac/np/images/1/1a/Fairy-Tale_Dress_%28Red%29_NH_Icon.png
clothing,04da4c3d25a17fe1,https://dodo.ac/np/images/2/29/Full-Body_Tights_%28White%29_NH_Icon.png
clothing,04f7b81a828ee6f0,https://dodo.ac/np/images/4/4b/Bubblegum_%28White%29_NH_Icon.png
clothing,056f0a40eea7060a,https://dodo.ac/np/images/6/62/Rain_Boots_%28Black%29_NH_Icon.png
clothing,058616df4898ef08,https://dodo.ac/np/images/e/e1/Round_Tinted_Shades_%28Brown%29_NH_Icon.png
clothing,05894783593ba75c,https://dodo.ac/np/images/a/a2/Rubber_Half_Apron_%28Blue%29_NH_Icon.png
clothing,05c3d0d4608185a0,https://dodo.ac/np/images/1/17/Furoshiki_Bag_%28Green%29_NH_Icon.png
clothing,060f36a6bea17e7c,https://dodo.ac/np/images/7/7c/Scholar%27s_Hat_%28Red%29_NH_Icon.png
clothing,0654089a9ace4229,https://dodo.ac/np/images/1/1c/Ink_Tank_NH_Icon.png
clothing,0665d2a39e03e48d,https://dodo.ac/np/images/f/f5/Checkered_Muffler_%28White%29_NH_Icon.png
clothing,06778f5e0eaca813,https://dodo.ac/np/images/0/0a/Coral_Nook_Inc._Aloha_Shirt_NH_Icon.png
clothing,069d9fbe541bd488,https://dodo.ac/np/images/4/43/Vinyl_Round-Toed_Pumps_%28White%29_NH_Icon.png
clothing,06b08d7bec40718e,https://dodo.ac/np/images/7/7a/Simple_Tote_Bag_%28Red%29_NH_Icon.png
clothing,06e53384abc7855c,https://dodo.ac/np/images/0/08/Blossoming_Kimono_%28Pink%29_NH_Icon.png
clothing,06e8220159bc1d3d,https://dodo.ac/np/images/c/c5/Raindrop_Umbrella_NH_Icon.png
clothing,074600f52c5fc96b,https://dodo.ac/np/images/b/b1/Mom%27s_Knapsack_%28Forest_Print%29_NH_Icon.png
clothing,0747e7ca08038ef9,https://dodo.ac/np/images/e/e9/Hola_Tee_NH_Icon.png
clothing,074f755283134e19,https://dodo.ac/np/images/e/e4/Sacoche_Bag_%28Black%29_NH_Icon.png
clothing,0764404bcd4c7053,https://dodo.ac/np/images/f/f0/Sailor-Collar_Dress_%28White%29_NH_Icon.png
clothing,079d6bf5fd364001,https://dodo.ac/np/images/8/80/Patchwork_Skirt_%28Red%29_NH_Icon.png
clothing,07a9f00b370ce2ea,https://dodo.ac/np/images/3/36/Checkered_School_Skirt_%28Dark_Gray%29_NH_Icon.png
clothing,07de59c0061e9377,https://dodo.ac/np/images/f/ff/Camo_Tote_Bag_%28Green%29_NH_Icon.png
clothing,07e04afc3e1ebb8f,https://dodo.ac/np/images/e/e0/Snowflake_Pochette_NH_Icon.png
clothing,07f480ca522b6029,https://dodo.ac/np/images/a/aa/Striped_Maxi_Dress_%28Red%29_NH_Icon.png
clothing,07ff3c21d321ddf1,https://dodo.ac/np/images/2/20/Down_Skirt_%28White%29_NH_Icon.png
clothing,08a832b636cdc902,https://dodo.ac/np/images/c/cc/LEGO%C2%AE_Logo_Tee_NH_Icon.png
clothing,08afd57d33689d3e,https://dodo.ac/np/images/3/31/Faux-Fur_Skirt_%28Red%29_NH_Icon.png
clothing,08b81fe5c433ef0e,https://dodo.ac/np/images/a/a5/Glowing-Moss_Headband_NH_Icon.png
clothing,08d9ea3f4e1bb618,https://dodo.ac/np/images/d/d7/Tunic_Tank_%28White%29_NH_Icon.png
clothing,09848849c6331aee,https://dodo.ac/np/images/2/2e/Zebra-Print_Backpack_%28White%29_NH_Icon.png
clothing,09a36be8213f8155,https://dodo.ac/np/images/2/26/Cardigan_School_Uniform_Top_%28Cream%29_NH_Icon.png
clothing,09beb8e6d8dd48e0,https://dodo.ac/np/images/7/7b/Travel_Pouch_%28Pink%29_NH_Icon.png
clothing,09daf55dca9d8533,https://dodo.ac/np/images/2/2b/Heart_Shades_%28Pink%29_NH_Icon.png
clothing,09dbaae5ec6a0cf8,https://dodo.ac/np/images/b/b3/Pinafore_%28Pink%29_NH_Icon.png
clothing,09ea041e1ee60010,https://dodo.ac/np/images/b/b9/Fast-Food_Cap_%28Black%29_NH_Icon.png
clothing,09f9f0bc085fc4ea,https://dodo.ac/np/images/3/39/Reflector_NH_Icon.png
clothing,0a12a4a9c2c7bbfb,https://dodo.ac/np/images/5/51/Bubble-Skirt_Party_Dress_%28Red%29_NH_Icon.png
clothing,0a3aa7ea896ecd3d,https://dodo.ac/np/images/4/48/Long_Sailor_Skirt_%28Navy_Blue%29_NH_Icon.png
clothing,0acddf431db62763,https://dodo.ac/np/images/4/4d/Pansy_Crown_NH_Icon.png
clothing,0adb07d2971e832e,https://dodo.ac/np/images/e/ef/Satin_Dress_%28Berry_Red%29_NH_Icon.png
clothing,0aed2c97d13494b4,https://dodo.ac/np/images/7/75/Water-Egg_Outfit_NH_Icon.png
clothing,0af2315d64b7c5f3,https://dodo.ac/np/images/b/b8/Wario_Hat_NH_Icon.png
clothing,0b2c799839a9a215,https://dodo.ac/np/images/4/41/Squidmark_Sweat_NH_Icon.png
clothing,0bd37e63c9718b48,https://dodo.ac/np/images/3/3c/Milkmaid_Hat_NH_Icon.png
clothing,0bf3e1f9f637596e,https://dodo.ac/np/images/8/80/Safety_Vest_%28Black%29_NH_Icon.png
clothing,0bfe1bb4549abb21,https://dodo.ac/np/images/c/c8/Dark_Cosmos_Crown_NH_Icon.png
clothing,0c7d5d3b1630b1be,https://dodo.ac/np/images/7/77/Cyber_Shades_%28Silver%29_NH_Icon.png
clothing,0cbedfc8203aad7e,https://dodo.ac/np/images/7/7a/Doctor%27s_Mask_NH_Icon.png
clothing,0cc2dd742be09187,https://dodo.ac/np/images/2/2c/Simple_Checkered_Dress_%28Pink%29_NH_Icon.png
clothing,0d1ee96d8a65168d,https://dodo.ac/np/images/d/da/Long_Pleated_Skirt_%28White%29_NH_Icon.png
clothing,0d21cdc86e5e899d,https://dodo.ac/np/images/f/f0/Noble_Pants_%28White%29_NH_Icon.png
clothing,0d28c76d7e5792ae,https://dodo.ac/np/images/2/21/Multicolor_Shorts_%28Red%29_NH_Icon.png
clothing,0d4f559e54f0144d,https://dodo.ac/np/images/f/f8/Pom_Casquette_%28White%29_NH_Icon.png
clothing,0d674ed5dd4005cb,https://dodo.ac/np/images/0/04/Long-Underwear_Set_%28White%29_NH_Icon.png
clothing,0ddf1eadd4df78e2,https://dodo.ac/np/images/6/67/Flashy_Jacket_%28White%29_NH_Icon.png
clothing,0df0c55a915913fd,https://dodo.ac/np/images/1/13/Silk_Pants_%28Black%29_NH_Icon.png
clothing,0e0a0c3a441b0c3d,https://dodo.ac/np/images/1/1c/Everyday_Socks_%28White%29_NH_Icon.png
clothing,0e2639482ab5b2c5,https://dodo.ac/np/images/a/ae/Aran-Knit_Socks_%28White%29_NH_Icon.png
clothing,0e64dc9abc4b8f80,https://dodo.ac/np/images/0/0a/Draped_Skirt_%28Gray%29_NH_Icon.png
clothing,0e66101a327563bd,https://dodo.ac/np/images/5/52/Mage%27s_Robe_%28Black%29_NH_Icon.png
clothing,0e6e4d391cdf45a4,https://dodo.ac/np/images/c/c9/Rain_Pants_%28Black%29_NH_Icon.png
clothing,0ebc3f565f56a98d,https://dodo.ac/np/images/8/81/Cycling_Cap_%28Blue%29_NH_Icon.png
clothing,0ee08cb28143020e,https://dodo.ac/np/images/b/bd/Polka-Dot_Miniskirt_%28Gray%29_NH_Icon.png
clothing,0f20b521e817d56f,https://dodo.ac/np/images/6/63/Town_Backpack_%28Red%29_NH_Icon.png
clothing,0f3886584541a59b,https://dodo.ac/np/images/9/9c/Jack%27s_Robe_NH_Icon.png
clothing,0f6039e6b12a91c6,https://dodo.ac/np/images/3/3d/Layered_Polo_Shirt_%28Blue%29_NH_Icon.png
clothing,0f8360c0e5040281,https://dodo.ac/np/images/2/2d/Gothic_Headdress_%28Black%29_NH_Icon.png
clothing,0fce7b5570c0bdff,https://dodo.ac/np/images/d/d4/Stagehand_Hat_NH_Icon.png
clothing,0fddbcda9e774099,https://dodo.ac/np/images/c/c3/Squared_Browline_Glasses_%28Gray%29_NH_Icon.png
clothing,0fe3ffa04d303793,https://dodo.ac/np/images/5/52/Steampunk_Glasses_%28Green%29_NH_Icon.png
clothing,0fe6b01384c78b2b,https://dodo.ac/np/images/5/54/Inkling_Head_NH_Icon.png
clothing,1013adb4e37048b4,https://dodo.ac/np/images/5/50/Faux-Shearling_Coat_%28Gray%29_NH_Icon.png
clothing,101dce93e92cfd86,https://dodo.ac/np/images/1/1d/Cool_Hyacinth_Crown_NH_Icon.png
clothing,1080523aec83b9ff,https://dodo.ac/np/images/4/45/Frugal_Dress_%28Green%29_NH_Icon.png
clothing,108fda93004b464b,https://dodo.ac/np/images/f/ff/Silk_Hat_%28Black%29_NH_Icon.png
clothing,10c8930d213d0acc,https://dodo.ac/np/images/b/b8/Trekking_Shoes_%28White%29_NH_Icon.png
clothing,10e8660cc9e61720,https://dodo.ac/np/images/d/dd/Alpinist_Dress_%28Red%29_NH_Icon.png
clothing,113ce7c33f660538,https://dodo.ac/np/images/e/ec/Sea_Hanten_Shirt_%28Blue%29_NH_Icon.png
clothing,11492ee32d26e23f,https://dodo.ac/np/images/e/e2/Pineapple_Aloha_Shirt_%28Red%29_NH_Icon.png
clothing,11982244c198d3bb,https://dodo.ac/np/images/7/71/Vampire_Costume_%28Black%29_NH_Icon.png
clothing,11c1d46388ec1ff7,https://dodo.ac/np/images/5/56/Denim_Painter%27s_Pants_%28Navy_Blue%29_NH_Icon.png
clothing,11fd3758278531fe,https://dodo.ac/np/images/1/1e/Oilskin_Coat_%28Gray%29_NH_Icon.png
clothing,1224f5c599a337d5,https://dodo.ac/np/images/6/64/Long_Denim_Skirt_%28Blue%29_NH_Icon.png
clothing,123080db242cc9c6,https://dodo.ac/np/images/6/62/Coin_Headpiece_NH_Icon.png
clothing,1234402bf02f7d11,https://dodo.ac/np/images/f/f8/Fedora_%28White%29_NH_Icon.png
clothing,12772f74f2ff0a47,https://dodo.ac/np/images/c/cf/Fish-Print_Tee_NH_Icon.png
clothing,127ac03c1c4995f6,https://dodo.ac/np/images/0/0e/Doublet_%28Black%29_NH_Icon.png
clothing,12a50e83ed461bed,https://dodo.ac/np/images/9/91/Everyday_Tights_%28White%29_NH_Icon.png
clothing,12cf7efed548c0a8,https://dodo.ac/np/images/c/c0/Cinnamoroll_Jacket_NH_Icon.png
clothing,12e32fdeae6033d5,https://dodo.ac/np/images/e/e0/Cherry_Dress_NH_Icon.png
clothing,133b6eb3c4df5381,https://dodo.ac/np/images/b/bc/Labelle_Sneakers_%28Midnight%29_NH_Icon.png
clothing,135d27132d7ee1b0,https://dodo.ac/np/images/1/13/Crossbody_Boston_Bag_%28Red%29_NH_Icon.png
clothing,137fe6a108de5d58,https://dodo.ac/np/images/a/a8/Tiered_Skirt_%28Purple%29_NH_Icon.png
clothing,13d44ce3d983f261,https://dodo.ac/np/images/1/14/Earbuds_Combo_%28Yellow%29_NH_Icon.png
clothing,13f68e1f4aceb1a4,https://dodo.ac/np/images/0/04/Pineapple_Cap_NH_Icon.png
clothing,141306f9ccc0cf8d,https://dodo.ac/np/images/5/58/Slip-On_Loafers_%28White%29_NH_Icon.png
clothing,149345a2c8df9580,https://dodo.ac/np/images/4/4f/Fish_Umbrella_NH_Icon.png
clothing,14d51e7b0f6c1f05,https://dodo.ac/np/images/2/2e/Folk-Dance_Outfit_NH_Icon.png
clothing,14f18add0040fad5,https://dodo.ac/np/images/d/d7/Lily_Crown_NH_Icon.png
clothing,15679f073be6ce22,https://dodo.ac/np/images/7/74/Mage%27s_Dress_%28White%29_NH_Icon.png
clothing,159813ca3127e699,https://dodo.ac/np/images/9/94/Crossbody_Bag_%28White%29_NH_Icon.png
clothing,15bcf38f243e1167,https://dodo.ac/np/images/0/04/Raggedy_Outfit_%28White%29_NH_Icon.png
clothing,1638c56f979dcc8d,https://dodo.ac/np/images/f/f1/Puffy-Sleeve_Blouse_%28Pink%29_NH_Icon.png
clothing,164072e4f12ab421,https://dodo.ac/np/images/6/64/Wide_Chino_Pants_%28Gray%29_NH_Icon.png
clothing,1657dfb86fc825d8,https://dodo.ac/np/images/2/2f/Thick-Stripes_Shirt_%28Navy_%26_Gray%29_NH_Icon.png
clothing,176fc7e0a1ac73ba,https://dodo.ac/np/images/1/14/Sleeveless_Parka_%28Black%29_NH_Icon.png
clothing,17a97c740c88ce9c,https://dodo.ac/np/images/c/cf/Dreamy_Pants_%28Pink%29_NH_Icon.png
clothing,17e239938f2e451d,https://dodo.ac/np/images/c/c7/Straw_Umbrella_Hat_NH_Icon.png
clothing,1813fdb274ea7d20,https://dodo.ac/np/images/3/3d/Mario_%27Stache_NH_Icon.png
clothing,1818a44d745e0632,https://dodo.ac/np/images/e/ea/Hand-Knit_Pouch_%28Green%29_NH_Icon.png
clothing,182825995a9876de,https://dodo.ac/np/images/e/ef/Balloon_Hat_%28Orange%29_NH_Icon.png
clothing,18494992f5291711,https://dodo.ac/np/images/e/e3/Tweed_Cap_%28Green%29_NH_Icon.png
clothing,1874477819d65d82,https://dodo.ac/np/images/6/62/Frugal_Hat_%28Green%29_NH_Icon.png
clothing,1890e4a0f0429ae4,https://dodo.ac/np/images/b/b3/Tailcoat_%28White%29_NH_Icon.png
clothing,18b5f47ef540e36e,https://dodo.ac/np/images/f/f5/Prom_Tiara_%28Silver%29_NH_Icon.png
clothing,18d3c675373c07cf,https://dodo.ac/np/images/b/b2/Dotted_Raincoat_%28Gray%29_NH_Icon.png
clothing,194ff06a03aa78bf,https://dodo.ac/np/images/8/84/Kabuki-Actor_Yukata_%28Gray%29_NH_Icon.png
clothing,1a1f3de4e9ed4977,https://dodo.ac/np/images/4/47/Academy_Uniform_%28Gray%29_NH_Icon.png
clothing,1a6f471ca6ab1870,https://dodo.ac/np/images/b/bc/Logo_Tote_Bag_%28Gray%29_NH_Icon.png
clothing,1aac6bd491bc82bc,https://dodo.ac/np/images/3/30/Tweed_Vest_%28Red%29_NH_Icon.png
clothing,1aacd6e9222b1c1c,https://dodo.ac/np/images/e/e6/Sweatpants_%28Gray%29_NH_Icon.png
clothing,1af1a32c7b9bc494,https://dodo.ac/np/images/1/1e/Sunflower_Crown_NH_Icon.png
clothing,1af50d4121f18b37,https://dodo.ac/np/images/c/c0/Faux-Hair_Sweater_%28White%29_NH_Icon.png
clothing,1af60ff93398017c,https://dodo.ac/np/images/c/c8/Wood-Egg_Outfit_NH_Icon.png
clothing,1b12aed2c76aa7f0,https://dodo.ac/np/images/e/e2/Neon_Leggings_%28Pink%29_NH_Icon.png
clothing,1b5a05592371a2bb,https://dodo.ac/np/images/7/7a/Striped_Shorts_%28Red%29_NH_Icon.png
clothing,1b8b57a8d41950d7,https://dodo.ac/np/images/3/38/Fuzzy_Vest_%28Red%29_NH_Icon.png
clothing,1bde270d4416a660,https://dodo.ac/np/images/6/6f/Rubber_Apron_%28White%29_NH_Icon.png
clothing,1be68a685f7a4d82,https://dodo.ac/np/images/f/fd/Lively_Plaid_Dress_NH_Icon.png
clothing,1bed78c85fc6c7f2,https://dodo.ac/np/images/b/b7/Butterfly_Backpack_NH_Icon.png
clothing,1c20a797fb3ac01c,https://dodo.ac/np/images/6/63/Corduroy_Skirt_%28Light_Gray%29_NH_Icon.png
clothing,1c3e476738458f1c,https://dodo.ac/np/images/2/21/Eggy_Parasol_NH_Icon.png
clothing,1c7dbc0b152b4445,https://dodo.ac/np/images/f/ff/Cherry-Blossom_Umbrella_NH_Icon.png
clothing,1c9b71508d4a3959,https://dodo.ac/np/images/6/6a/Chef%27s_Hat_NH_Icon.png
clothing,1cbe3a2f42b1c6b7,https://dodo.ac/np/images/1/12/Glowing-Moss_Hood_NH_Icon.png
clothing,1cd21fb835e9e0fd,https://dodo.ac/np/images/5/5e/Rounded_Beard_NH_Icon.png
clothing,1d0022eb7d9cfd6a,https://dodo.ac/np/images/8/85/Worn-Out_Cutoffs_%28Light_Blue%29_NH_Icon.png
clothing,1d045d3964797b4e,https://dodo.ac/np/images/1/19/Fairy-Tale_Umbrella_NH_Icon.png
clothing,1d162d24bb555cce,https://dodo.ac/np/images/f/f6/Skeleton_Hood_NH_Icon.png
clothing,1d3754bd8cdaf96c,https://dodo.ac/np/images/8/84/Boa_Parka_%28Gray%29_NH_Icon.png
clothing,1d4a39c729d0fc68,https://dodo.ac/np/images/4/48/Chef%27s_Outfit_%28Black%29_NH_Icon.png
clothing,1db4bff9ddff1a4a,https://dodo.ac/np/images/d/d1/After-School_Jacket_%28Black%29_NH_Icon.png
clothing,1e5a7a080ce2889d,https://dodo.ac/np/images/d/d5/Swimming_Cap_%28White%29_NH_Icon.png
clothing,1e5f66dc8ae6b92e,https://dodo.ac/np/images/e/e0/Kanji_Tee_%28Green%29_NH_Icon.png
clothing,1eb61dc52176a322,https://dodo.ac/np/images/4/4b/Camo_Umbrella_NH_Icon.png
clothing,1ecc3bc262f0a9b1,https://dodo.ac/np/images/0/0e/Pirate_Boots_NH_Icon.png
clothing,1f3f963d85d8d114,https://dodo.ac/np/images/5/5d/Suit_of_Lights_%28Black%29_NH_Icon.png
clothing,1f438198b0b0fff3,https://dodo.ac/np/images/3/36/Acid-Washed_Jeans_%28Black%29_NH_Icon.png
clothing,1f456b2446468d60,https://dodo.ac/np/images/e/ed/Spacey_Backpack_%28Pink%29_NH_Icon.png
clothing,1f6dadf861947497,https://dodo.ac/np/images/5/54/Glass-Bottle_Glasses_NH_Icon.png
clothing,1f7396d9a3371320,https://dodo.ac/np/images/5/59/Nook_Inc._Sweater_NH_Icon.png
clothing,1f847d2ca209b574,https://dodo.ac/np/images/6/64/Two-Tone_Umbrella_NH_Icon.png
clothing,1fa6e5cfe09a5c9f,https://dodo.ac/np/images/2/2f/Animal-Print_Coat_%28Pink%29_NH_Icon.png
clothing,1fc16be395c694f1,https://dodo.ac/np/images/4/48/Boa_Blouson_%28White%29_NH_Icon.png
clothing,1fc850ebef4f3fa2,https://dodo.ac/np/images/f/f0/Long_Pleather_Coat_%28Black%29_NH_Icon.png
clothing,1fddd34f9c1bd521,https://dodo.ac/np/images/e/eb/Apparel-Shop_Paper_Bag_%28Pink%29_NH_Icon.png
clothing,1fdf56dff909f6ce,https://dodo.ac/np/images/a/ae/Long_Down_Coat_%28White%29_NH_Icon.png
clothing,1ffd9cfc64f2959f,https://dodo.ac/np/images/3/34/Ballet_Outfit_%28White%29_NH_Icon.png
clothing,2001670e30b57dfa,https://dodo.ac/np/images/7/71/Chick_Tee_NH_Icon.png
clothing,202537b0c27168a6,https://dodo.ac/np/images/7/75/Gown_Coat_%28Black%29_NH_Icon.png
clothing,202aabd1dedb45b8,https://dodo.ac/np/images/1/12/Hylian_Boots_NH_Icon.png
clothing,206aaaf2c710d120,https://dodo.ac/np/images/0/06/Masquerade_Mask_%28Black%29_NH_Icon.png
clothing,20a9972d988a3593,https://dodo.ac/np/images/8/8e/Tee_with_Silicone_Bib_%28Baby_Pink%29_NH_Icon.png
clothing,20b9f5874d09752c,https://dodo.ac/np/images/2/26/Space_Helmet_NH_Icon.png
clothing,2127ee1afceaa18b,https://dodo.ac/np/images/6/6a/Spider_Umbrella_NH_Icon.png
clothing,2171bc7e1c6fcc61,https://dodo.ac/np/images/3/3c/Jogging_Shorts_%28Black%29_NH_Icon.png
clothing,217369257b0adfcc,https://dodo.ac/np/images/9/97/Plover_Skirt_%28Black%29_NH_Icon.png
clothing,2227171c53f80303,https://dodo.ac/np/images/5/59/Sweetheart_Tank_and_Shirt_%28Gray%29_NH_Icon.png
clothing,2275d59e830d245f,https://dodo.ac/np/images/4/46/Fishing_Vest_%28Black%29_NH_Icon.png
clothing,22874559a7dd6f4c,https://dodo.ac/np/images/d/d8/Astro_Dress_%28Pink%29_NH_Icon.png
clothing,22965a7da0d0b1d4,https://dodo.ac/np/images/c/c4/Pear_Umbrella_NH_Icon.png
clothing,22f061b143646571,https://dodo.ac/np/images/9/98/Blue_Hotel_Tee_NH_Icon.png
clothing,22f2b896a2f430ad,https://dodo.ac/np/images/4/47/Acid-Washed_Jacket_%28Black%29_NH_Icon.png
clothing,22fc5a9bf1abf85b,https://dodo.ac/np/images/a/ad/Mineru_Costume_NH_Icon.png
clothing,2334187533885041,https://dodo.ac/np/images/c/c9/Wedding_Pumps_NH_Icon.png
clothing,2372fc621e9aff21,https://dodo.ac/np/images/f/ff/Camper_Tee_NH_Icon.png
clothing,237a77087739c01c,https://dodo.ac/np/images/8/8e/Retro_Coat_%28Red%29_NH_Icon.png
clothing,23e66c206d3a552b,https://dodo.ac/np/images/3/33/Superhero_Mask_NH_Icon.png
clothing,23fcdc724857f9d3,https://dodo.ac/np/images/2/23/Cropped_Pants_%28White%29_NH_Icon.png
clothing,24537178f765a6a2,https://dodo.ac/np/images/0/02/Bath-Towel_Wrap_%28White%29_NH_Icon.png
clothing,245a21012e378539,https://dodo.ac/np/images/5/54/Sombrero_%28Red%29_NH_Icon.png
clothing,248b96b0db4e5846,https://dodo.ac/np/images/a/a3/Wrestling_Mask_%28Black%29_NH_Icon.png
clothing,24cbfc4020aadc48,https://dodo.ac/np/images/e/ee/Snowy_Knit_Cap_%28White%29_NH_Icon.png
clothing,2525a10a497624e5,https://dodo.ac/np/images/4/48/Rainbow_Sweater_%28White%29_NH_Icon.png
clothing,255180ca906d43a3,https://dodo.ac/np/images/7/7e/Athletic_Pants_%28Black%29_NH_Icon.png
clothing,2558611d2a3172a0,https://dodo.ac/np/images/d/db/Stellar_Jumpsuit_%28Dark_Red%29_NH_Icon.png
clothing,258cb6e44acc2509,https://dodo.ac/np/images/4/48/Pompadour_Wig_NH_Icon.png
clothing,2592ee173dada678,https://dodo.ac/np/images/4/47/Inkling_Shorts_NH_Icon.png
clothing,25abc3d4530fbe4b,https://dodo.ac/np/images/c/c6/Tam-o%27-Shanter_%28Gray%29_NH_Icon.png
clothing,25b714b279f31527,https://dodo.ac/np/images/f/f8/Labelle_Coat_%28Midnight%29_NH_Icon.png
clothing,261d290c640ee454,https://dodo.ac/np/images/a/a4/Gold-Print_Tee_%28White%29_NH_Icon.png
clothing,26347bdf4c92dde1,https://dodo.ac/np/images/f/f5/Madras_Plaid_Shirt_%28Gray%29_NH_Icon.png
clothing,264c9a1587996d75,https://dodo.ac/np/images/b/b4/Apron_%28Gray%29_NH_Icon.png
clothing,2653d35465b8c243,https://dodo.ac/np/images/c/cd/Bicycle_Helmet_%28Red%29_NH_Icon.png
clothing,268c882753aca8d8,https://dodo.ac/np/images/6/6c/Apple_Dress_NH_Icon.png
clothing,269243a8094a4c6b,https://dodo.ac/np/images/2/2c/Wide-Brim_Straw_Hat_%28White%29_NH_Icon.png
clothing,26ad56280631a5d4,https://dodo.ac/np/images/c/c8/Semi-Opaque_Socks_%28Red%29_NH_Icon.png
clothing,26de30a921714c53,https://dodo.ac/np/images/4/46/Cargo_Shorts_%28Camel%29_NH_Icon.png
clothing,26e82065f13d9962,https://dodo.ac/np/images/4/45/Dark_Tulip_Crown_NH_Icon.png
clothing,2701906e42939852,https://dodo.ac/np/images/c/c0/Babouches_%28Gray%29_NH_Icon.png
clothing,2712aeec1b5aa53b,https://dodo.ac/np/images/a/a2/Lace_Socks_%28White%29_NH_Icon.png
clothing,276ff536fc71dace,https://dodo.ac/np/images/4/41/Water-Egg_Shell_NH_Icon.png
clothing,2773a81908c19fc8,https://dodo.ac/np/images/2/24/Oversized_Print_Dress_%28Pink%29_NH_Icon.png
clothing,27bca6a4f77a6442,https://dodo.ac/np/images/1/14/Gold_Rose_Crown_NH_Icon.png
clothing,27c1ee6f1221f7a9,https://dodo.ac/np/images/8/87/Anorak_Jacket_%28Red%29_NH_Icon.png
clothing,285b8ec06c622e34,https://dodo.ac/np/images/e/e2/Rumba_Costume_%28Red%29_NH_Icon.png
clothing,2873d60b6987fad1,https://dodo.ac/np/images/b/be/Sky-Egg_Shell_NH_Icon.png
clothing,287f5083d5601d23,https://dodo.ac/np/images/d/d1/Tropical_Hat_%28White%29_NH_Icon.png
clothing,288958cb7caecf1a,https://dodo.ac/np/images/8/84/Striped_Tights_%28Gray%29_NH_Icon.png
clothing,28a81cd34467f2c8,https://dodo.ac/np/images/a/a4/Colorful_Skirt_%28Red%29_NH_Icon.png
clothing,28e9d9f52463f8f1,https://dodo.ac/np/images/3/3d/Steel-Toed_Boots_%28Gray%29_NH_Icon.png
clothing,290152d50aa35c5c,https://dodo.ac/np/images/0/01/Green_Grass_Skirt_NH_Icon.png
clothing,2932e14cde37a954,https://dodo.ac/np/images/a/aa/Simple-Dots_Dress_%28Black%29_NH_Icon.png
clothing,2978ed4fea01c8d5,https://dodo.ac/np/images/b/b7/Takoroka_Nylon_Vintage_NH_Icon.png
clothing,29874ad900b3322d,https://dodo.ac/np/images/0/0d/Orange_Hotel_Aloha_Shirt_NH_Icon.png
clothing,299775e80632e087,https://dodo.ac/np/images/4/4f/V-Neck_Sweater_%28Black%29_NH_Icon.png
clothing,29cc38830de7fa42,https://dodo.ac/np/images/4/45/Birthday_Shades_%28Red%29_NH_Icon.png
clothing,29e3342d060adf1b,https://dodo.ac/np/images/e/ee/College_Cardigan_%28White%29_NH_Icon.png
clothing,2a0e6cd2e9c4a9cb,https://dodo.ac/np/images/4/48/Hibiscus_Muumuu_%28Red%29_NH_Icon.png
clothing,2a4abfc363aa6cd0,https://dodo.ac/np/images/1/16/Camo_Bomber-Style_Jacket_%28Green%29_NH_Icon.png
clothing,2a5521e0622fc521,https://dodo.ac/np/images/0/03/Judogi_%28White%29_NH_Icon.png
clothing,2a6243fc6c361f6b,https://dodo.ac/np/images/8/8e/Hibiscus_Hairpin_%28White%29_NH_Icon.png
clothing,2a970032199eef98,https://dodo.ac/np/images/1/15/Slip-On_Sandals_%28Black%29_NH_Icon.png
clothing,2a9b47e1e52e9ba6,https://dodo.ac/np/images/f/fb/Labelle_Pumps_%28Midnight%29_NH_Icon.png
clothing,2ae7e1e41d5af730,https://dodo.ac/np/images/9/9a/Belted_Dotted_Dress_%28Pink%29_NH_Icon.png
clothing,2b8601ee0dc97296,https://dodo.ac/np/images/c/c5/Chima_Jeogori_%28Red%29_NH_Icon.png
clothing,2bbdab9370a21f90,https://dodo.ac/np/images/b/bf/Basketball_Tank_%28Black%29_NH_Icon.png
clothing,2bbfd3b0c2827589,https://dodo.ac/np/images/5/5c/Cucumber_Pack_NH_Icon.png
clothing,2bf96c590f790a3d,https://dodo.ac/np/images/f/fa/Lovely_Cosmos_Crown_NH_Icon.png
clothing,2c3b18cfa8e575e5,https://dodo.ac/np/images/a/ae/Sailor-Style_Shirt_%28White%29_NH_Icon.png
clothing,2c5a490e359bb5ac,https://dodo.ac/np/images/3/38/Stockings_%28White%29_NH_Icon.png
clothing,2cbed22cdba80de9,https://dodo.ac/np/images/b/be/Hula_Top_%28Red%29_NH_Icon.png
clothing,2cc51d08a83526c6,https://dodo.ac/np/images/c/cc/Combat_Helmet_%28Brown%29_NH_Icon.png
clothing,2cce49b5bca6f3fd,https://dodo.ac/np/images/7/77/Rainbow_Umbrella_NH_Icon.png
clothing,2d091ca4dfb9b106,https://dodo.ac/np/images/c/c0/Ninja_Hood_%28Dark_Blue%29_NH_Icon.png
clothing,2d9987070b77adc6,https://dodo.ac/np/images/a/af/Leaf_NH_Icon.png
clothing,2d9c3223a9b6d10b,https://dodo.ac/np/images/8/83/Peach_Dress_NH_Icon.png
clothing,2da39962a3ebd3b1,https://dodo.ac/np/images/3/3b/Dreamy_Backpack_%28Pink%29_NH_Icon.png
clothing,2e027472dc01d2b4,https://dodo.ac/np/images/f/f2/Ballroom_Mask_%28White%29_NH_Icon.png
clothing,2e7438809781ac61,https://dodo.ac/np/images/f/f8/Kilt_%28Black%29_NH_Icon.png
clothing,2e9543aca3268f64,https://dodo.ac/np/images/f/f0/Cherry_Umbrella_NH_Icon.png
clothing,2e9e2931f951f5f9,https://dodo.ac/np/images/8/86/Magic-Academy_Robe_%28White%29_NH_Icon.png
clothing,2eac36702daf3d8f,https://dodo.ac/np/images/2/2c/Imp_Hood_%28Black%29_NH_Icon.png
clothing,2eb5be5939fff296,https://dodo.ac/np/images/2/22/Gumdrop_Shoulder_Bag_%28Pop%29_NH_Icon.png
clothing,2ec50ac323fbcf34,https://dodo.ac/np/images/e/e5/Shellfish_Pochette_NH_Icon.png
clothing,2f79d0ae063bb17d,https://dodo.ac/np/images/6/63/Cinnamoroll_Sneakers_NH_Icon.png
clothing,2fec781237ab2b69,https://dodo.ac/np/images/7/71/Desert-Princess_Outfit_%28Pink%29_NH_Icon.png
clothing,30ce95413356ab01,https://dodo.ac/np/images/f/ff/Pom-Pom_Boots_%28Black%29_NH_Icon.png
clothing,30d43583d0fda54f,https://dodo.ac/np/images/e/e5/Impish_Wings_%28White%29_NH_Icon.png
clothing,30f8b9f3c4d2b9e4,https://dodo.ac/np/images/f/f7/Open_Track_Jacket_%28Black%29_NH_Icon.png
clothing,3120bf7207276ee6,https://dodo.ac/np/images/7/7f/Cozy_Paradise_Planning_Coat_NH_Icon.png
clothing,313c3a88958b4137,https://dodo.ac/np/images/0/06/Compression_Tights_%28Red%29_NH_Icon.png
clothing,314697f3af9122a1,https://dodo.ac/np/images/b/b9/Bunny_Dress_%28White%29_NH_Icon.png
clothing,315d7fda29edac3f,https://dodo.ac/np/images/8/87/Quilted_Jacket_%28Pink%29_NH_Icon.png
clothing,317d9ec409c25a7e,https://dodo.ac/np/images/3/31/Pineapple_Dress_NH_Icon.png
clothing,318b411d62aaaf42,https://dodo.ac/np/images/5/52/Track_Jacket_%28White%29_NH_Icon.png
clothing,3193f1da57762bc2,https://dodo.ac/np/images/6/62/Flower-Print_Eco_Bag_NH_Icon.png
clothing,31f4306e99c16a4b,https://dodo.ac/np/images/1/1c/Track_Pants_%28White%29_NH_Icon.png
clothing,31fbed804fb5843c,https://dodo.ac/np/images/1/1b/Pixel_Shades_%28Black%29_NH_Icon.png
clothing,3224a6270dc58eec,https://dodo.ac/np/images/4/40/Bandage_NH_Icon.png
clothing,3243f9ef996403f4,https://dodo.ac/np/images/c/cb/Rose_Crown_NH_Icon.png
clothing,32660c8b2dffb33f,https://dodo.ac/np/images/1/16/Samurai_Wig_NH_Icon.png
clothing,3295384e19906e7d,https://dodo.ac/np/images/e/ea/Retro_Dress_%28Black%29_NH_Icon.png
clothing,32ad22de86840be6,https://dodo.ac/np/images/6/6a/Earth-Egg_Shell_NH_Icon.png
clothing,32c5e69a061ef116,https://dodo.ac/np/images/0/05/Botanical-Print_Backpack_%28Black%29_NH_Icon.png
clothing,32cd0af11e120c95,https://dodo.ac/np/images/a/a0/Lace-Up_Boots_%28White%29_NH_Icon.png
clothing,32e41004c898a31d,https://dodo.ac/np/images/c/cf/Jumper_Work_Suit_%28Black%29_NH_Icon.png
clothing,32f1535edcfafd2e,https://dodo.ac/np/images/2/2c/Hi-Tech_Sneakers_%28Pink%29_NH_Icon.png
clothing,335389cb3a7d9d18,https://dodo.ac/np/images/c/c4/Soccer_Shorts_%28White%29_NH_Icon.png
clothing,339a4341329a8119,https://dodo.ac/np/images/4/49/Denim_Vest_%28Navy_Blue%29_NH_Icon.png
clothing,33a3d6f7d1589397,https://dodo.ac/np/images/4/45/Straw_Hat_%28Red%29_NH_Icon.png
clothing,3423b1a0aff86963,https://dodo.ac/np/images/4/4e/Garter_Socks_%28White%29_NH_Icon.png
clothing,344ec4956bf42378,https://dodo.ac/np/images/b/be/Conductor%27s_Jacket_%28Blue%29_NH_Icon.png
clothing,3468ba432840418b,https://dodo.ac/np/images/a/a2/Satchel_%28Black%29_NH_Icon.png
clothing,34754eb8676ee013,https://dodo.ac/np/images/7/7d/Short_Peacoat_%28Gray%29_NH_Icon.png
clothing,347e932469907d21,https://dodo.ac/np/images/5/52/Gold-Armor_Shoes_NH_Icon.png
clothing,348516909a5179c1,https://dodo.ac/np/images/4/48/Old-School_Jacket_%28Red%29_NH_Icon.png
clothing,34b7d2f56ed958e4,https://dodo.ac/np/images/f/f5/Sprite_Costume_%28Red%29_NH_Icon.png
clothing,34e63c8eddfc5ea2,https://dodo.ac/np/images/3/38/Tweed_Dress_%28Pink%29_NH_Icon.png
clothing,34f40ac2a6b37110,https://dodo.ac/np/images/1/17/Hakama_%28Green%29_NH_Icon.png
clothing,34f9eaf66d03e76a,https://dodo.ac/np/images/a/a1/Blue_Dot_Parasol_NH_Icon.png
clothing,3514a2465df5a11d,https://dodo.ac/np/images/0/04/School_Pants_%28Black%29_NH_Icon.png
clothing,353d396aa6526b26,https://dodo.ac/np/images/b/ba/Bear_Tee_NH_Icon.png
clothing,3584e6d4c324d411,https://dodo.ac/np/images/e/e6/Ornament_Crown_NH_Icon.png
clothing,35a894c847a20190,https://dodo.ac/np/images/8/8c/Wood-Egg_Shell_NH_Icon.png
clothing,35e430266247c239,https://dodo.ac/np/images/4/45/Paradise_Planning_Tank_Top_NH_Icon.png
clothing,35f37e84ae4f566f,https://dodo.ac/np/images/b/b6/Top_Hat_%28White%29_NH_Icon.png
clothing,360d8d322fadf929,https://dodo.ac/np/images/b/b0/Career_Jacket_%28Gray%29_NH_Icon.png
clothing,361d25bfc6140170,https://dodo.ac/np/images/8/8e/Kung-Fu_Tee_%28White%29_NH_Icon.png
clothing,36601aa1d66d5eaa,https://dodo.ac/np/images/8/82/Dress_Shirt_%28White%29_NH_Icon.png
clothing,3661083d7bdf8d7a,https://dodo.ac/np/images/c/c9/Robot_Hero_Tee_%28Black%29_NH_Icon.png
clothing,366f55f785465ac9,https://dodo.ac/np/images/6/6b/Nylon_Jacket_%28Black%29_NH_Icon.png
clothing,369a46a87e9f8709,https://dodo.ac/np/images/d/da/Edo-Period_Merchant_Outfit_%28Dark_Blue%29_NH_Icon.png
clothing,36bb18ebf03c1149,https://dodo.ac/np/images/7/79/Coverall_Coat_%28Red%29_NH_Icon.png
clothing,36cff1bb82075143,https://dodo.ac/np/images/c/c8/Zap_Helmet_%28Red%29_NH_Icon.png
clothing,36dd567ae18dda6c,https://dodo.ac/np/images/6/65/Logo_Umbrella_NH_Icon.png
clothing,3729543b15a6e951,https://dodo.ac/np/images/2/2a/Pleather_Mask_NH_Icon.png
clothing,3748d64e3669a875,https://dodo.ac/np/images/1/1e/Printed-Sleeve_Sweater_%28White%29_NH_Icon.png
clothing,37663d21954329d9,https://dodo.ac/np/images/e/e9/Dog_Nose_%28White%29_NH_Icon.png
clothing,377b69b1594ffc82,https://dodo.ac/np/images/d/d8/Cold-Country_Bunad_%28Red%29_NH_Icon.png
clothing,3783b200a8a9e2dc,https://dodo.ac/np/images/1/18/Visual-Punk_Dress_NH_Icon.png
clothing,37aaf5ba24978835,https://dodo.ac/np/images/a/a3/Nook_Inc._Slippers_NH_Icon.png
clothing,37c2ab58a0a7b89d,https://dodo.ac/np/images/8/82/Impish_Costume_%28Black%29_NH_Icon.png
clothing,37c2b0127c5d7670,https://dodo.ac/np/images/6/6a/Palatial_Tank_Dress_NH_Icon.png
clothing,37e7743a26a4835c,https://dodo.ac/np/images/d/dc/Embroidered_Tank_%28Red%29_NH_Icon.png
clothing,37f274aa220ebcfc,https://dodo.ac/np/images/4/48/Baby-Chick_Costume_%28Yellow%29_NH_Icon.png
clothing,37fda2865a9ffed7,https://dodo.ac/np/images/e/e9/Cool_Pansy_Crown_NH_Icon.png
clothing,382a73f09c6259d8,https://dodo.ac/np/images/f/f3/Shiromuku_NH_Icon.png
clothing,3859fc4ca1f89034,https://dodo.ac/np/images/e/e3/Alpinist_Hat_%28Red%29_NH_Icon.png
clothing,385ec3c8f569e01e,https://dodo.ac/np/images/f/fc/Comfy_Sandals_%28White%29_NH_Icon.png
clothing,3869e6fa901e4e55,https://dodo.ac/np/images/6/64/House_Slippers_%28Gray%29_NH_Icon.png
clothing,387111dc0ad4e9f7,https://dodo.ac/np/images/a/a9/Triangle_Shades_%28White%29_NH_Icon.png
clothing,387780a2009336d7,https://dodo.ac/np/images/5/51/Boa_Skirt_%28Red%29_NH_Icon.png
clothing,389514e52e661f23,https://dodo.ac/np/images/0/09/Star_Hairpin_%28Black%29_NH_Icon.png
clothing,38c5a7e523acb321,https://dodo.ac/np/images/4/4e/Santa_Coat_NH_Icon.png
clothing,38d5fc367c3454d0,https://dodo.ac/np/images/d/d4/Frilly_Sweatpants_%28Gray%29_NH_Icon.png
clothing,38e34f79cbea612c,https://dodo.ac/np/images/e/eb/Printed_Fleece_Sweater_%28Green%29_NH_Icon.png
clothing,38ef8928ef1612f7,https://dodo.ac/np/images/9/93/Comedian%27s_Outfit_%28White%29_NH_Icon.png
clothing,38fbb455ff88351a,https://dodo.ac/np/images/e/ef/Hello_Kitty_Shoes_NH_Icon.png
clothing,3917ec686e1d58c5,https://dodo.ac/np/images/5/56/Dance_Shoes_%28Silver%29_NH_Icon.png
clothing,393abef64667bda7,https://dodo.ac/np/images/f/fb/A_Tee_NH_Icon.png
clothing,39a8f110dfb85249,https://dodo.ac/np/images/b/bf/Black_Lace_Umbrella_NH_Icon.png
clothing,39b013658791e5ff,https://dodo.ac/np/images/6/64/Bug_Cage_NH_Icon.png
clothing,3a7752c232586c22,https://dodo.ac/np/images/8/89/Danger_Tank_NH_Icon.png
clothing,3a9b26ed401f8f52,https://dodo.ac/np/images/e/e4/Hallo_Tee_NH_Icon.png
clothing,3aabce8ed387064d,https://dodo.ac/np/images/9/98/Handmade_Cape_NH_Icon.png
clothing,3ab17adb1e1ac8cb,https://dodo.ac/np/images/4/41/Silk_Shirt_%28Black%29_NH_Icon.png
clothing,3ab737b9b4136a17,https://dodo.ac/np/images/8/82/School_Uniform_with_Ribbon_%28Navy_Blue%29_NH_Icon.png
clothing,3aea0b6fbd47d209,https://dodo.ac/np/images/a/a0/Pearl_Skirt_NH_Icon.png
clothing,3aee51a0a7c752ba,https://dodo.ac/np/images/1/1f/Traditional_Suteteko_Pants_%28Red%29_NH_Icon.png
clothing,3afc27dd459612bc,https://dodo.ac/np/images/c/c1/Shattered_Glasses_NH_Icon.png
clothing,3aff4c0dd261cef7,https://dodo.ac/np/images/6/6c/Samurai_Greaves_%28White%29_NH_Icon.png
clothing,3b034e817ee94c94,https://dodo.ac/np/images/a/ac/Orihime_Outfit_NH_Icon.png
clothing,3b1e112d62d37441,https://dodo.ac/np/images/e/ee/Hand-Knit_Socks_%28Orange%29_NH_Icon.png
clothing,3b9e9f87c9be467b,https://dodo.ac/np/images/8/86/Fake_Nose_NH_Icon.png
clothing,3ba302e206f72fbb,https://dodo.ac/np/images/7/7f/Oval_Glasses_%28Black%29_NH_Icon.png
clothing,3ba8e8da253f9605,https://dodo.ac/np/images/c/cf/Royal_Crown_NH_Icon.png
clothing,3bbeeb248f199f8a,https://dodo.ac/np/images/a/a1/Outdoor_Backpack_%28Orange%29_NH_Icon.png
clothing,3bddb1fc5ab38ee5,https://dodo.ac/np/images/5/53/Country_Socks_%28Black_Ribbons%29_NH_Icon.png
clothing,3bf838b11a352316,https://dodo.ac/np/images/1/1a/Hanten_Jacket_%28Green%29_NH_Icon.png
clothing,3c41403123ef714c,https://dodo.ac/np/images/6/68/Champion_Outfit_NH_Icon.png
clothing,3c451aa9158bbd78,https://dodo.ac/np/images/3/37/Athletic_Outfit_%28Red%29_NH_Icon.png
clothing,3c7e791602459003,https://dodo.ac/np/images/a/ac/Reindeer_Costume_NH_Icon.png
clothing,3ca1c94f43f76301,https://dodo.ac/np/images/c/c0/Cosmos_Crown_NH_Icon.png
clothing,3cd0e60b2b5760fb,https://dodo.ac/np/images/4/4a/Rose-Print_Slacks_%28Red_Roses_on_Black%29_NH_Icon.png
clothing,3d27fbe2a5044de2,https://dodo.ac/np/images/d/d5/Cross-Belt_Sandals_%28Gray%29_NH_Icon.png
clothing,3d781538f478270a,https://dodo.ac/np/images/c/c2/Mage%27s_Boots_%28White%29_NH_Icon.png
clothing,3d96fcddcbb5865c,https://dodo.ac/np/images/8/82/Facial_Mask_NH_Icon.png
clothing,3d9fa03bec42f44e,https://dodo.ac/np/images/7/7d/Champion_Wig_NH_Icon.png
clothing,3e10084df357d920,https://dodo.ac/np/images/b/b1/Pear_Dress_NH_Icon.png
clothing,3e17d89def8ecd35,https://dodo.ac/np/images/0/0c/Luigi_Hat_NH_Icon.png
clothing,3e72127b90946c9f,https://dodo.ac/np/images/5/5d/Baby%27s_Hat_%28Baby_Pink%29_NH_Icon.png
clothing,3e77af91f829aba8,https://dodo.ac/np/images/7/73/Security_Uniform_NH_Icon.png
clothing,3e8869892194d0a6,https://dodo.ac/np/images/d/d7/Shop_Uniform_Shirt_%28Blue%29_NH_Icon.png
clothing,3edb8f586029e37e,https://dodo.ac/np/images/a/a0/Sari_%28Garnet%29_NH_Icon.png
clothing,3ede1c746ebb101b,https://dodo.ac/np/images/9/96/Seven-Ball_Tee_NH_Icon.png
clothing,3ee00775a878f466,https://dodo.ac/np/images/a/a5/Energetic_Sweater_%28Pink%29_NH_Icon.png
clothing,3f156755c4d1cdd2,https://dodo.ac/np/images/b/b2/Stone-Egg_Shell_NH_Icon.png
clothing,3f166f4f962dfc3b,https://dodo.ac/np/images/3/31/Long_Denim_Cardigan_%28Yellow%29_NH_Icon.png
clothing,3f56a4d9b1493b30,https://dodo.ac/np/images/0/0f/Spider-Web_Tee_NH_Icon.png
clothing,3f58d55e90be0954,https://dodo.ac/np/images/e/e1/Silk_Floral-Print_Shirt_%28Gray%29_NH_Icon.png
clothing,3f65c70df2d520fc,https://dodo.ac/np/images/e/e3/Noble_Dress_%28White%29_NH_Icon.png
clothing,3fb20d75f8553ad7,https://dodo.ac/np/images/1/16/Worker%27s_Jacket_%28Light_Blue%29_NH_Icon.png
clothing,3fb5ca268d3d9993,https://dodo.ac/np/images/e/ee/Santa_Pants_NH_Icon.png
clothing,402725be290f2b86,https://dodo.ac/np/images/6/63/Dotted_Shower_Cap_%28Pink%29_NH_Icon.png
clothing,402832b7aa7b30a4,https://dodo.ac/np/images/5/52/Plain_Cap_%28Gray%29_NH_Icon.png
clothing,403a5198c5690724,https://dodo.ac/np/images/d/df/Rain_Hat_%28Black%29_NH_Icon.png
clothing,41267deb43dc0ce6,https://dodo.ac/np/images/4/4c/Mariachi_Clothing_%28Red%29_NH_Icon.png
clothing,413e8f1253efe80a,https://dodo.ac/np/images/7/7d/Bottom-Rimmed_Glasses_%28Black%29_NH_Icon.png
clothing,418bb3704804fe84,https://dodo.ac/np/images/4/4c/Marble-Dots_Dress_%28White%29_NH_Icon.png
clothing,41ada5b4fd90371b,https://dodo.ac/np/images/6/64/Traveler%27s_Backpack_%28Orange%29_NH_Icon.png
clothing,41c74dc0558b01b6,https://dodo.ac/np/images/c/cc/Comic_Shorts_NH_Icon.png
clothing,41d41b23b4c61cf2,https://dodo.ac/np/images/c/ce/Jockey%27s_Helmet_%28White%29_NH_Icon.png
clothing,41e1f32482f448bb,https://dodo.ac/np/images/3/3c/Cavalier_Shirt_%28Red%29_NH_Icon.png
clothing,42173012c520ebd5,https://dodo.ac/np/images/2/2a/Bunny_Ears_%28Black%29_NH_Icon.png
clothing,422f849740705463,https://dodo.ac/np/images/6/62/Funny-Face_Socks_%28Black%29_NH_Icon.png
clothing,42397d0a46a36cf8,https://dodo.ac/np/images/a/aa/Kappa_Cap_%28Green%29_NH_Icon.png
clothing,42a4c4d7a2e08a98,https://dodo.ac/np/images/9/9a/Simple_Parka_%28Gray%29_NH_Icon.png
clothing,42b7e5c96025f5be,https://dodo.ac/np/images/b/bd/Tackle_Bag_NH_Icon.png
clothing,42c381853be4c4e6,https://dodo.ac/np/images/5/5f/Doctor%27s_Coat_%28Black_Necktie%29_NH_Icon.png
clothing,434b4d3356e8440c,https://dodo.ac/np/images/d/de/Armor_Shoes_NH_Icon.png
clothing,438a6718ed969a3e,https://dodo.ac/np/images/0/02/Kiwi_Hat_NH_Icon.png
clothing,439df8928f99143b,https://dodo.ac/np/images/d/d6/Puffy_Vest_%28Red%29_NH_Icon.png
clothing,43d389f22d259b02,https://dodo.ac/np/images/d/d6/Leaf-Egg_Outfit_NH_Icon.png
clothing,4422520e836f4ad9,https://dodo.ac/np/images/e/ea/Pirate_Pants_NH_Icon.png
clothing,442a28cb3e035b93,https://dodo.ac/np/images/5/54/Graduation_Gown_%28Red%29_NH_Icon.png
clothing,442cf7e25704889d,https://dodo.ac/np/images/8/87/Snowflake_Umbrella_NH_Icon.png
clothing,4487b7ed810d4c47,https://dodo.ac/np/images/c/c0/DAL_Backpack_NH_Icon.png
clothing,44a572febd4f3625,https://dodo.ac/np/images/8/8b/Raglan_Shirt_%28White%29_NH_Icon.png
clothing,44f034c0b7e7e057,https://dodo.ac/np/images/b/b3/Zen_Hair_Clip_%28Red%29_NH_Icon.png
clothing,44f8406dda8940ba,https://dodo.ac/np/images/9/94/Vivid_Tights_%28Red%29_NH_Icon.png
clothing,450112fc89fb1b5f,https://dodo.ac/np/images/a/a2/Peach_Hat_NH_Icon.png
clothing,452f1f326dc41db1,https://dodo.ac/np/images/2/27/Gelato_Umbrella_NH_Icon.png
clothing,45804ba231544632,https://dodo.ac/np/images/7/79/House-Print_Dress_%28Yellow%29_NH_Icon.png
clothing,458160f6b0760952,https://dodo.ac/np/images/b/ba/Attus_Robe_%28Red%29_NH_Icon.png
clothing,458bf3aead7187fe,https://dodo.ac/np/images/4/4b/Down_Jacket_%28White%29_NH_Icon.png
clothing,45f59d1bc35517d1,https://dodo.ac/np/images/c/c9/Shiver_Top_NH_Icon.png
clothing,461eed72d45fe9e9,https://dodo.ac/np/images/f/ff/Spangle_Shorts_%28Silver%29_NH_Icon.png
clothing,462d07697c7f3517,https://dodo.ac/np/images/f/f5/Fishnet_Tights_%28White%29_NH_Icon.png
clothing,464eb4753f2af0fe,https://dodo.ac/np/images/9/98/Hakama_with_Crest_NH_Icon.png
clothing,46f7a791dc6c8408,https://dodo.ac/np/images/1/13/Starry_Tank_NH_Icon.png
clothing,47669d8e37da6021,https://dodo.ac/np/images/9/9f/Paperboy_Cap_%28Gray%29_NH_Icon.png
clothing,47752484164b6806,https://dodo.ac/np/images/a/a7/Dandy_Hat_%28White%29_NH_Icon.png
clothing,47aa52709e79176c,https://dodo.ac/np/images/d/d1/Elegant_Hat_%28White%29_NH_Icon.png
clothing,4807de225fbb7326,https://dodo.ac/np/images/e/ed/Kaffiyeh_%28White%29_NH_Icon.png
clothing,4833b255874a9953,https://dodo.ac/np/images/9/9c/Caf%C3%A9-Uniform_Dress_%28Pink%29_NH_Icon.png
clothing,484f20c272238ad7,https://dodo.ac/np/images/6/63/Paradise_Planning_Muumuu_NH_Icon.png
clothing,4878a143a50754a9,https://dodo.ac/np/images/8/87/Police_Cap_NH_Icon.png
clothing,4893a1bf17be025d,https://dodo.ac/np/images/6/65/Paradise_Planning_Blazer_NH_Icon.png
clothing,489aed073523b535,https://dodo.ac/np/images/b/be/Checkered_Backpack_%28Gray%29_NH_Icon.png
clothing,48b7ab363c410542,https://dodo.ac/np/images/e/e8/Boa_Fleece_%28White%29_NH_Icon.png
clothing,48d432b0de1e492c,https://dodo.ac/np/images/2/26/Animal-Stripes_Tee_%28Zebra%29_NH_Icon.png
clothing,48d89e6ebb02c011,https://dodo.ac/np/images/1/1a/Patterned_Stockings_%28White%29_NH_Icon.png
clothing,48f04fe33350a5e7,https://dodo.ac/np/images/e/e3/Bunny_Day_Crown_NH_Icon.png
clothing,498f73e7c84c6eaa,https://dodo.ac/np/images/c/cc/Formal_Shorts_%28White%29_NH_Icon.png
clothing,49e9ca60cc893275,https://dodo.ac/np/images/6/66/Fishing_Waders_%28Gray%29_NH_Icon.png
clothing,4a08582099d0c3fa,https://dodo.ac/np/images/d/d3/Clasp_Purse_%28White%29_NH_Icon.png
clothing,4a4825bbca84c890,https://dodo.ac/np/images/e/e1/Bear_Costume_%28Brown%29_NH_Icon.png
clothing,4a6e44954a74bc1f,https://dodo.ac/np/images/d/d6/Athletic_Shorts_%28Black%29_NH_Icon.png
clothing,4a9c742d34e8728b,https://dodo.ac/np/images/a/a2/Chic_Tuxedo_Dress_%28Black%29_NH_Icon.png
clothing,4aa2e7f8645520e9,https://dodo.ac/np/images/1/1d/Sunny_Parasol_NH_Icon.png
clothing,4b632f4cbde463ab,https://dodo.ac/np/images/3/32/Phrygian_Cap_%28Red%29_NH_Icon.png
clothing,4b66f43add64c63a,https://dodo.ac/np/images/7/72/Orange_Umbrella_NH_Icon.png
clothing,4b7022ad324001c2,https://dodo.ac/np/images/9/97/Helmet_with_Goggles_%28Black%29_NH_Icon.png
clothing,4b8990892aa8991c,https://dodo.ac/np/images/6/66/No._2_Shirt_NH_Icon.png
clothing,4bc84174f1d772b5,https://dodo.ac/np/images/4/41/Football_Helmet_%28White%29_NH_Icon.png
clothing,4beef6c6ac85a118,https://dodo.ac/np/images/c/ca/Collarless_Shirt_%28White%29_NH_Icon.png
clothing,4bf8207593cefa14,https://dodo.ac/np/images/9/9f/Bold_Muumuu_%28Pink%29_NH_Icon.png
clothing,4c2aed563aa0bda7,https://dodo.ac/np/images/a/ac/Shamrock_Sunglasses_NH_Icon.png
clothing,4c3dcc24df7b8ac3,https://dodo.ac/np/images/f/f2/Surfing_Shorts_%28Gray%29_NH_Icon.png
clothing,4c52605113370015,https://dodo.ac/np/images/e/e9/Water_Sandals_%28Red%29_NH_Icon.png
clothing,4c68a0bd3c998036,https://dodo.ac/np/images/f/f7/Festive-Tree_Dress_%28Green_%26_White%29_NH_Icon.png
clothing,4c6ba895abdbe2fb,https://dodo.ac/np/images/6/60/Tango_Dress_%28Black%29_NH_Icon.png
clothing,4cdd5cc80c77a650,https://dodo.ac/np/images/a/a6/Terry-Cloth_Nightcap_%28Pink%29_NH_Icon.png
clothing,4cfb7e37cabc8fe5,https://dodo.ac/np/images/6/67/No._1_Shirt_NH_Icon.png
clothing,4d541f5c14b614ed,https://dodo.ac/np/images/a/aa/Okame_Mask_NH_Icon.png
clothing,4d8c2a82c372b3bf,https://dodo.ac/np/images/5/5d/Basket_Pack_NH_Icon.png
clothing,4d9281170b4b78bb,https://dodo.ac/np/images/9/97/Moccasin_Boots_%28Black%29_NH_Icon.png
clothing,4da036a0b1a1d83b,https://dodo.ac/np/images/2/20/Frugal_Outfit_%28Green%29_NH_Icon.png
clothing,4db2003e6cf42553,https://dodo.ac/np/images/0/07/Dragon_Suit_NH_Icon.png
clothing,4dc2ccd18551e11f,https://dodo.ac/np/images/4/4c/Denim_Jacket_%28Blue%29_NH_Icon.png
clothing,4de919c13ebccdb3,https://dodo.ac/np/images/8/89/Pajama_Dress_%28Gray%29_NH_Icon.png
clothing,4df8284e5174c58e,https://dodo.ac/np/images/1/13/Viking_Helmet_%28Gray%29_NH_Icon.png
clothing,4e176cfd7a8eac24,https://dodo.ac/np/images/3/3f/Simple-Dots_Tee_%28Black%29_NH_Icon.png
clothing,4e22931124d1c3f2,https://dodo.ac/np/images/b/bc/Hello_Tee_NH_Icon.png
clothing,4e2e87f3105679da,https://dodo.ac/np/images/3/37/Velour_Boots_%28Gray%29_NH_Icon.png
clothing,4e441f9fc2bb2a5c,https://dodo.ac/np/images/2/20/Hi_Tee_NH_Icon.png
clothing,4ec3cf95d3f2d02e,https://dodo.ac/np/images/1/16/Stache_%26_Glasses_%28Black%29_NH_Icon.png
clothing,4f8bcfa97affa886,https://dodo.ac/np/images/5/54/Old_Commoner%27s_Kimono_%28Red%29_NH_Icon.png
clothing,4f9703e256ead5ef,https://dodo.ac/np/images/0/06/Bold_Aloha_Shirt_%28Pink%29_NH_Icon.png
clothing,4fadd68a10ddddd5,https://dodo.ac/np/images/f/fa/Traditional_Straw_Coat_NH_Icon.png
clothing,4fc00d710c749ba1,https://dodo.ac/np/images/a/ac/Wario_%27Stache_NH_Icon.png
clothing,4fca8426307f6802,https://dodo.ac/np/images/6/61/Retro_Sports_Bag_%28Red%29_NH_Icon.png
clothing,4ff919def54e93bf,https://dodo.ac/np/images/4/47/Leopard-Print_Backpack_%28Brown%29_NH_Icon.png
clothing,50161665fceb42d1,https://dodo.ac/np/images/0/0d/Heart_Hairpin_%28Black%29_NH_Icon.png
clothing,504315009af974dc,https://dodo.ac/np/images/b/bb/Dollhouse_Dress_%28Light_Blue%29_NH_Icon.png
clothing,508aa5b330b8cb80,https://dodo.ac/np/images/c/c7/Toad_Parasol_NH_Icon.png
clothing,50920c84f78d7c9d,https://dodo.ac/np/images/1/1d/Tight-Knit_Sweater_%28Gray%29_NH_Icon.png
clothing,50a03d7e7f4e629e,https://dodo.ac/np/images/9/98/Sheep_Hood_%28White%29_NH_Icon.png
clothing,50a9ac92c9143f02,https://dodo.ac/np/images/b/b7/Basketball_Shorts_%28Black%29_NH_Icon.png
clothing,50d25a73836011e6,https://dodo.ac/np/images/1/11/Mountain_Parka_%28Black%29_NH_Icon.png
clothing,51a0fa89913f5aaa,https://dodo.ac/np/images/9/98/Kandoora_%28White%29_NH_Icon.png
clothing,51b23b70bfca61c2,https://dodo.ac/np/images/3/37/Conductor%27s_Cap_%28Blue%29_NH_Icon.png
clothing,51fa7d55f74b8051,https://dodo.ac/np/images/d/dd/Layered_Sleeveless_Dress_%28Pink%29_NH_Icon.png
clothing,52035a62a622e829,https://dodo.ac/np/images/e/ea/Kiddie_Socks_%28Black_%26_Gray%29_NH_Icon.png
clothing,520c93a175be11b1,https://dodo.ac/np/images/4/47/Lunch-Service_Cap_NH_Icon.png
clothing,523eba00de971592,https://dodo.ac/np/images/b/bb/Gas_Mask_%28Black%29_NH_Icon.png
clothing,5267f83d61573b93,https://dodo.ac/np/images/0/09/Princess_Peach_Dress_NH_Icon.png
clothing,52bb900e3403c2a4,https://dodo.ac/np/images/4/4b/Nook_Inc._Eye_Mask_NH_Icon.png
clothing,5336ca3e515338cf,https://dodo.ac/np/images/6/6b/Knit_Cap_with_Earflaps_%28Gray%29_NH_Icon.png
clothing,537abc1b44c9f761,https://dodo.ac/np/images/8/8c/Link_Outfit_NH_Icon.png
clothing,5386692ddabae04e,https://dodo.ac/np/images/c/cb/Tube_Socks_%28Red%29_NH_Icon.png
clothing,53988d76b3921d01,https://dodo.ac/np/images/8/88/Princess_Peach_Crown_NH_Icon.png
clothing,539c5868a17aa665,https://dodo.ac/np/images/c/c7/Mini_Straw_Boater_NH_Icon.png
clothing,53c2467606ed27b4,https://dodo.ac/np/images/e/e1/Crown_NH_Icon.png
clothing,53dede76d0bda94c,https://dodo.ac/np/images/7/75/Cat_Cap_%28White%29_NH_Icon.png
clothing,53e224421ab6cbbe,https://dodo.ac/np/images/e/ee/Pilot%27s_Hat_%28Black%29_NH_Icon.png
clothing,53e47a3c81f22bd0,https://dodo.ac/np/images/8/8a/Strawberry_Dress_NH_Icon.png
clothing,5412ec4006ac4399,https://dodo.ac/np/images/4/44/Sports_Cap_%28White_%26_Red%29_NH_Icon.png
clothing,5479d67706a80450,https://dodo.ac/np/images/6/6f/Luigi_Outfit_NH_Icon.png
clothing,54a6dd75c8114f07,https://dodo.ac/np/images/a/aa/Thread-Worn_Sweater_%28Black%29_NH_Icon.png
clothing,54b204517c7d9ce8,https://dodo.ac/np/images/e/e5/Restroom_Slippers_%28Red%29_NH_Icon.png
clothing,54d35f9edd6b885c,https://dodo.ac/np/images/a/a9/Tropical_Cut-and-Sew_Tank_%28Orange%29_NH_Icon.png
clothing,54e3fbdc23d6eb8e,https://dodo.ac/np/images/a/ae/Basketball_Shoes_%28Red%29_NH_Icon.png
clothing,552b30ebefb508be,https://dodo.ac/np/images/5/52/Peacoat_%28Gray%29_NH_Icon.png
clothing,5538da76f364138d,https://dodo.ac/np/images/6/66/Caf%C3%A9_Uniform_%28Black%29_NH_Icon.png
clothing,553d59a43ff2eafb,https://dodo.ac/np/images/e/ed/Six-Ball_Tee_NH_Icon.png
clothing,556dd90bc89b8887,https://dodo.ac/np/images/a/a6/Mermaid_Shoes_%28Pink%29_NH_Icon.png
clothing,55d3b732b9e0c480,https://dodo.ac/np/images/d/da/Icy_Dress_NH_Icon.png
clothing,560d236a6d019e8d,https://dodo.ac/np/images/1/10/Tie-Dye_Skirt_%28Red%29_NH_Icon.png
clothing,561ae8de5ac3e184,https://dodo.ac/np/images/d/da/Ancient_Sashed_Robe_%28Red%29_NH_Icon.png
clothing,5637699f30498531,https://dodo.ac/np/images/6/68/Figure-Skating_Costume_%28Black%29_NH_Icon.png
clothing,56d080239e0e3334,https://dodo.ac/np/images/d/d3/Hawaiian-Print_Apron_%28Mint%29_NH_Icon.png
clothing,57424b74da67e1c4,https://dodo.ac/np/images/9/9a/Majora%27s_Mask_NH_Icon.png
clothing,579e25d4bf564efc,https://dodo.ac/np/images/e/e7/Busted_Umbrella_NH_Icon.png
clothing,5848d10043156930,https://dodo.ac/np/images/3/39/Geometric-Print_Socks_%28Pink%29_NH_Icon.png
clothing,588ebc76d6f8ed1f,https://dodo.ac/np/images/4/49/Groovy_Tunic_%28Orange%29_NH_Icon.png
clothing,589c86df756acb9a,https://dodo.ac/np/images/7/72/Bobby_Socks_%28White%29_NH_Icon.png
clothing,58bf47fa7eaef607,https://dodo.ac/np/images/0/03/Bamboo_Hat_NH_Icon.png
clothing,58f2c22615f74e00,https://dodo.ac/np/images/3/3f/Tiny-Flower-Print_Tote_Bag_%28Pink%29_NH_Icon.png
clothing,592de0b162352e68,https://dodo.ac/np/images/8/88/Retro_Sleeveless_Dress_%28Red%29_NH_Icon.png
clothing,5940732ed643680d,https://dodo.ac/np/images/1/10/Nurse%27s_Jacket_%28White%29_NH_Icon.png
clothing,5957af707ef1e227,https://dodo.ac/np/images/f/f8/Priv%C3%A9t_Tee_NH_Icon.png
clothing,596924a13e35edd0,https://dodo.ac/np/images/4/40/Cold-Country_Dress_%28Red%29_NH_Icon.png
clothing,596ef2665b8f6873,https://dodo.ac/np/images/2/20/Overall_Dress_%28Denim%29_NH_Icon.png
clothing,59923d23331205dd,https://dodo.ac/np/images/2/2b/Geisha_Wig_%28Black%29_NH_Icon.png
clothing,599bc21ad1f68129,https://dodo.ac/np/images/3/32/Bohemian_Tunic_Dress_%28Navy_Blue%29_NH_Icon.png
clothing,599efa099df66224,https://dodo.ac/np/images/f/f0/Loungewear_Shirt_%28Brown%29_NH_Icon.png
clothing,59a0d8f063c20c10,https://dodo.ac/np/images/e/eb/Kung-Fu_Pants_%28White%29_NH_Icon.png
clothing,59a3ac699c2d8d6d,https://dodo.ac/np/images/2/24/Open-Collar_Shirt_%28Coral%29_NH_Icon.png
clothing,5a1a1ba4bf85f7cc,https://dodo.ac/np/images/8/89/Beak_NH_Icon.png
clothing,5a66a1c68b056198,https://dodo.ac/np/images/7/70/Link_Hat_NH_Icon.png
clothing,5a7241c9ca11494a,https://dodo.ac/np/images/0/08/Jet_Pack_%28Gray%29_NH_Icon.png
clothing,5aff7f740a6a11ac,https://dodo.ac/np/images/8/8b/Soccer_Socks_%28White%29_NH_Icon.png
clothing,5b10b32aa5cdf19c,https://dodo.ac/np/images/c/c9/Slip_Dress_%28Gray%29_NH_Icon.png
clothing,5b4b1cd79a9423b8,https://dodo.ac/np/images/2/23/Gizzard-Shad-Sushi_Costume_NH_Icon.png
clothing,5b60dc6b3651ce81,https://dodo.ac/np/images/0/01/Acorn_Knit_Cap_%28Berry_Red%29_NH_Icon.png
clothing,5b91ff75977dcb38,https://dodo.ac/np/images/9/90/Bulldog_Jacket_%28White%29_NH_Icon.png
clothing,5ba6ac67ad5c6da4,https://dodo.ac/np/images/4/44/Visual-Punk_Outfit_NH_Icon.png
clothing,5bc6bde677e12488,https://dodo.ac/np/images/4/40/Blue_Rose_Crown_NH_Icon.png
clothing,5bcf36e1ad4613ef,https://dodo.ac/np/images/1/18/Strappy_Heels_%28Silver%29_NH_Icon.png
clothing,5c5cd804778a9cf5,https://dodo.ac/np/images/6/60/Pirate_Beard_NH_Icon.png
clothing,5c73314c89ba20b9,https://dodo.ac/np/images/d/d1/Wrestler_Uniform_%28Black%29_NH_Icon.png
clothing,5c88df5b5eeee58f,https://dodo.ac/np/images/a/ae/Wizard%27s_Robe_%28Blue%29_NH_Icon.png
clothing,5ca213455e9a9550,https://dodo.ac/np/images/3/37/Embroidered_Shoes_%28White%29_NH_Icon.png
clothing,5ccd6483a4cafb02,https://dodo.ac/np/images/5/5b/Labelle_Tights_%28Midnight%29_NH_Icon.png
clothing,5cd92ca8616b8d0f,https://dodo.ac/np/images/4/40/Flashy_Hairpin_%28White%29_NH_Icon.png
clothing,5d17c31324d8e50a,https://dodo.ac/np/images/2/23/Mom%27s_Handmade_Apron_%28Flowers%29_NH_Icon.png
clothing,5d1bfb8d47f09908,https://dodo.ac/np/images/3/36/Octagonal_Glasses_%28Gray%29_NH_Icon.png
clothing,5d2b25e6db94d516,https://dodo.ac/np/images/5/5b/Military_Uniform_%28White%29_NH_Icon.png
clothing,5d9120d286a942c9,https://dodo.ac/np/images/c/c1/Rubber-Toe_High_Tops_%28Ivory%29_NH_Icon.png
clothing,5d9261b28f0f06ef,https://dodo.ac/np/images/2/22/Green_Umbrella_NH_Icon.png
clothing,5dbdda4634483a65,https://dodo.ac/np/images/9/93/Nordic_Socks_%28Gray%29_NH_Icon.png
clothing,5e00fdd65e493b7a,https://dodo.ac/np/images/e/e0/Purple_Shiny-Bows_Parasol_NH_Icon.png
clothing,5e7fc30d8d68a842,https://dodo.ac/np/images/8/87/Basket_Bag_%28Light_Brown%29_NH_Icon.png
clothing,5e7ff26f1ab1a510,https://dodo.ac/np/images/3/37/Paradise_Planning_Maxi_NH_Icon.png
clothing,5ecd736613ba85e2,https://dodo.ac/np/images/c/c3/Worn-Out_Jeans_%28Light_Blue%29_NH_Icon.png
clothing,5ed602b6d377e3cd,https://dodo.ac/np/images/4/47/Cavalier_Hat_%28Red%29_NH_Icon.png
clothing,5f0605803d99788e,https://dodo.ac/np/images/6/6b/Neon_Tights_%28Pink%29_NH_Icon.png
clothing,5f0fd90bc6f77574,https://dodo.ac/np/images/1/11/Flashy_Round-Ear_Animal_Hat_%28White%29_NH_Icon.png
clothing,5f148b2833d0ca65,https://dodo.ac/np/images/7/75/Box-Pleated_Skirt_%28Red%29_NH_Icon.png
clothing,5f452c7257503a8f,https://dodo.ac/np/images/8/85/Pleather_Fringe_Bag_%28White%29_NH_Icon.png
clothing,5f694e249a7fdae4,https://dodo.ac/np/images/7/74/Knight%27s_Helmet_NH_Icon.png
clothing,5fa1044c398ea894,https://dodo.ac/np/images/d/df/Fancy_Kimono_%28Vermilion%29_NH_Icon.png
clothing,5fa5ee1a4a313a41,https://dodo.ac/np/images/1/1b/Grape-Harvest_Basket_NH_Icon.png
clothing,5fab02dd83d58555,https://dodo.ac/np/images/e/e5/Loose_Fall_Dress_%28Red%29_NH_Icon.png
clothing,5fe99f607d0f0690,https://dodo.ac/np/images/5/53/Messenger_Bag_%28Black%29_NH_Icon.png
clothing,6024993e786d35dc,https://dodo.ac/np/images/9/93/Veiled_Gardening_Hat_%28Pink%29_NH_Icon.png
clothing,602c662dde52e845,https://dodo.ac/np/images/0/08/Work_Boots_%28White%29_NH_Icon.png
clothing,6068f7653be3207a,https://dodo.ac/np/images/3/3e/Dance_Warm-Up_Pants_%28White%29_NH_Icon.png
clothing,60a1fad6953a2832,https://dodo.ac/np/images/e/ea/Luigi_%27Stache_NH_Icon.png
clothing,60a2f0a6e0e32e16,https://dodo.ac/np/images/d/dd/Grape_Dress_NH_Icon.png
clothing,60cb9016a7c76a0f,https://dodo.ac/np/images/e/ee/Bone_Tee_NH_Icon.png
clothing,6129f98aabc3c2b1,https://dodo.ac/np/images/f/f1/Pacifier_%28Baby_Gray%29_NH_Icon.png
clothing,617fd02bbf5a7211,https://dodo.ac/np/images/8/87/Sailor%27s_Tee_%28Navy_Blue%29_NH_Icon.png
clothing,61858d4d7a493995,https://dodo.ac/np/images/e/ea/Tee_and_Towel_%28White_Towel_%26_White_Shirt%29_NH_Icon.png
clothing,61a8b485f78ecf61,https://dodo.ac/np/images/6/6c/Wedding_Tuxedo_NH_Icon.png
clothing,61aa347a7d4545ef,https://dodo.ac/np/images/f/f1/Straw_Boater_%28Monotone%29_NH_Icon.png
clothing,61d8f917cb0d8f49,https://dodo.ac/np/images/1/19/Long_Sweatskirt_%28Gray%29_NH_Icon.png
clothing,6244f335c3d91f44,https://dodo.ac/np/images/e/e3/Welding_Mask_NH_Icon.png
clothing,6250f619d2374746,https://dodo.ac/np/images/0/00/Suit_with_Stand-Up_Collar_%28White%29_NH_Icon.png
clothing,62659617ac33084d,https://dodo.ac/np/images/d/d3/Pompompurin_Tee_NH_Icon.png
clothing,6268bb276c5ec6e2,https://dodo.ac/np/images/3/35/Beach_Umbrella_NH_Icon.png
clothing,629c831ec17f6f5b,https://dodo.ac/np/images/c/c3/Force_ReBoots_NH_Icon.png
clothing,62a962bcb2a2d152,https://dodo.ac/np/images/f/f9/Aran-Knit_Cardigan_%28Pink%29_NH_Icon.png
clothing,62bc5f3dc67fa062,https://dodo.ac/np/images/d/de/Sky-Egg_Outfit_NH_Icon.png
clothing,62c6efb6f4d09e4e,https://dodo.ac/np/images/e/e7/Clover_Dress_%28Dark_Green%29_NH_Icon.png
clothing,62ef402bbba9a515,https://dodo.ac/np/images/b/b8/Zori_%28Aqua%29_NH_Icon.png
clothing,62f8be766375d378,https://dodo.ac/np/images/d/de/Cardigan-Shirt_Combo_%28Gray%29_NH_Icon.png
clothing,632d64d1551b8a56,https://dodo.ac/np/images/e/ee/Ghillie_Brogues_%28White%29_NH_Icon.png
clothing,6447e03fb554d1e9,https://dodo.ac/np/images/c/c6/School_Jacket_%28Black%29_NH_Icon.png
clothing,645c9c4a750d1615,https://dodo.ac/np/images/3/37/Smallfry_Headband_NH_Icon.png
clothing,6467bb7173b8f97b,https://dodo.ac/np/images/6/68/Wrestling_Singlet_%28Red%29_NH_Icon.png
clothing,646cf2caaa8bb914,https://dodo.ac/np/images/1/1f/Full-Length_Dress_with_Pearls_%28Black%29_NH_Icon.png
clothing,64e2bafe7ce7322c,https://dodo.ac/np/images/1/10/Pink_Trainers_NH_Icon.png
clothing,650a1d19cdd3e225,https://dodo.ac/np/images/b/b3/Faux-Shearling_Boots_%28Gray%29_NH_Icon.png
clothing,65531dbfc50d8617,https://dodo.ac/np/images/f/fd/Labelle_Cap_%28Midnight%29_NH_Icon.png
clothing,656405b78d0fb910,https://dodo.ac/np/images/8/8e/LEGO%C2%AE_Brick_Tee_NH_Icon.png
clothing,65b5d5dc9767dbf5,https://dodo.ac/np/images/e/e4/Raincoat_%28Black%29_NH_Icon.png
clothing,65caebcc6ce0d1e7,https://dodo.ac/np/images/a/ab/Knit_Pants_%28Gray%29_NH_Icon.png
clothing,6680b3e7a76385f9,https://dodo.ac/np/images/6/6a/Striped_Pants_%28Black%29_NH_Icon.png
clothing,66b1196be1169c91,https://dodo.ac/np/images/9/9e/Poncho_Coat_%28Red%29_NH_Icon.png
clothing,66c101e425c2cab3,https://dodo.ac/np/images/f/f3/Traditional_Monpe_Pants_%28Dark_Red%29_NH_Icon.png
clothing,66caa8ba35a1dbc2,https://dodo.ac/np/images/c/cb/Labelle_Shorts_%28Midnight%29_NH_Icon.png
clothing,66e6f947a8886bad,https://dodo.ac/np/images/2/29/Lacy_Shirt_%28Black%29_NH_Icon.png
clothing,67b8f9b01fccfd44,https://dodo.ac/np/images/b/ba/Pleather_Crossbody_Bag_%28Black%29_NH_Icon.png
clothing,67d2775cd5b5f5c9,https://dodo.ac/np/images/e/e6/Short-Sleeved_Uniform_Top_%28Pink_Necktie%29_NH_Icon.png
clothing,67e13a75623edc20,https://dodo.ac/np/images/9/98/Ladder_Shades_%28Red%29_NH_Icon.png
clothing,67e2639107434964,https://dodo.ac/np/images/9/99/Flare_Skirt_%28Black%29_NH_Icon.png
clothing,67e37fb889e7eea5,https://dodo.ac/np/images/0/00/Pom-Pom_Sweater_%28White%29_NH_Icon.png
clothing,67f0a786acbe3f5c,https://dodo.ac/np/images/6/61/Kiwi_Umbrella_NH_Icon.png
clothing,6819ef17d9cb9745,https://dodo.ac/np/images/f/f6/Visual-Punk_Wig_NH_Icon.png
clothing,686b30e4ac5793c1,https://dodo.ac/np/images/3/3c/Puckered_Socks_%28Red%29_NH_Icon.png
clothing,68840c6e7bb98ec7,https://dodo.ac/np/images/6/6b/Stretch_Leggings_%28White%29_NH_Icon.png
clothing,68e5c2973883b1b1,https://dodo.ac/np/images/1/18/White_Hakama_with_Crest_NH_Icon.png
clothing,68ee7d4b020d7a92,https://dodo.ac/np/images/9/98/Iron_Armor_NH_Icon.png
clothing,693c16c14d8c54d9,https://dodo.ac/np/images/3/36/Gold_Helmet_NH_Icon.png
clothing,6943e9f292f97922,https://dodo.ac/np/images/1/1d/Polka-Dot_Backpack_%28Pink%29_NH_Icon.png
clothing,69d7c685a0ce2e16,https://dodo.ac/np/images/3/38/Grape_Hat_NH_Icon.png
clothing,69e96c06e894ce4f,https://dodo.ac/np/images/d/d0/Bekasab_Robe_%28Red%29_NH_Icon.png
clothing,6a02b241b017fb80,https://dodo.ac/np/images/e/ed/Frilly_Dress_%28Pink%29_NH_Icon.png
clothing,6a4828314e7ec86b,https://dodo.ac/np/images/6/66/Dry_Bag_%28Yellow%29_NH_Icon.png
clothing,6a6c98321300da66,https://dodo.ac/np/images/0/08/Melon_Umbrella_NH_Icon.png
clothing,6a6ee631462be59f,https://dodo.ac/np/images/8/88/Leaf-Print_Wet_Suit_%28Yellow%29_NH_Icon.png
clothing,6a758397d6286041,https://dodo.ac/np/images/f/fd/Semi-Opaque_Tights_%28Red%29_NH_Icon.png
clothing,6a7e6323fb48777c,https://dodo.ac/np/images/5/5e/Layered_Tank_Dress_%28Berry_Red%29_NH_Icon.png
clothing,6aba42f3032e1ed0,https://dodo.ac/np/images/5/57/Morning_Coat_NH_Icon.png
clothing,6b0ea83de16e5772,https://dodo.ac/np/images/c/ce/Front-Tie_Tee_%28White%29_NH_Icon.png
clothing,6b13e37d520e66cc,https://dodo.ac/np/images/b/ba/Sleeveless_Shirtdress_%28White%29_NH_Icon.png
clothing,6b8281906973ee1c,https://dodo.ac/np/images/5/57/Ice-Hockey_Uniform_%28White_%26_Red%29_NH_Icon.png
clothing,6b9ef753960b487a,https://dodo.ac/np/images/8/8e/LEGO%C2%AE_Minifigure_Tee_NH_Icon.png
clothing,6bbbdc4e3735fae5,https://dodo.ac/np/images/6/6e/Water-Egg_Shoes_NH_Icon.png
clothing,6bc76027c7e2a32e,https://dodo.ac/np/images/c/c4/Flower_Sunglasses_%28Red%29_NH_Icon.png
clothing,6c156bda588840b3,https://dodo.ac/np/images/0/07/Fleece_Pj%27s_%28Pink%29_NH_Icon.png
clothing,6c48e91adb733dad,https://dodo.ac/np/images/f/f4/Rose-Print_Jacket_%28Red_Roses_on_Black%29_NH_Icon.png
clothing,6c553352cdadc9cf,https://dodo.ac/np/images/d/d7/Horned-Ogre_Mask_%28Red%29_NH_Icon.png
clothing,6c612904182ec59f,https://dodo.ac/np/images/3/3f/Hero%27s_Sword_and_Shield_NH_Icon.png
clothing,6c79084dcebeacb6,https://dodo.ac/np/images/2/20/Egg-Sushi_Costume_NH_Icon.png
clothing,6c9cffe1369fe536,https://dodo.ac/np/images/4/4e/Patchwork_Coat_%28Gray%29_NH_Icon.png
clothing,6c9fdb27b5e661b3,https://dodo.ac/np/images/5/5e/Samurai_Shirt_%28White%29_NH_Icon.png
clothing,6ce654eb1af314de,https://dodo.ac/np/images/5/54/Bowling_Shirt_%28Red%29_NH_Icon.png
clothing,6d2421fa37fa4b42,https://dodo.ac/np/images/a/a1/Faux-Shearling_Skirt_%28Gray%29_NH_Icon.png
clothing,6d3c89382e953e1a,https://dodo.ac/np/images/7/76/Nook_Inc._Socks_NH_Icon.png
clothing,6d57ac679ef8867c,https://dodo.ac/np/images/c/ce/Dreamy_Unicorn_Pochette_NH_Icon.png
clothing,6d5a785e0c2623f8,https://dodo.ac/np/images/0/0f/Sunflower_Sunglasses_NH_Icon.png
clothing,6d7186cf7e2a49a0,https://dodo.ac/np/images/5/5c/Nook_Inc._Blouson_NH_Icon.png
clothing,6e0611e07702e87a,https://dodo.ac/np/images/a/a9/Leg_Warmers_%28Gray%29_NH_Icon.png
clothing,6e529d2808d690ee,https://dodo.ac/np/images/e/e9/Leaf_Umbrella_NH_Icon.png
clothing,6eacf0c88c8f155f,https://dodo.ac/np/images/8/87/Beret_%28White%29_NH_Icon.png
clothing,6ec29fe241bd8436,https://dodo.ac/np/images/9/90/Blue_Umbrella_NH_Icon.png
clothing,6ee3a4857ddfe033,https://dodo.ac/np/images/2/29/Ribbon-Straps_Tank_%28Black%29_NH_Icon.png
clothing,6eec6f0f2d4d36eb,https://dodo.ac/np/images/3/3a/Panda_Umbrella_NH_Icon.png
clothing,6f24c4826af18636,https://dodo.ac/np/images/0/0d/Pirate-Treasure_Robe_NH_Icon.png
clothing,6f3c479c3f6fcbee,https://dodo.ac/np/images/8/86/Prim_Outfit_%28Gray%29_NH_Icon.png
clothing,6f4b32fec822d162,https://dodo.ac/np/images/b/b1/Glowing-Moss_Pointed_Cap_NH_Icon.png
clothing,6f6b9b8753d60a63,https://dodo.ac/np/images/e/e8/Ski_Pants_%28Ruby_Red%29_NH_Icon.png
clothing,6fd6487e8a760b79,https://dodo.ac/np/images/4/4f/Paper_Parasol_NH_Icon.png
clothing,7000344d89f055cc,https://dodo.ac/np/images/d/d6/Aran-Knit_Sweater_%28White%29_NH_Icon.png
clothing,703e86027a07b969,https://dodo.ac/np/images/0/03/Panda_Backpack_%28Black_%26_White%29_NH_Icon.png
clothing,70cc2a100d86be73,https://dodo.ac/np/images/d/dc/Snorkel_Mask_%28Black%29_NH_Icon.png
clothing,70d2c7c224dcbe03,https://dodo.ac/np/images/4/45/Tiara_%28Silver%29_NH_Icon.png
clothing,70efb8e349642440,https://dodo.ac/np/images/b/bd/Sports_Tank_%281%29_NH_Icon.png
clothing,7129d6063bdab9c4,https://dodo.ac/np/images/2/2f/Bowler_Hat_with_Ribbon_%28Red%29_NH_Icon.png
clothing,713132888e4b64e8,https://dodo.ac/np/images/8/8d/Skiwear_%28Red%29_NH_Icon.png
clothing,7143e2f683dc9e57,https://dodo.ac/np/images/f/fd/Fairy_Dress_%28Pink%29_NH_Icon.png
clothing,71638f83b99b5ed9,https://dodo.ac/np/images/0/0d/Cherry-Blossom_Pochette_NH_Icon.png
clothing,718467c7fffef7f7,https://dodo.ac/np/images/c/c8/Sushi_Chef_Hat_%28White%29_NH_Icon.png
clothing,71a322152a9a4a8d,https://dodo.ac/np/images/1/19/Bingata_Dress_NH_Icon.png
clothing,71b55b3500a19f8b,https://dodo.ac/np/images/8/89/Horizontal-Striped_Tights_%28White%29_NH_Icon.png
clothing,71b87b187024a64a,https://dodo.ac/np/images/6/6e/Moldy_Dress_NH_Icon.png
clothing,71e629fba841fa47,https://dodo.ac/np/images/1/18/DJ_Cap_%28Black%29_NH_Icon.png
clothing,722672e025702fd6,https://dodo.ac/np/images/7/79/Steampunk_Costume_%28Red%29_NH_Icon.png
clothing,724a5451aa6f060f,https://dodo.ac/np/images/f/f1/Fancy_Party_Dress_%28Pink%29_NH_Icon.png
clothing,734037f34f9712ca,https://dodo.ac/np/images/5/58/Pigtail_NH_Icon.png
clothing,7344342ef098c9ce,https://dodo.ac/np/images/b/bf/Simple_Mum_Crown_NH_Icon.png
clothing,737c85b14c084e26,https://dodo.ac/np/images/e/ef/Labelle_Sunglasses_%28Midnight%29_NH_Icon.png
clothing,73803456302e0ea1,https://dodo.ac/np/images/8/80/Shower_Sandals_%28White%29_NH_Icon.png
clothing,73901ae107b68524,https://dodo.ac/np/images/5/50/Tomato_Festival_Tee_NH_Icon.png
clothing,73c0236c49f2150e,https://dodo.ac/np/images/d/d5/Dreamy_Pochette_NH_Icon.png
clothing,7485571b362ea22c,https://dodo.ac/np/images/9/98/Gingham_Picnic_Shirt_%28Gray%29_NH_Icon.png
clothing,7518841e6b00021e,https://dodo.ac/np/images/0/01/Botanical_Tee_%28White%29_NH_Icon.png
clothing,755e6b1698131116,https://dodo.ac/np/images/2/25/Hygiene-Safety_Hood_%28White%29_NH_Icon.png
clothing,756649e762b36be6,https://dodo.ac/np/images/2/2e/Tiny_Shades_%28Black%29_NH_Icon.png
clothing,758e50936bbaf39b,https://dodo.ac/np/images/9/90/Multipurpose_Vest_%28Gray%29_NH_Icon.png
clothing,7642bed081cfc111,https://dodo.ac/np/images/d/d4/Ciao_Tee_NH_Icon.png
clothing,770e8ea55a08ba44,https://dodo.ac/np/images/5/50/Bathrobe_%28White%29_NH_Icon.png
clothing,772cdd1c99f27290,https://dodo.ac/np/images/c/c7/Gladiator_Sandals_%28Black%29_NH_Icon.png
clothing,772f8f5311d57735,https://dodo.ac/np/images/5/55/Bun_Wig_%28White%29_NH_Icon.png
clothing,77b9664b145e78ea,https://dodo.ac/np/images/6/66/Bone_Costume_NH_Icon.png
clothing,77bcb7a2c6f03ff2,https://dodo.ac/np/images/c/c5/Retro_Sweater_%28White%29_NH_Icon.png
clothing,77c5f832a12c4f87,https://dodo.ac/np/images/f/f7/Pirate%27s_Hat_NH_Icon.png
clothing,77ccb7c046721678,https://dodo.ac/np/images/1/10/Nook_Inc._Leotard_NH_Icon.png
clothing,77d27e9004468e68,https://dodo.ac/np/images/f/f0/Glengarry_NH_Icon.png
clothing,77dd1d86242da144,https://dodo.ac/np/images/e/e6/My_Melody_Shirt_NH_Icon.png
clothing,781f4eec4c818b94,https://dodo.ac/np/images/e/ea/Faux-Fur_Ankle_Booties_%28Ruby_Red%29_NH_Icon.png
clothing,78263fd4d934cd9e,https://dodo.ac/np/images/1/1c/Annyeong_Tee_NH_Icon.png
clothing,78b2638f85e080b4,https://dodo.ac/np/images/2/2f/Cast_%28White%29_NH_Icon.png
clothing,78b6830d15dd3540,https://dodo.ac/np/images/d/da/Samurai_Helmet_%28White%29_NH_Icon.png
clothing,7962c2ac71cf58c3,https://dodo.ac/np/images/2/23/Striped_Tank_%28Gray%29_NH_Icon.png
clothing,79942cabcde03ef0,https://dodo.ac/np/images/e/ed/Sailor%27s_Shirt_%28Navy_Blue%29_NH_Icon.png
clothing,79f3c4698fc57f28,https://dodo.ac/np/images/9/9a/Vine_Crown_NH_Icon.png
clothing,7a058771b8674dac,https://dodo.ac/np/images/7/73/Workout_Pants_%28Pink%29_NH_Icon.png
clothing,7a1ac778dd4022fd,https://dodo.ac/np/images/8/8d/Square_Shoulder_Bag_%28Black%29_NH_Icon.png
clothing,7a561900d5b7644f,https://dodo.ac/np/images/b/b8/Blossom_Tee_%28Pink%29_NH_Icon.png
clothing,7a6fab32d749e66d,https://dodo.ac/np/images/8/84/Impish_Horns_%28White%29_NH_Icon.png
clothing,7a74f55eaed9c65a,https://dodo.ac/np/images/9/9a/Flower-Print_Dress_%28Pink%29_NH_Icon.png
clothing,7a792f0747caf8b8,https://dodo.ac/np/images/b/b6/Watermelon_Umbrella_NH_Icon.png
clothing,7a80a9400c688b79,https://dodo.ac/np/images/6/6f/Vine_Outfit_NH_Icon.png
clothing,7a83f0749ffdbefa,https://dodo.ac/np/images/5/55/Bell-Bottoms_%28Orange%29_NH_Icon.png
clothing,7a89ee1fcb06651c,https://dodo.ac/np/images/0/0a/Kiddie_Sneakers_%28Silver%29_NH_Icon.png
clothing,7ace11d62851bcdc,https://dodo.ac/np/images/e/e4/Mermaid_Fishy_Dress_%28Pink%29_NH_Icon.png
clothing,7ae9ee2abf468afc,https://dodo.ac/np/images/7/7c/Kiki_%26_Lala_Shoes_NH_Icon.png
clothing,7b43077d96e37662,https://dodo.ac/np/images/5/5f/Flashy_Cardigan_%28Red%29_NH_Icon.png
clothing,7b4ecaf41f187001,https://dodo.ac/np/images/9/9d/Diner_Apron_%28Black%29_NH_Icon.png
clothing,7b8d923255adf1c8,https://dodo.ac/np/images/4/4d/Big-Star_Tee_NH_Icon.png
clothing,7b932b134656d7ca,https://dodo.ac/np/images/a/a6/Loungewear_Shorts_%28Brown%29_NH_Icon.png
clothing,7c037214b352976b,https://dodo.ac/np/images/c/c0/Hand-Knit_Tank_%28White%29_NH_Icon.png
clothing,7c07350f3f0229f2,https://dodo.ac/np/images/2/2a/Eye_Mask_%28Gray%29_NH_Icon.png
clothing,7c3109fbf574909b,https://dodo.ac/np/images/e/e8/Jack%27s_Face_NH_Icon.png
clothing,7c37a2b0de4ed464,https://dodo.ac/np/images/f/fe/Denim_Cutoffs_%28Blue%29_NH_Icon.png
clothing,7c4aac32a62b4417,https://dodo.ac/np/images/2/24/Shiny_Bow_Platform_Shoes_%28White%29_NH_Icon.png
clothing,7c5376bf8652424c,https://dodo.ac/np/images/3/3e/Instant-Muscles_Suit_%28Red%29_NH_Icon.png
clothing,7c6515eb165851d5,https://dodo.ac/np/images/d/d9/Staff_Uniform_%28Pink%29_NH_Icon.png
clothing,7c6b301c6d865717,https://dodo.ac/np/images/2/2e/Mummy_Mask_NH_Icon.png
clothing,7c6f42c280be7516,https://dodo.ac/np/images/d/d0/Pintuck-Pleated_Dress_%28Pink%29_NH_Icon.png
clothing,7c74aa713231fdc0,https://dodo.ac/np/images/0/0e/Desert_Outfit_%28Pink%29_NH_Icon.png
clothing,7c7d2cf9be68e5a4,https://dodo.ac/np/images/9/9e/Pirate_Dress_%28Black%29_NH_Icon.png
clothing,7ca275046b9cb76b,https://dodo.ac/np/images/6/60/Front-Tie_Button-Down_Shirt_%28Gray%29_NH_Icon.png
clothing,7ca31d79af5a4512,https://dodo.ac/np/images/4/4a/Milkmaid_Dress_%28Red%29_NH_Icon.png
clothing,7cc5b4a08e9e07fd,https://dodo.ac/np/images/5/58/Striped_Shirt_%28Red%29_NH_Icon.png
clothing,7d080dfe3dd895d4,https://dodo.ac/np/images/5/53/Polo_Shirt_%28White%29_NH_Icon.png
clothing,7d4bb718d5147728,https://dodo.ac/np/images/d/dc/Linen_Dress_%28White%29_NH_Icon.png
clothing,7d71844d24a3ea94,https://dodo.ac/np/images/a/a2/Safety_Helmet_%28Black%29_NH_Icon.png
clothing,7d859883fea915d3,https://dodo.ac/np/images/2/25/Green_Nook_Inc._Aloha_Shirt_NH_Icon.png
clothing,7da9259a64f4ade9,https://dodo.ac/np/images/e/e2/Chic_Tulip_Crown_NH_Icon.png
clothing,7db1397ef37e7a7c,https://dodo.ac/np/images/4/45/Delivery_Bag_%28Black%29_NH_Icon.png
clothing,7dbc78957d91f471,https://dodo.ac/np/images/f/f4/Nook_Inc._Cap_NH_Icon.png
clothing,7dfad3e2cf3341af,https://dodo.ac/np/images/c/c7/Holey_Tights_%28Black%29_NH_Icon.png
clothing,7e00b34d4ff1cffd,https://dodo.ac/np/images/f/f1/Ruffled_Dress_%28Black%29_NH_Icon.png
clothing,7e30cfc52e28ad1b,https://dodo.ac/np/images/1/13/Fired-Up_Kanji_Tee_%28Tamashii_%28Soul%29%29_NH_Icon.png
clothing,7e32e876e6c05bb6,https://dodo.ac/np/images/4/43/Cargo_Pants_%28Mustard%29_NH_Icon.png
clothing,7e75cad0563163c2,https://dodo.ac/np/images/8/80/Yacht_Shorts_%28Red%29_NH_Icon.png
clothing,7e7ae65df5d75359,https://dodo.ac/np/images/5/54/Hello_Kitty_Dress_NH_Icon.png
clothing,7ec6de17e3bf661d,https://dodo.ac/np/images/6/61/Orange_Hat_NH_Icon.png
clothing,7ec982fb18194e76,https://dodo.ac/np/images/d/d2/Fish-Print_Eco_Bag_NH_Icon.png
clothing,7ecfaf06d741e65a,https://dodo.ac/np/images/d/d6/Sheep_Costume_%28White%29_NH_Icon.png
clothing,7edb4138bb668eff,https://dodo.ac/np/images/8/8c/Python-Print_Shoulder_Bag_%28Brown%29_NH_Icon.png
clothing,7ee38b05df87c292,https://dodo.ac/np/images/d/d1/Monocle_%28Silver%29_NH_Icon.png
clothing,7f1e01d492912dd7,https://dodo.ac/np/images/3/3a/Kerokerokeroppi_Pin_NH_Icon.png
clothing,7f36229d90df1f06,https://dodo.ac/np/images/e/ea/Goatee_NH_Icon.png
clothing,7f5dc5583ae589d9,https://dodo.ac/np/images/5/5e/Lunch-Service_Apron_%28Pink%29_NH_Icon.png
clothing,7fa4280d03ab69c7,https://dodo.ac/np/images/b/b1/Bomber-Style_Jacket_%28Black%29_NH_Icon.png
clothing,7fab48ef80b8529f,https://dodo.ac/np/images/4/4f/Dreamy_Dress_%28Pink%29_NH_Icon.png
clothing,7fbd725cfd29000d,https://dodo.ac/np/images/c/c1/Wedding_Dress_NH_Icon.png
clothing,7fc3c7dce002f54d,https://dodo.ac/np/images/0/0f/Embroidered-Flower_Tights_%28Black%29_NH_Icon.png
clothing,7fe7f4bf6452a9a1,https://dodo.ac/np/images/8/8e/Vivid_Socks_%28Red%29_NH_Icon.png
clothing,8000ca4344a15abe,https://dodo.ac/np/images/f/f9/Bonjour_Tee_NH_Icon.png
clothing,80044e1b347c05c3,https://dodo.ac/np/images/7/7a/Workout_Top_%28Pink%29_NH_Icon.png
clothing,805252b20bc3d519,https://dodo.ac/np/images/1/14/Ripped_Doctor%27s_Coat_%28Red_Necktie%29_NH_Icon.png
clothing,8054003ea51a2e74,https://dodo.ac/np/images/c/c9/Hickory-Stripe_Pants_%28Light_Blue%29_NH_Icon.png
clothing,805e9ff349800f6b,https://dodo.ac/np/images/a/af/Magical_Dress_%28Pink%29_NH_Icon.png
clothing,806486a6f47f9281,https://dodo.ac/np/images/d/df/Sailor_Skirt_%28Navy_Blue%29_NH_Icon.png
clothing,80979f359d678a66,https://dodo.ac/np/images/a/aa/Sweetheart_Dress_%28Greige%29_NH_Icon.png
clothing,809cb78d40416f50,https://dodo.ac/np/images/8/8b/Toga_%28Red%29_NH_Icon.png
clothing,80afb07c6410adda,https://dodo.ac/np/images/1/14/DAL_Slippers_NH_Icon.png
clothing,80e684b144085eed,https://dodo.ac/np/images/3/3b/Cook%27s_Coat_%28Gray%29_NH_Icon.png
clothing,80e8fe2c092e3587,https://dodo.ac/np/images/d/d3/Paradise_Planning_Aloha_Top_NH_Icon.png
clothing,80f3701a3e24a26d,https://dodo.ac/np/images/4/46/Balmacaan_Coat_%28Avocado%29_NH_Icon.png
clothing,8130ce5065f040e0,https://dodo.ac/np/images/b/b4/Hello_Kitty_Tee_NH_Icon.png
clothing,81fd63b7cfa1ef9a,https://dodo.ac/np/images/6/6d/Mage%27s_Booties_%28White%29_NH_Icon.png
clothing,82512022b248d74f,https://dodo.ac/np/images/1/17/Three-Ball_Tee_NH_Icon.png
clothing,829d02f23315a6a6,https://dodo.ac/np/images/7/72/Garden_Tank_%28Pink%29_NH_Icon.png
clothing,82dcdf3dabf913cb,https://dodo.ac/np/images/c/c4/Box-Skirt_Uniform_%28Gray%29_NH_Icon.png
clothing,82dd58f8ecd6a7bd,https://dodo.ac/np/images/a/ad/Reindeer_Sweater_%28Red%29_NH_Icon.png
clothing,82e3a2a87787ff97,https://dodo.ac/np/images/1/1c/Browline_Glasses_%28Gray%29_NH_Icon.png
clothing,83a4808412bbdf11,https://dodo.ac/np/images/9/99/Business_Suitcoat_%28Gray%29_NH_Icon.png
clothing,83d3469562599299,https://dodo.ac/np/images/8/84/Lacy_Parasol_NH_Icon.png
clothing,83f1e30d7fce3a79,https://dodo.ac/np/images/f/fc/Retro_A-Line_Dress_%28Light_Blue%29_NH_Icon.png
clothing,83f8525e735f602e,https://dodo.ac/np/images/1/12/Knitted-Grass_Backpack_NH_Icon.png
clothing,83fe8e9c9eeb664f,https://dodo.ac/np/images/a/ae/Electronics-Store_Paper_Bag_%28Yellow%29_NH_Icon.png
clothing,84187e2369a4fdf5,https://dodo.ac/np/images/7/78/Vivid_Leggings_%28Red%29_NH_Icon.png
clothing,844c91d73b514bf4,https://dodo.ac/np/images/2/29/Do-Rag_%28Black%29_NH_Icon.png
clothing,845e36b7f03635cd,https://dodo.ac/np/images/f/f7/Checkered_School_Pants_%28Dark_Gray%29_NH_Icon.png
clothing,848ed41717b8741b,https://dodo.ac/np/images/4/49/Tortoise_Specs_%28Black%29_NH_Icon.png
clothing,8497e259328a7fd9,https://dodo.ac/np/images/2/2f/Tank_%28White%29_NH_Icon.png
clothing,84e6273b4b470312,https://dodo.ac/np/images/0/01/Exquisite_Parasol_NH_Icon.png
clothing,851076e65684c79c,https://dodo.ac/np/images/0/0c/Diner_Uniform_%28Black%29_NH_Icon.png
clothing,852014bbc35843b3,https://dodo.ac/np/images/e/eb/Light-Up_Flower_Crown_%28Pink%29_NH_Icon.png
clothing,8523b41717c16cf9,https://dodo.ac/np/images/c/c4/Tulip_Crown_NH_Icon.png
clothing,8533185b3310f297,https://dodo.ac/np/images/8/83/Black_Chic_Umbrella_NH_Icon.png
clothing,85410b638d579aaf,https://dodo.ac/np/images/b/bc/Yodel_Cardigan_%28Red%29_NH_Icon.png
clothing,854eaec997dd6bdb,https://dodo.ac/np/images/8/85/Maxi_Shirtdress_%28Red%29_NH_Icon.png
clothing,858235273ea39fc6,https://dodo.ac/np/images/1/16/Stylish_Jumpsuit_%28Gray%29_NH_Icon.png
clothing,85ae7a091504fa82,https://dodo.ac/np/images/4/43/Knit_Skirt_%28Pink%29_NH_Icon.png
clothing,85ba9e04e8a81ef5,https://dodo.ac/np/images/7/7f/Camo_Tee_%28Brown%29_NH_Icon.png
clothing,85d974e354ee4103,https://dodo.ac/np/images/7/78/Mage%27s_Hat_%28Black%29_NH_Icon.png
clothing,86105e736cb3e602,https://dodo.ac/np/images/9/93/Paisley_Bandanna_%28Black%29_NH_Icon.png
clothing,8635c343c26bae87,https://dodo.ac/np/images/3/39/Racing_Helmet_%28White%29_NH_Icon.png
clothing,8652b7f55bbfcf21,https://dodo.ac/np/images/3/38/Fish_Pochette_NH_Icon.png
clothing,86538281cd636ccd,https://dodo.ac/np/images/8/89/Stone-Egg_Outfit_NH_Icon.png
clothing,8664f59b1944a85f,https://dodo.ac/np/images/d/dd/Torn_Pants_%28Gray%29_NH_Icon.png
clothing,8755bd495a8e3716,https://dodo.ac/np/images/5/5d/Explorer%27s_Hat_%28Beige%29_NH_Icon.png
clothing,879639abfed6546a,https://dodo.ac/np/images/8/87/Maple-Leaf_Umbrella_NH_Icon.png
clothing,87c34a061b03594a,https://dodo.ac/np/images/8/8f/Ski_Boots_%28White%29_NH_Icon.png
clothing,883f070266380e0f,https://dodo.ac/np/images/4/4c/Apron_Skirt_%28Blue%29_NH_Icon.png
clothing,8863251a436ba0bc,https://dodo.ac/np/images/7/76/Baggy_Shirt_%28Gray%29_NH_Icon.png
clothing,88633d8af06a60c1,https://dodo.ac/np/images/f/f0/Flashy_Slacks_%28White%29_NH_Icon.png
clothing,887645d7cb22ee30,https://dodo.ac/np/images/9/97/Pleated_Mask_%28White%29_NH_Icon.png
clothing,88b477052b88fec8,https://dodo.ac/np/images/0/0e/Ogre_Costume_%28Red%29_NH_Icon.png
clothing,88e8db8d8c628a57,https://dodo.ac/np/images/9/94/Konnichiwa_Tee_NH_Icon.png
clothing,8919dd1ffd8b5993,https://dodo.ac/np/images/0/05/Office_Uniform_%28Gray%29_NH_Icon.png
clothing,89393cfcce14c679,https://dodo.ac/np/images/5/5f/Elder_Mask_NH_Icon.png
clothing,89477be5b79a81ce,https://dodo.ac/np/images/b/bc/Petal_Skirt_%28Cool%29_NH_Icon.png
clothing,89a4be90a866da77,https://dodo.ac/np/images/b/b9/Five-Ball_Tee_NH_Icon.png
clothing,89affc48eb8072bd,https://dodo.ac/np/images/8/8b/Top_Coat_%28Pink%29_NH_Icon.png
clothing,89d484c13e72cef1,https://dodo.ac/np/images/b/bc/Jester_Costume_%28Black_%26_White%29_NH_Icon.png
clothing,89dac888285fe1b3,https://dodo.ac/np/images/f/f7/Paradise_Planning_Umbrella_NH_Icon.png
clothing,89dacfd5ea5273f7,https://dodo.ac/np/images/1/1d/Morning-Glory_Yukata_%28White%29_NH_Icon.png
clothing,89deae61cd352930,https://dodo.ac/np/images/2/29/Checkered_Sweater_Vest_%28Gray%29_NH_Icon.png
clothing,8a7798687d499d0d,https://dodo.ac/np/images/7/74/Soft-Serve_Hat_%28Vanilla%29_NH_Icon.png
clothing,8aac4d976aa93cac,https://dodo.ac/np/images/6/60/Tool_Bag_NH_Icon.png
clothing,8ac1b392f106ca77,https://dodo.ac/np/images/a/a4/Plain_Do-Rag_%28Black%29_NH_Icon.png
clothing,8b338aa42fb52307,https://dodo.ac/np/images/c/c6/Ancient_Administrator_Hat_NH_Icon.png
clothing,8b797de9f180a6bf,https://dodo.ac/np/images/e/eb/Rhinestone_Shades_%28Red%29_NH_Icon.png
clothing,8b89126df242852f,https://dodo.ac/np/images/2/2e/DAL_Pilot_Jacket_NH_Icon.png
clothing,8bc7a88fc9763719,https://dodo.ac/np/images/3/3f/Festivale_Accessory_%28Red%29_NH_Icon.png
clothing,8bd7b8968aeb35df,https://dodo.ac/np/images/6/65/Simple_Knee-High_Socks_%28White%29_NH_Icon.png
clothing,8c03a77cfe01b909,https://dodo.ac/np/images/8/8a/Asian-Style_Clasp_Purse_%28Black%29_NH_Icon.png
clothing,8c51a6aed16f5e13,https://dodo.ac/np/images/b/b7/Junihitoe_Kimono_NH_Icon.png
clothing,8c593f83721c4d6f,https://dodo.ac/np/images/8/82/Candy_Umbrella_NH_Icon.png
clothing,8c91808d3bd9e079,https://dodo.ac/np/images/7/79/Foldover-Top_Backpack_%28Gray%29_NH_Icon.png
clothing,8cb60cb6c7a97830,https://dodo.ac/np/images/1/1c/Noble_Coat_%28White%29_NH_Icon.png
clothing,8cdf11444fd5e2bf,https://dodo.ac/np/images/9/99/Strawberry_Hat_NH_Icon.png
clothing,8d0a0172215b3b4b,https://dodo.ac/np/images/3/3c/Gold_Armor_NH_Icon.png
clothing,8d210e6eedfdd218,https://dodo.ac/np/images/3/39/Wig_with_Ribbon_%28Red%29_NH_Icon.png
clothing,8d2eaf32630247e7,https://dodo.ac/np/images/2/22/Fashionable_Royal_Dress_%28Pink%29_NH_Icon.png
clothing,8d3b896c63b1340a,https://dodo.ac/np/images/4/40/Paradise_Planning_Tee_NH_Icon.png
clothing,8dd447aa03fd3c88,https://dodo.ac/np/images/b/ba/DAL_Eye_Mask_NH_Icon.png
clothing,8dd60f9694ffe0bd,https://dodo.ac/np/images/9/99/Wedding_Shoes_NH_Icon.png
clothing,8de16fc8085990b3,https://dodo.ac/np/images/9/90/Casual_Kimono_%28Green%29_NH_Icon.png
clothing,8e08745554db5d03,https://dodo.ac/np/images/2/2d/Power_Boots_%28Black%29_NH_Icon.png
clothing,8e41d4eb6b6f943d,https://dodo.ac/np/images/9/95/Jinbei_%28Gray%29_NH_Icon.png
clothing,8e5aad373fc82fb3,https://dodo.ac/np/images/4/4b/Hotel_Umbrella_NH_Icon.png
clothing,8e7c3e65047d7813,https://dodo.ac/np/images/4/46/Bulb_Bopper_NH_Icon.png
clothing,8e82f7f7aa49c659,https://dodo.ac/np/images/8/83/Pilot%27s_Cap_%28Black%29_NH_Icon.png
clothing,8e95578e65ee813c,https://dodo.ac/np/images/0/0c/Denim_Pants_%28Blue%29_NH_Icon.png
clothing,8e9646296b9f3fe0,https://dodo.ac/np/images/b/b4/Plaid_Puffed-Sleeve_Shirt_%28Energetic_Plaid%29_NH_Icon.png
clothing,8eeaf9cccf73c557,https://dodo.ac/np/images/3/3a/Woven-Vines_Hat_NH_Icon.png
clothing,8ef2e92099baa91f,https://dodo.ac/np/images/8/86/Mum_Crown_NH_Icon.png
clothing,8f3733f85135c853,https://dodo.ac/np/images/b/b0/Leaf-Egg_Shell_NH_Icon.png
clothing,8ffc7e85550c1492,https://dodo.ac/np/images/8/87/Nose_Drip_NH_Icon.png
clothing,908c21a0c0a12a24,https://dodo.ac/np/images/e/e3/Eggshell_NH_Icon.png
clothing,90b62af536408d3e,https://dodo.ac/np/images/3/32/Department-Store_Paper_Bag_%28Blue%29_NH_Icon.png
clothing,90f588d5d03caab3,https://dodo.ac/np/images/f/fb/Corduroy_Pants_%28Light_Gray%29_NH_Icon.png
clothing,912241e93387de2e,https://dodo.ac/np/images/d/d2/Plumeria_Hairpin_%28White%29_NH_Icon.png
clothing,912d0f69b5a0b42b,https://dodo.ac/np/images/3/31/Holiday_Sweater_%28Red%29_NH_Icon.png
clothing,918aafc7d33881af,https://dodo.ac/np/images/b/b6/Pleather_Patch_Skirt_%28Red%29_NH_Icon.png
clothing,91d8629439289914,https://dodo.ac/np/images/b/b5/OK_Motors_Jacket_NH_Icon.png
clothing,924fd9419236e223,https://dodo.ac/np/images/c/c5/Colorful_Striped_Knit_Cap_%28Red%29_NH_Icon.png
clothing,929c52a8a627199a,https://dodo.ac/np/images/a/aa/Detective_Hat_%28Gray%29_NH_Icon.png
clothing,92af0ffeb91b59e3,https://dodo.ac/np/images/0/07/Chiton_NH_Icon.png
clothing,92c813f6ac59f7a4,https://dodo.ac/np/images/2/25/Lemon_Umbrella_NH_Icon.png
clothing,92f24d19a6a95cba,https://dodo.ac/np/images/4/4a/Rumba_Dress_%28Red%29_NH_Icon.png
clothing,9308d28e00bc2d96,https://dodo.ac/np/images/b/b9/Nook_Inc._Aloha_Shirt_NH_Icon.png
clothing,930e9fde9d33c164,https://dodo.ac/np/images/e/e4/Kiki_%26_Lala_Tee_NH_Icon.png
clothing,9335f1c341cf8dee,https://dodo.ac/np/images/d/da/Market_Auctioneer%27s_Cap_%28Blue%29_NH_Icon.png
clothing,93421b71b6368431,https://dodo.ac/np/images/0/0e/Bread-Print_Eco_Bag_NH_Icon.png
clothing,935b9cc17070582b,https://dodo.ac/np/images/8/80/Patchwork_Tulip_Hat_%28Pink%29_NH_Icon.png
clothing,935c96e5fbb55860,https://dodo.ac/np/images/2/2c/Pompompurin_Hat_NH_Icon.png
clothing,938f5d8c6f2a8f68,https://dodo.ac/np/images/4/49/Western_Pants_NH_Icon.png
clothing,93c26fa74755881a,https://dodo.ac/np/images/8/85/Cyber_Suit_%28Pink%29_NH_Icon.png
clothing,93d4200f6ebe793f,https://dodo.ac/np/images/8/8d/Kung-Fu_Shoes_NH_Icon.png
clothing,93d906d0aa16e1b3,https://dodo.ac/np/images/2/2e/Patched-Knee_Pants_%28Yellow%29_NH_Icon.png
clothing,93dee6250cd3bcb6,https://dodo.ac/np/images/4/4a/Tartan-Check_Umbrella_NH_Icon.png
clothing,93e2c8533aba65fa,https://dodo.ac/np/images/8/8a/Sky-Egg_Shoes_NH_Icon.png
clothing,945d6af851cf915e,https://dodo.ac/np/images/d/db/Terry-Cloth_Socks_%28Gray%29_NH_Icon.png
clothing,9487b8d58cfb72aa,https://dodo.ac/np/images/3/3c/Floral_Lace_Skirt_%28Black%29_NH_Icon.png
clothing,94c57a1815c05f41,https://dodo.ac/np/images/3/36/Star_Head_NH_Icon.png
clothing,954ac8f4637e857b,https://dodo.ac/np/images/2/29/Casual_Chic_Dress_%28Pink%29_NH_Icon.png
clothing,955824aa6701d829,https://dodo.ac/np/images/5/51/Chesterfield_Coat_%28Gray%29_NH_Icon.png
clothing,955c8c5326cd4051,https://dodo.ac/np/images/9/97/Floral_Lace_Dress_%28Black%29_NH_Icon.png
clothing,9560907feb0d3809,https://dodo.ac/np/images/7/7d/Cycling_Shirt_%28Blue_%26_White%29_NH_Icon.png
clothing,956eb4819503378f,https://dodo.ac/np/images/b/ba/Luigi_Shoes_NH_Icon.png
clothing,95aed4eb130f7b71,https://dodo.ac/np/images/9/91/Shorts_Outfit_%28Black%29_NH_Icon.png
clothing,964b034ac1819e76,https://dodo.ac/np/images/9/93/Camo_Pants_%28Brown%29_NH_Icon.png
clothing,968a9936b9419e47,https://dodo.ac/np/images/e/e1/Embroidered-Pattern_Skirt_%28Red%29_NH_Icon.png
clothing,96d935fb11768198,https://dodo.ac/np/images/3/3c/Mummy_Outfit_NH_Icon.png
clothing,96e555594e1b75dc,https://dodo.ac/np/images/4/48/Ghost_Umbrella_NH_Icon.png
clothing,9730309ed544526e,https://dodo.ac/np/images/a/ac/Knee_Bandages_NH_Icon.png
clothing,973591e648fb971b,https://dodo.ac/np/images/4/4a/Paradise_Planning_Jacket_NH_Icon.png
clothing,97544d6484d3dee9,https://dodo.ac/np/images/4/41/Catcher%27s_Mask_%28Orange%29_NH_Icon.png
clothing,975ce50abee1f4d5,https://dodo.ac/np/images/8/8a/Frilly_Socks_%28White%29_NH_Icon.png
clothing,97612dff26984e2d,https://dodo.ac/np/images/1/12/Snowflake_Sweater_%28Light_Blue%29_NH_Icon.png
clothing,977f7f72bd10d3d1,https://dodo.ac/np/images/7/7a/Tweed_Frilly_Skirt_%28Gray%29_NH_Icon.png
clothing,979986c814ced3f0,https://dodo.ac/np/images/0/02/Spider-Web_Tights_%28White%29_NH_Icon.png
clothing,97ce2b9ad7eabc9b,https://dodo.ac/np/images/1/1a/Henley_Shirt_%28Mustard%29_NH_Icon.png
clothing,97d2abf4e795cb8d,https://dodo.ac/np/images/2/21/Student_Cap_%28Black%29_NH_Icon.png
clothing,97dc0ab48dda1006,https://dodo.ac/np/images/1/1e/Gumdrop_Dress_%28Pop%29_NH_Icon.png
clothing,97fece389f6e66ad,https://dodo.ac/np/images/9/9c/Sleeveless_Silk_Dress_%28White%29_NH_Icon.png
clothing,980a7a4b454a312c,https://dodo.ac/np/images/9/97/Hero_Suit_Replica_NH_Icon.png
clothing,982117b35fc05a9a,https://dodo.ac/np/images/0/09/DAL_Sunglasses_NH_Icon.png
clothing,983b1ba20e5eb23b,https://dodo.ac/np/images/2/29/Denim_Leggings_%28Indigo_Blue%29_NH_Icon.png
clothing,9871cdc0d3db8cc8,https://dodo.ac/np/images/6/63/Orange_Dress_NH_Icon.png
clothing,98c3a1c4b3ac65ad,https://dodo.ac/np/images/7/76/Poncho-Style_Sweater_%28Gray%29_NH_Icon.png
clothing,9919c692962bb0e9,https://dodo.ac/np/images/0/07/Jester%27s_Shoes_%28Black%29_NH_Icon.png
clothing,994e92a519fabb79,https://dodo.ac/np/images/e/ee/Tailored_Jacket_%28Gray%29_NH_Icon.png
clothing,996dfdd32e32f769,https://dodo.ac/np/images/5/52/Pirate_Outfit_%28Black%29_NH_Icon.png
clothing,997be6e150f19e58,https://dodo.ac/np/images/1/11/Thank-You_Dad_Apron_%28Black%29_NH_Icon.png
clothing,9a0bdc21440432c1,https://dodo.ac/np/images/4/47/Egg_Party_Hat_NH_Icon.png
clothing,9a471ff47f1f309a,https://dodo.ac/np/images/b/b2/Mermaid_Princess_Dress_%28Pink%29_NH_Icon.png
clothing,9a9f04250c5bcdce,https://dodo.ac/np/images/9/92/Earth-Egg_Outfit_NH_Icon.png
clothing,9aaff12856ba36ef,https://dodo.ac/np/images/a/a3/Nook_Inc._Wet_Suit_NH_Icon.png
clothing,9ac7a7266087a6a9,https://dodo.ac/np/images/2/27/Woven-Vine_Pochette_NH_Icon.png
clothing,9ac8bdc6ec7b8595,https://dodo.ac/np/images/1/15/3D_Glasses_%28White%29_NH_Icon.png
clothing,9ad82bbeed6641ec,https://dodo.ac/np/images/d/d2/Candy-Skull_Mask_%28Orange%29_NH_Icon.png
clothing,9b12afc1a6e89c71,https://dodo.ac/np/images/4/46/Mom%27s_Hand-Knit_Sweater_%28Quilted_Pattern%29_NH_Icon.png
clothing,9b1935166723ec14,https://dodo.ac/np/images/5/51/Thief%27s_Costume_NH_Icon.png
clothing,9b1cd16ea95cc4e2,https://dodo.ac/np/images/3/39/Viking_Top_%28Gray%29_NH_Icon.png
clothing,9b2349c921cbc25e,https://dodo.ac/np/images/e/ef/Dotted_Shorts_%28Gray%29_NH_Icon.png
clothing,9b2902ee5cf9497d,https://dodo.ac/np/images/e/e7/Ninja_Costume_%28Dark_Blue%29_NH_Icon.png
clothing,9b310bb56545bf44,https://dodo.ac/np/images/b/b7/Dolly_Shirt_%28Pink%29_NH_Icon.png
clothing,9b3ebe31d9abeeea,https://dodo.ac/np/images/5/5c/Cowboy_Boots_%28Ivory%29_NH_Icon.png
clothing,9b880abc3ba51f56,https://dodo.ac/np/images/d/de/Outdoor_Shorts_%28Black%29_NH_Icon.png
clothing,9c1872f9d3fe691e,https://dodo.ac/np/images/0/0d/Prom_Sash_%28White%29_NH_Icon.png
clothing,9c1ed95f7ae2fc2b,https://dodo.ac/np/images/a/a2/Newsprint_Helmet_NH_Icon.png
clothing,9c234437a4117700,https://dodo.ac/np/images/b/b5/Labelle_Dress_%28Midnight%29_NH_Icon.png
clothing,9c38e831f4b3d781,https://dodo.ac/np/images/f/f1/Nurse%27s_Dress_Uniform_%28White%29_NH_Icon.png
clothing,9cca24ced845b074,https://dodo.ac/np/images/c/c8/Nine-Ball_Tee_NH_Icon.png
clothing,9ce3ffcb86981e4f,https://dodo.ac/np/images/4/40/Heart_Sweater_%28Red%29_NH_Icon.png
clothing,9cecb75781bd5062,https://dodo.ac/np/images/4/44/Kurta_%28Gray%29_NH_Icon.png
clothing,9d9922c458667be5,https://dodo.ac/np/images/4/41/Silly_Glasses_%28Purple%29_NH_Icon.png
clothing,9e2908f9532fd59c,https://dodo.ac/np/images/1/18/Sword_in_Scabbard_%28Red%29_NH_Icon.png
clothing,9e2c276fc1655a86,https://dodo.ac/np/images/c/c9/Blossom_Dress_%28Pink%29_NH_Icon.png
clothing,9e4730f3ed0be9b7,https://dodo.ac/np/images/2/27/Sleeveless_Sweater_Dress_%28White%29_NH_Icon.png
clothing,9e6c9c02627412a3,https://dodo.ac/np/images/a/a3/Kerokerokeroppi_Tank_Top_NH_Icon.png
clothing,9eaaab3be8a28556,https://dodo.ac/np/images/6/6e/Colorful_Striped_Sweater_%28White%2C_Yellow_%26_Red%29_NH_Icon.png
clothing,9eb9142311050374,https://dodo.ac/np/images/f/f8/Bug_Aloha_Shirt_NH_Icon.png
clothing,9f92e47585d473c5,https://dodo.ac/np/images/7/7b/Mesh_Cap_%28Black%29_NH_Icon.png
clothing,9fa65e10d82a4a46,https://dodo.ac/np/images/a/a9/Double_Nose_Tissues_NH_Icon.png
clothing,9fa81f3becafb776,https://dodo.ac/np/images/8/8e/Pirate_Eye_Patch_NH_Icon.png
clothing,9fee7499b5ba75f5,https://dodo.ac/np/images/b/bd/Dark_Lily_Crown_NH_Icon.png
clothing,9ff9aacdc03fc140,https://dodo.ac/np/images/9/96/Paintball_Mask_%28White%29_NH_Icon.png
clothing,a06435d63124ad55,https://dodo.ac/np/images/a/a1/Misty_Tee_NH_Icon.png
clothing,a07206f0fa703344,https://dodo.ac/np/images/1/1d/Purple_Chic_Umbrella_NH_Icon.png
clothing,a07aa44d09e2557d,https://dodo.ac/np/images/c/c5/Quilted_Down_Jacket_%28Gray%29_NH_Icon.png
clothing,a07affc61b1b4e0b,https://dodo.ac/np/images/4/40/Miko_Attire_%28Vermilion%29_NH_Icon.png
clothing,a0c0304f7ca08ffc,https://dodo.ac/np/images/d/dc/Pompompurin_Outfit_NH_Icon.png
clothing,a0cf00ba60e585c2,https://dodo.ac/np/images/a/a2/Pleather_Flare_Skirt_%28White%29_NH_Icon.png
clothing,a0dc5b7032bbe415,https://dodo.ac/np/images/a/a7/Collarless_Coat_%28Gray%29_NH_Icon.png
clothing,a0ed216c8f7796b1,https://dodo.ac/np/images/4/46/Cook_Cap_with_Logo_%28Black%29_NH_Icon.png
clothing,a116a7ac658d804e,https://dodo.ac/np/images/9/9c/Paradise_Planning_Dress_NH_Icon.png
clothing,a125900651d7ffe5,https://dodo.ac/np/images/6/60/Nook_Inc._Tee_NH_Icon.png
clothing,a12ce4cd2b51ba25,https://dodo.ac/np/images/6/67/Plaid-Print_Dress_%28Energetic_Plaid%29_NH_Icon.png
clothing,a13450d17d450e0f,https://dodo.ac/np/images/b/b0/Pineapple_Aloha_Shorts_%28Red%29_NH_Icon.png
clothing,a1bb5b237adbe4aa,https://dodo.ac/np/images/d/da/Kids%27_Smock_%28Tulip%29_NH_Icon.png
clothing,a21ccced520e92a5,https://dodo.ac/np/images/4/47/Nook_Inc._Knapsack_NH_Icon.png
clothing,a227083222f1d6d2,https://dodo.ac/np/images/a/a0/Dance-Team_Jacket_%28White%29_NH_Icon.png
clothing,a22d2c24fe243fdb,https://dodo.ac/np/images/5/54/Lettered_Cap_%28Red%29_NH_Icon.png
clothing,a27ed81b2ea6b86d,https://dodo.ac/np/images/1/15/Superhero_Uniform_%28Black%29_NH_Icon.png
clothing,a28a4f1697a46ff3,https://dodo.ac/np/images/4/42/Privacy_Mask_NH_Icon.png
clothing,a2932370d0d7a95e,https://dodo.ac/np/images/a/a8/Reindeer_Hat_NH_Icon.png
clothing,a2aa7a7ed61d7c6f,https://dodo.ac/np/images/3/33/Lacy_Tank_%28White%29_NH_Icon.png
clothing,a2b473d2ce3913bf,https://dodo.ac/np/images/7/7a/Yodel_Sweater_%28Off-White%29_NH_Icon.png
clothing,a30a720617e58f18,https://dodo.ac/np/images/a/a4/Baseball_Cap_%28Orange%29_NH_Icon.png
clothing,a387bedaeceb5713,https://dodo.ac/np/images/e/ed/Pleather_Trench_Coat_%28Black%29_NH_Icon.png
clothing,a3be6412a8de9cb8,https://dodo.ac/np/images/d/d8/Fringe_Skirt_%28White%29_NH_Icon.png
clothing,a3dc31749f8ff1a7,https://dodo.ac/np/images/9/99/Night-Vision_Goggles_NH_Icon.png
clothing,a448ae9426cd3ad0,https://dodo.ac/np/images/0/0d/Simple_Knit_Sweater_%28White%29_NH_Icon.png
clothing,a45cf87a743610f9,https://dodo.ac/np/images/3/30/Flip-Flops_%28White%29_NH_Icon.png
clothing,a472e16cdbbd44c9,https://dodo.ac/np/images/f/f6/Orange_Hotel_Cardigan_NH_Icon.png
clothing,a47343573ad2e3db,https://dodo.ac/np/images/8/87/Emblem_Blazer_%28Berry_Red%29_NH_Icon.png
clothing,a518b7706ebb9ec6,https://dodo.ac/np/images/8/88/Shamrock_Shoes_NH_Icon.png
clothing,a5199319f0fd7080,https://dodo.ac/np/images/a/ab/Leaf-Egg_Shoes_NH_Icon.png
clothing,a51b1dc42ec23336,https://dodo.ac/np/images/2/2b/Skateboarding_Helmet_%28White%29_NH_Icon.png
clothing,a607984445c5f7de,https://dodo.ac/np/images/9/93/Picnic_Umbrella_NH_Icon.png
clothing,a62da7c4eb6730dd,https://dodo.ac/np/images/4/46/Samurai_Hakama_%28White%29_NH_Icon.png
clothing,a6b6b46a011d8ce6,https://dodo.ac/np/images/b/b1/DAL_Umbrella_NH_Icon.png
clothing,a6bf0299935d7749,https://dodo.ac/np/images/3/30/Skull_Tee_%28Black%29_NH_Icon.png
clothing,a6c3273123e6cc9d,https://dodo.ac/np/images/4/48/Log_Pack_NH_Icon.png
clothing,a6e4027e5499e592,https://dodo.ac/np/images/d/d6/Zigzag_Shirt_NH_Icon.png
clothing,a6e54a65911caf78,https://dodo.ac/np/images/0/0d/Zen_Clasp_Purse_%28Dark_Blue%29_NH_Icon.png
clothing,a74b8387cfbe3a89,https://dodo.ac/np/images/e/e4/Rabbit_Tee_NH_Icon.png
clothing,a75960870bb4f93c,https://dodo.ac/np/images/f/f4/Marble-Print_Dress_%28Pink%29_NH_Icon.png
clothing,a78941783a6b4e8a,https://dodo.ac/np/images/a/a0/Labelle_Socks_%28Midnight%29_NH_Icon.png
clothing,a843895afdc35d38,https://dodo.ac/np/images/3/3c/Bat_Umbrella_NH_Icon.png
clothing,a86ee8f66ae71784,https://dodo.ac/np/images/d/d7/Embellished_Denim_Pants_%28Blue%29_NH_Icon.png
clothing,a87ba696785153f4,https://dodo.ac/np/images/4/4e/Sporty_Sandals_%28Red%29_NH_Icon.png
clothing,a8d7c948b21df92f,https://dodo.ac/np/images/2/2e/Ballet_Slippers_%28Black%29_NH_Icon.png
clothing,a8f3bdb59c19d9af,https://dodo.ac/np/images/c/cb/Flashy_Pointy-Ear_Animal_Hat_%28White%29_NH_Icon.png
clothing,a927ba7ade00ccf9,https://dodo.ac/np/images/c/cc/Mario_Hat_NH_Icon.png
clothing,a9bd9f7cab9fe73a,https://dodo.ac/np/images/0/06/Forest-Print_Dress_%28Pink%29_NH_Icon.png
clothing,a9ce2c5c2f5241d1,https://dodo.ac/np/images/a/ae/Hotel_Bandanna_NH_Icon.png
clothing,aa10bdd2ea1553cd,https://dodo.ac/np/images/1/17/Two-Ball_Tee_NH_Icon.png
clothing,aa11a3db0e8aa75d,https://dodo.ac/np/images/a/a9/Sunflower_Dress_%28White%29_NH_Icon.png
clothing,aa2158866819a3cf,https://dodo.ac/np/images/4/4c/Flashy_Animal_Boots_%28White%29_NH_Icon.png
clothing,aa24d4e641feaedb,https://dodo.ac/np/images/6/66/Three-Quarter_Sweatpants_%28Black%29_NH_Icon.png
clothing,aa60e39877d4080d,https://dodo.ac/np/images/c/c1/Sleeveless_Tunic_%28White%29_NH_Icon.png
clothing,aa9dc587fe9c7c32,https://dodo.ac/np/images/f/f7/School_Hat_%28Yellow%29_NH_Icon.png
clothing,aada0a33efffdc17,https://dodo.ac/np/images/4/4d/Basic_Pumps_%28Black%29_NH_Icon.png
clothing,aae40c3fa8c7d3f0,https://dodo.ac/np/images/1/17/Cowboy_Shirt_%28Red%29_NH_Icon.png
clothing,aaed1f69f72c330b,https://dodo.ac/np/images/a/a1/Striped_Basket_Bag_%28Brown%29_NH_Icon.png
clothing,ab2ab2b83ec9e93a,https://dodo.ac/np/images/b/b9/Twisted_Hachimaki_%28Blue%29_NH_Icon.png
clothing,ab62bd9e6859beb4,https://dodo.ac/np/images/f/f7/Four-Ball_Tee_NH_Icon.png
clothing,abe3a4b9861c1e9a,https://dodo.ac/np/images/7/79/Rose-Print_Skirt_%28Red_Roses_on_Black%29_NH_Icon.png
clothing,ac2e3e058fdeecc4,https://dodo.ac/np/images/0/07/Round_Shades_%28White%29_NH_Icon.png
clothing,ac31e30102c4cde5,https://dodo.ac/np/images/a/a4/No._3_Shirt_NH_Icon.png
clothing,ac6a57394933f95b,https://dodo.ac/np/images/c/c8/Paradise_Planning_Sandals_NH_Icon.png
clothing,ac758603d9d9ba40,https://dodo.ac/np/images/5/5e/Prince%27s_Tunic_%28Red%29_NH_Icon.png
clothing,ac9a70f1a10baa6f,https://dodo.ac/np/images/7/73/Faux-Suede_Sneakers_%28Berry_Red%29_NH_Icon.png
clothing,ad29dc3162717d2c,https://dodo.ac/np/images/0/04/Baji_Jeogori_%28Black%29_NH_Icon.png
clothing,ad4f911486b4be21,https://dodo.ac/np/images/b/b4/Sequin_Leggings_%28White%29_NH_Icon.png
clothing,ad5a354ad51d58ea,https://dodo.ac/np/images/6/6e/Clutch_%28Light_Brown%29_NH_Icon.png
clothing,ad6fb35ebbe2cd8d,https://dodo.ac/np/images/3/3a/Funny_Glasses_%28Pink%29_NH_Icon.png
clothing,ad7734e3f0afd55a,https://dodo.ac/np/images/b/b7/Text_Shirt_%28White%29_NH_Icon.png
clothing,ad8264f4e1cfc9d7,https://dodo.ac/np/images/d/d1/Nurse%27s_Cap_%28White%29_NH_Icon.png
clothing,adc282c2d3ccb2b2,https://dodo.ac/np/images/9/9d/Retro_Shades_%28Yellow%29_NH_Icon.png
clothing,adf7d74720d730b0,https://dodo.ac/np/images/a/af/Botanical_Shorts_%28White%29_NH_Icon.png
clothing,ae3f34004639a219,https://dodo.ac/np/images/7/71/Slacks_%28White%29_NH_Icon.png
clothing,ae5a5d5f1e7889df,https://dodo.ac/np/images/d/d3/Python-Print_Slacks_%28Brown%29_NH_Icon.png
clothing,ae7066daa642f19b,https://dodo.ac/np/images/8/87/Tee-Parka_Combo_%28Pink%29_NH_Icon.png
clothing,ae77266edd880874,https://dodo.ac/np/images/7/79/Dreamy_Ribbon_Pochette_NH_Icon.png
clothing,ae87d8df39f9e878,https://dodo.ac/np/images/b/b9/Ribboned_Straw_Hat_%28Black%29_NH_Icon.png
clothing,ae923dea8fe5ba91,https://dodo.ac/np/images/6/60/Windbreaker_%28Black%29_NH_Icon.png
clothing,aec6cbfe67721364,https://dodo.ac/np/images/3/30/Peasant_Blouse_%28White%29_NH_Icon.png
clothing,aeee69eaea80a95c,https://dodo.ac/np/images/9/9c/Fitness_Tank_%28Black%29_NH_Icon.png
clothing,af33b8a01bc8cb15,https://dodo.ac/np/images/a/a0/Shamrock_Suit_NH_Icon.png
clothing,af5b0d6b5c1aa178,https://dodo.ac/np/images/4/43/Square_Backpack_%28Pink%29_NH_Icon.png
clothing,af90f424858b5ed2,https://dodo.ac/np/images/b/b9/Hyacinth_Crown_NH_Icon.png
clothing,b04b4c1f4918450d,https://dodo.ac/np/images/c/cf/Holey_Socks_%28Blue%29_NH_Icon.png
clothing,b04de06bfb3ed0f4,https://dodo.ac/np/images/2/29/Schoolbag_%28Blue%29_NH_Icon.png
clothing,b08672629ddbc2a7,https://dodo.ac/np/images/5/57/Tabi_%28White%29_NH_Icon.png
clothing,b0b573d67c351840,https://dodo.ac/np/images/2/23/Figure-Skating_Dress_%28Black%29_NH_Icon.png
clothing,b0c396cf248ffa69,https://dodo.ac/np/images/b/b7/Flashy_Animal_Costume_%28White%29_NH_Icon.png
clothing,b119f7b68250fcd5,https://dodo.ac/np/images/6/6d/Ni_Hao_Tee_NH_Icon.png
clothing,b13d7e75df6f88ee,https://dodo.ac/np/images/e/e5/Hero_Boot_Replicas_NH_Icon.png
clothing,b17b792560586c15,https://dodo.ac/np/images/c/cc/Vest_with_Binoculars_NH_Icon.png
clothing,b18db0a2ec2e3f12,https://dodo.ac/np/images/b/b8/Flower_Bopper_NH_Icon.png
clothing,b1fe64f79f6f5906,https://dodo.ac/np/images/7/78/Striped_Tee_%28White%29_NH_Icon.png
clothing,b1ffd711f48e613c,https://dodo.ac/np/images/a/ad/Winklepickers_%28White%29_NH_Icon.png
clothing,b203cf1b2d9e47c0,https://dodo.ac/np/images/1/10/Logo_Paper_Bag_%28Green%29_NH_Icon.png
clothing,b206f30efc1c7285,https://dodo.ac/np/images/d/de/White_Hotel_Tee_NH_Icon.png
clothing,b230aba41eb90ed5,https://dodo.ac/np/images/b/b3/Curly_Mustache_NH_Icon.png
clothing,b2840b624c4d1b58,https://dodo.ac/np/images/e/e5/Dress_Pants_%28Berry_Red%29_NH_Icon.png
clothing,b296f17c6b5b6b6a,https://dodo.ac/np/images/5/5c/Bomber-Style_Skirt_%28Black%29_NH_Icon.png
clothing,b2aec3c7de9ad8e8,https://dodo.ac/np/images/9/93/Victorian_Dress_%28Red%29_NH_Icon.png
clothing,b2f4a43af3cbfd70,https://dodo.ac/np/images/6/65/Barista_Uniform_%28Black%29_NH_Icon.png
clothing,b2f89234b712eeb3,https://dodo.ac/np/images/c/c7/Hydrangea_Umbrella_NH_Icon.png
clothing,b30d04c9a2b78e0b,https://dodo.ac/np/images/e/e9/Hot-Dog_Hood_NH_Icon.png
clothing,b33ecdafa2101d54,https://dodo.ac/np/images/f/f8/Zebra-Print_Shoulder_Bag_%28White%29_NH_Icon.png
clothing,b37975af0a47d5bd,https://dodo.ac/np/images/b/be/Shawl-and-Dress_Combo_%28Black%29_NH_Icon.png
clothing,b43864ea03dadb05,https://dodo.ac/np/images/2/22/Chimayo_Vest_%28White%29_NH_Icon.png
clothing,b44b8eee97a7734a,https://dodo.ac/np/images/5/5d/Loafers_%28White%29_NH_Icon.png
clothing,b450e6b2371e1cd0,https://dodo.ac/np/images/0/00/Eight-Ball_Tee_NH_Icon.png
clothing,b462ac620e1190b4,https://dodo.ac/np/images/7/7e/Pear_Hat_NH_Icon.png
clothing,b47f37707aa1a650,https://dodo.ac/np/images/a/af/Long_Chino_Skirt_%28Gray%29_NH_Icon.png
clothing,b509c065f5a4bd22,https://dodo.ac/np/images/2/2f/One-Ball_Tee_NH_Icon.png
clothing,b5265beb3a952c6b,https://dodo.ac/np/images/1/15/Coatigan_%28Gray%29_NH_Icon.png
clothing,b54299f0dccec342,https://dodo.ac/np/images/c/cc/Shamrock_Hat_NH_Icon.png
clothing,b55b776dcdc8d5f4,https://dodo.ac/np/images/c/ca/Pig_Nose_NH_Icon.png
clothing,b5d06a0040640262,https://dodo.ac/np/images/a/a0/Gingham_Picnic_Skirt_%28Gray%29_NH_Icon.png
clothing,b5f96eeb26cc5def,https://dodo.ac/np/images/3/33/No-Show_Socks_%28White%29_NH_Icon.png
clothing,b68bb0fa0fe86c8c,https://dodo.ac/np/images/2/2a/Pleather_Shorts_%28White%29_NH_Icon.png
clothing,b6fd091c815f9bc4,https://dodo.ac/np/images/2/26/Maple-Leaf_Pochette_NH_Icon.png
clothing,b7388b4ead651b2c,https://dodo.ac/np/images/0/06/Denim_Cap_%28Blue%29_NH_Icon.png
clothing,b75145cede83df65,https://dodo.ac/np/images/9/93/Dreamy_Sweater_%28Pink%29_NH_Icon.png
clothing,b75e969149c19993,https://dodo.ac/np/images/d/d1/Layered_Socks_%28Red%29_NH_Icon.png
clothing,b77f09c766ee4983,https://dodo.ac/np/images/3/35/HMD_NH_Icon.png
clothing,b7a00b165b5e58e3,https://dodo.ac/np/images/8/85/Tiger_Jacket_NH_Icon.png
clothing,b7b6d825a46312f8,https://dodo.ac/np/images/7/70/Leopard_Tee_%28Gray%29_NH_Icon.png
clothing,b7cccd5c403856b6,https://dodo.ac/np/images/c/cc/Mini_Pleather_Bag_%28White%29_NH_Icon.png
clothing,b7d36b1cee19f53b,https://dodo.ac/np/images/3/35/Watermelon_Hat_NH_Icon.png
clothing,b88b271a657ae7cf,https://dodo.ac/np/images/7/79/Caterpillar_Costume_%28Green%29_NH_Icon.png
clothing,b89958655878314c,https://dodo.ac/np/images/1/10/Headgear_%28Red%29_NH_Icon.png
clothing,b8b1a70ed9ce511b,https://dodo.ac/np/images/7/72/Lace_Skirt_%28White%29_NH_Icon.png
clothing,b8f2b04eae599116,https://dodo.ac/np/images/2/2e/Labelle_Knit_Shirt_%28Midnight%29_NH_Icon.png
clothing,b9a4e470881e78c6,https://dodo.ac/np/images/c/c4/Tiara_Hair_%28Silver%29_NH_Icon.png
clothing,b9a98e9fe1c799de,https://dodo.ac/np/images/b/b4/OK_Motors_Cap_NH_Icon.png
clothing,b9b5f93adb30e4ce,https://dodo.ac/np/images/4/4b/Chain_Pants_%28White%29_NH_Icon.png
clothing,b9e106c8c32ed6af,https://dodo.ac/np/images/8/82/Dynamic_Tank_Top_%28Black%29_NH_Icon.png
clothing,b9e365a9e6a0b319,https://dodo.ac/np/images/6/6f/Letter_Jacket_%28Red%29_NH_Icon.png
clothing,b9f42d17654fae30,https://dodo.ac/np/images/c/c3/Dirty_Tank_Top_%28White%29_NH_Icon.png
clothing,ba08a1c892064b94,https://dodo.ac/np/images/6/66/Halo_NH_Icon.png
clothing,ba6a10a360ff89d0,https://dodo.ac/np/images/6/6e/Dragon_Jacket_NH_Icon.png
clothing,ba7fae2258e533a8,https://dodo.ac/np/images/8/88/Mary_Janes_%28White%29_NH_Icon.png
clothing,ba94a5002afda56c,https://dodo.ac/np/images/4/4d/Embroidered_Floral_Skirt_%28Berry_Red%29_NH_Icon.png
clothing,ba9bb6d03e980b90,https://dodo.ac/np/images/e/ec/Fischerhemd_NH_Icon.png
clothing,bac93195d58aa46b,https://dodo.ac/np/images/5/5e/Green_Chic_Umbrella_NH_Icon.png
clothing,bae701607963b7ff,https://dodo.ac/np/images/5/5a/Terry-Cloth_Do-Rag_%28White%29_NH_Icon.png
clothing,bb09bd3d59d889ef,https://dodo.ac/np/images/7/7e/Steampunk_Hat_%28Red%29_NH_Icon.png
clothing,bb83a7f37699110e,https://dodo.ac/np/images/a/a6/Short-Sleeve_Dress_Shirt_%28White%29_NH_Icon.png
clothing,bb8400b7a35eec55,https://dodo.ac/np/images/e/e4/Nook_Inc._Snorkel_NH_Icon.png
clothing,bb90d1280babd05c,https://dodo.ac/np/images/9/9f/Shirtdress_%28Olive%29_NH_Icon.png
clothing,bb9b3f65cc168ba6,https://dodo.ac/np/images/5/5f/Knee_Braces_%28Black_%26_Red%29_NH_Icon.png
clothing,bbbdbf72ac393e27,https://dodo.ac/np/images/4/4b/Beaded_Clasp_Purse_%28Purple%29_NH_Icon.png
clothing,bbfd13bd066b0ead,https://dodo.ac/np/images/8/8a/Career_Skirt_%28Gray%29_NH_Icon.png
clothing,bc626d0eee6e2b08,https://dodo.ac/np/images/a/a4/Beaded_Sandals_%28Red%29_NH_Icon.png
clothing,bcce58bb4c18f9a0,https://dodo.ac/np/images/5/58/Elegant_Dress_%28Berry_Red%29_NH_Icon.png
clothing,bd1bab343bd2ae65,https://dodo.ac/np/images/f/fa/Acorn_Pochette_NH_Icon.png
clothing,bd3ac0fe894a5183,https://dodo.ac/np/images/e/e3/Handmade_Crown_NH_Icon.png
clothing,bd3de9633b7367df,https://dodo.ac/np/images/0/0f/Explorer_Shirt_%28Beige%29_NH_Icon.png
clothing,bdacd336999246cb,https://dodo.ac/np/images/f/fd/Groovy_Shirt_%28Red%29_NH_Icon.png
clothing,bdc4a62ca9147ab9,https://dodo.ac/np/images/2/2d/Pineapple_Umbrella_NH_Icon.png
clothing,be4e6e96d081a060,https://dodo.ac/np/images/f/fc/Purple_Pansy_Crown_NH_Icon.png
clothing,be87d79091756755,https://dodo.ac/np/images/7/7c/Sea_Captain%27s_Coat_%28Black%29_NH_Icon.png
clothing,be9af581000afa1f,https://dodo.ac/np/images/c/ca/Comedian%27s_Pants_%28White%29_NH_Icon.png
clothing,bedf440a500af8b0,https://dodo.ac/np/images/7/72/Windflower_Crown_NH_Icon.png
clothing,beeeb3a19d667bc3,https://dodo.ac/np/images/b/bc/Oversized_Shawl_Overshirt_%28Gray%29_NH_Icon.png
clothing,bf1c2ded7c0eb148,https://dodo.ac/np/images/6/68/Elegant_Masquerade_Mask_%28Red%29_NH_Icon.png
clothing,bf2c7580c4ca34af,https://dodo.ac/np/images/0/03/Matronly_Bun_NH_Icon.png
clothing,bf44d4fcfd0510ef,https://dodo.ac/np/images/b/b2/Fox_Mask_%28White%29_NH_Icon.png
clothing,bf4513e375db9d03,https://dodo.ac/np/images/9/9b/Tough_Helmet_%28Black%29_NH_Icon.png
clothing,bf5a72a70acb4353,https://dodo.ac/np/images/3/30/Animal_Nose_NH_Icon.png
clothing,bf6110181b221a01,https://dodo.ac/np/images/9/93/Earth-Egg_Shoes_NH_Icon.png
clothing,bf636aa458f2a747,https://dodo.ac/np/images/1/16/Terry-Cloth_Shorts_%28Pink%29_NH_Icon.png
clothing,bf852c8812e6b9f0,https://dodo.ac/np/images/d/df/Flight_Jacket_%28Black%29_NH_Icon.png
clothing,bf9842462e404ad3,https://dodo.ac/np/images/0/0c/Guide_Shirt_%28Red%29_NH_Icon.png
clothing,bfc16ed7c0ac894b,https://dodo.ac/np/images/b/b3/Kerokerokeroppi_Socks_NH_Icon.png
clothing,bfe187b645987884,https://dodo.ac/np/images/d/de/%C3%81o_D%C3%A0i_%28White%29_NH_Icon.png
clothing,bfe3bc7f04456536,https://dodo.ac/np/images/8/89/Pharaoh%27s_Outfit_NH_Icon.png
clothing,c00354aef383de7e,https://dodo.ac/np/images/6/60/School_Uniform_with_Necktie_%28Navy_Blue%29_NH_Icon.png
clothing,c0182cace708b99d,https://dodo.ac/np/images/e/ef/Guayabera_Shirt_%28Red%29_NH_Icon.png
clothing,c06139fabbddf6db,https://dodo.ac/np/images/4/4e/Frog_Costume_%28Green%29_NH_Icon.png
clothing,c0a3db1ece5cecc1,https://dodo.ac/np/images/e/e1/Lace_Shorts_%28White%29_NH_Icon.png
clothing,c0a561c08e48eb1c,https://dodo.ac/np/images/7/78/Music-Fest_Shirt_%28Black%29_NH_Icon.png
clothing,c10102589bb8884e,https://dodo.ac/np/images/4/40/Tree_Sweater_NH_Icon.png
clothing,c10f2c9aa5daf03c,https://dodo.ac/np/images/3/35/My_Melody_Boots_NH_Icon.png
clothing,c12567842207daa3,https://dodo.ac/np/images/7/7f/Paper_Restaurant_Cap_%28White_%26_Red%29_NH_Icon.png
clothing,c12b892f48eb547c,https://dodo.ac/np/images/8/8f/Flashy_Kimono_%28White%29_NH_Icon.png
clothing,c14379f5b22340c1,https://dodo.ac/np/images/2/29/Tube_Top_%28Dark_Gray%29_NH_Icon.png
clothing,c14d05ab556f9a1c,https://dodo.ac/np/images/b/b4/Young-Royal_Shirt_%28White%29_NH_Icon.png
clothing,c15aa680ed1ab748,https://dodo.ac/np/images/8/84/Elephant-Print_Pants_%28Black%29_NH_Icon.png
clothing,c18997b5eba6508b,https://dodo.ac/np/images/2/20/Space_Suit_NH_Icon.png
clothing,c19b71f0b93497ab,https://dodo.ac/np/images/0/0e/Full-Length_Maid_Gown_%28Green%29_NH_Icon.png
clothing,c1bfbb2f78af9e69,https://dodo.ac/np/images/3/39/Mermaid_Tiara_NH_Icon.png
clothing,c1f0d09045c188dd,https://dodo.ac/np/images/b/bf/Sweater_on_Shirt_%28Gray%29_NH_Icon.png
clothing,c219f77e87292d9e,https://dodo.ac/np/images/3/3b/Sweater-Vest_%28White%29_NH_Icon.png
clothing,c2278a1f99f76131,https://dodo.ac/np/images/7/75/Outdoor_Sandals_%28White%29_NH_Icon.png
clothing,c229459657532899,https://dodo.ac/np/images/2/28/Fairy-Tale_Hood_%28Red%29_NH_Icon.png
clothing,c290c5dbee95f203,https://dodo.ac/np/images/7/72/Checkered_Chesterfield_Coat_%28Gray%29_NH_Icon.png
clothing,c2a93418d80248da,https://dodo.ac/np/images/7/70/Drinking-Straw_Glasses_%28White%29_NH_Icon.png
clothing,c2ad72e640439a76,https://dodo.ac/np/images/4/4e/Mohawk_Wig_NH_Icon.png
clothing,c31765a06a507cba,https://dodo.ac/np/images/4/4b/Long_Plaid_Skirt_%28Red%29_NH_Icon.png
clothing,c31ca53b6d4934ec,https://dodo.ac/np/images/6/6b/Moroccan_Dress_%28Pink%29_NH_Icon.png
clothing,c33146818f6062bb,https://dodo.ac/np/images/d/dd/Business_Shoes_%28Black%29_NH_Icon.png
clothing,c357ef7bddc2997d,https://dodo.ac/np/images/c/c9/Noh_Mask_NH_Icon.png
clothing,c358580d5f6bdc26,https://dodo.ac/np/images/8/8c/Striped_Socks_%28Monotone%29_NH_Icon.png
clothing,c38290209e44be03,https://dodo.ac/np/images/f/fb/Pirate-Treasure_Crown_NH_Icon.png
clothing,c3b381eb6d95fc24,https://dodo.ac/np/images/a/a7/Zap_Suit_%28Red%29_NH_Icon.png
clothing,c3bebb4c31563ccd,https://dodo.ac/np/images/f/f6/No._4_Shirt_NH_Icon.png
clothing,c3d3e9931048f083,https://dodo.ac/np/images/2/25/Zen_Uniform_%28Red%29_NH_Icon.png
clothing,c3d54ceb96e8c20a,https://dodo.ac/np/images/2/2d/Alpinist_Overalls_%28Red%29_NH_Icon.png
clothing,c4368dd69515367b,https://dodo.ac/np/images/4/48/Tsunokakushi_NH_Icon.png
clothing,c4b80eb01d485af1,https://dodo.ac/np/images/4/4d/Striped_Umbrella_NH_Icon.png
clothing,c4d2815141e794b9,https://dodo.ac/np/images/c/ce/Casual_Pants_%28Gray%29_NH_Icon.png
clothing,c50dc619f963bc97,https://dodo.ac/np/images/8/8c/Heavy-Duty_Shirt_%28Red%29_NH_Icon.png
clothing,c54b8c4fb5a42e5f,https://dodo.ac/np/images/4/4a/Caveman_Tank_%28Gray%29_NH_Icon.png
clothing,c54ebd0ea32ef9ca,https://dodo.ac/np/images/b/bb/Ski_Mask_%28Black%29_NH_Icon.png
clothing,c56685f1827bba04,https://dodo.ac/np/images/e/e9/Buttoned_Wraparound_Skirt_%28Gray%29_NH_Icon.png
clothing,c5d31213afcd77bf,https://dodo.ac/np/images/0/03/PJ_Outfit_%28Gray%29_NH_Icon.png
clothing,c6170e542aa262a5,https://dodo.ac/np/images/3/38/Back-Bow_Socks_%28White%29_NH_Icon.png
clothing,c62eda9200fce62a,https://dodo.ac/np/images/9/9e/Diamond-Weave_Basket_Bag_NH_Icon.png
clothing,c64020b318a4847c,https://dodo.ac/np/images/2/2e/Work_Apron_%28Avocado%29_NH_Icon.png
clothing,c64708416faed2e5,https://dodo.ac/np/images/f/fb/Baseball_Uniform_%28Orange%29_NH_Icon.png
clothing,c647b751d9d3eb5a,https://dodo.ac/np/images/7/78/Hip-Wrap_Shirt_%28Yellow%29_NH_Icon.png
clothing,c66578639e23f853,https://dodo.ac/np/images/9/90/Labelle_Skirt_%28Midnight%29_NH_Icon.png
clothing,c685b36fcec70296,https://dodo.ac/np/images/2/26/Cool_Windflower_Crown_NH_Icon.png
clothing,c68d70274329c48a,https://dodo.ac/np/images/4/4a/Jester%27s_Cap_%28Black_%26_White%29_NH_Icon.png
clothing,c6d2acb952d4b820,https://dodo.ac/np/images/e/e5/Traditional_Flower_Shoes_%28Red%29_NH_Icon.png
clothing,c6dff779c6927723,https://dodo.ac/np/images/9/93/Argyle_Sweater_%28White%29_NH_Icon.png
clothing,c6fe4a28d5181a5e,https://dodo.ac/np/images/5/5b/Cinnamoroll_Puffy_Blouse_NH_Icon.png
clothing,c758d6bd98f82c07,https://dodo.ac/np/images/4/41/Butterfly_Shades_%28Blue%29_NH_Icon.png
clothing,c76d3bbe5ae34a7c,https://dodo.ac/np/images/b/b3/Satin_Pants_%28Dark_Red%29_NH_Icon.png
clothing,c78232c191826643,https://dodo.ac/np/images/9/95/Composer%27s_Wig_NH_Icon.png
clothing,c8308ea1010edfd5,https://dodo.ac/np/images/3/3a/Midwinter_Sweater_NH_Icon.png
clothing,c841ccce0aac26b5,https://dodo.ac/np/images/1/19/Cinnamoroll_Hat_NH_Icon.png
clothing,c8487d76ad4b2036,https://dodo.ac/np/images/a/a6/Cute_Lily_Crown_NH_Icon.png
clothing,c84adf6569d95399,https://dodo.ac/np/images/0/04/Paper-Bag_Hood_NH_Icon.png
clothing,c8f1a52d56790643,https://dodo.ac/np/images/1/10/Camo_Skirt_%28Brown%29_NH_Icon.png
clothing,c91200602fe2d49a,https://dodo.ac/np/images/b/b4/Outback_Hat_%28White%29_NH_Icon.png
clothing,c91df7011cbbb5e0,https://dodo.ac/np/images/3/3d/Layered_Shirt_%28White%29_NH_Icon.png
clothing,c9c6598f9a7e889d,https://dodo.ac/np/images/4/44/Pilot_Shades_%28Black%29_NH_Icon.png
clothing,c9ec9fa4f71f9fa1,https://dodo.ac/np/images/1/16/Striped_Halter_Dress_%28Pink%29_NH_Icon.png
clothing,ca08960b9f6c33f7,https://dodo.ac/np/images/7/70/Fast-Food_Uniform_%28Black%29_NH_Icon.png
clothing,ca1266fc9f179578,https://dodo.ac/np/images/f/f7/Slippers_%28White%29_NH_Icon.png
clothing,ca2bb941cd1f2921,https://dodo.ac/np/images/8/8c/Pink_Shiny-Bows_Parasol_NH_Icon.png
clothing,ca485fa91a5397c8,https://dodo.ac/np/images/6/66/Space_Parka_%28Blue%29_NH_Icon.png
clothing,ca97b39049c1fbb1,https://dodo.ac/np/images/9/9a/Cloth_Shoulder_Bag_%28Ivory%29_NH_Icon.png
clothing,caa945ff574a4376,https://dodo.ac/np/images/5/56/Mod_Parka_%28Green%29_NH_Icon.png
clothing,cac9518dfb5e5281,https://dodo.ac/np/images/4/4a/Parka_and_Shirtdress_%28Red%29_NH_Icon.png
clothing,cafb7cdd89787073,https://dodo.ac/np/images/c/c3/Vibrant_Tuxedo_%28Monotone%29_NH_Icon.png
clothing,cb20c35e406516a0,https://dodo.ac/np/images/7/79/Pompompurin_Boots_NH_Icon.png
clothing,cb3195cc172e9c1d,https://dodo.ac/np/images/e/e0/Zap_Boots_NH_Icon.png
clothing,cb3ced181b5476fe,https://dodo.ac/np/images/e/e6/Cute_Rose_Crown_NH_Icon.png
clothing,cb7bce50d78b11e5,https://dodo.ac/np/images/c/c8/Wrestling_Shoes_%28Black%29_NH_Icon.png
clothing,cbe0f4a7b77e2777,https://dodo.ac/np/images/a/a5/Ancient_Princess_Sandals_NH_Icon.png
clothing,cbfd034a1762e125,https://dodo.ac/np/images/2/2f/Veggie-Print_Eco_Bag_NH_Icon.png
clothing,cc068954e1684d5c,https://dodo.ac/np/images/e/e7/Tri_Headband_NH_Icon.png
clothing,cc5e7fb705131639,https://dodo.ac/np/images/f/f8/Captain%27s_Hat_NH_Icon.png
clothing,cc5ed27221ea1fe4,https://dodo.ac/np/images/c/c7/Mint_Umbrella_NH_Icon.png
clothing,cc7c6fc18d96fc3f,https://dodo.ac/np/images/b/b8/Sweet_Dress_%28White%29_NH_Icon.png
clothing,ccb05b799b038223,https://dodo.ac/np/images/4/45/Strawberry_Umbrella_NH_Icon.png
clothing,cd07e93c37452fcc,https://dodo.ac/np/images/5/54/Nose_Tissue_NH_Icon.png
clothing,cd30de1b6ef6d6cb,https://dodo.ac/np/images/7/72/Pocket_Tee_%28White%29_NH_Icon.png
clothing,cd4898c681e1480f,https://dodo.ac/np/images/e/e9/Frye_Top_NH_Icon.png
clothing,cdd5778ab684cb1e,https://dodo.ac/np/images/e/ed/Belted_Wraparound_Skirt_%28Red%29_NH_Icon.png
clothing,cde96469c89ac97d,https://dodo.ac/np/images/f/ff/Recycled_Boots_NH_Icon.png
clothing,cdff2e585bad2d75,https://dodo.ac/np/images/b/b2/Tennis_Sweater_%28Ivory%29_NH_Icon.png
clothing,ce358d2b2d97913f,https://dodo.ac/np/images/0/09/Magic-Academy_Hood_%28White%29_NH_Icon.png
clothing,ce49e191acc4b375,https://dodo.ac/np/images/5/5d/Blue_Hotel_Aloha_Shirt_NH_Icon.png
clothing,ce7a3606f11969ac,https://dodo.ac/np/images/9/98/Matanpushi_%28Red%29_NH_Icon.png
clothing,ceaba8b53143c191,https://dodo.ac/np/images/b/b2/China_Poblana_NH_Icon.png
clothing,cecfe7bc11be7604,https://dodo.ac/np/images/7/7a/Heart_Bopper_NH_Icon.png
clothing,cf55874df5e425d8,https://dodo.ac/np/images/7/7f/Mario_Outfit_NH_Icon.png
clothing,cf9b5692ac81e50e,https://dodo.ac/np/images/1/15/Cut-Pleather_Skirt_%28White%29_NH_Icon.png
clothing,cfb481309fc0c56a,https://dodo.ac/np/images/9/90/Football_Shirt_%28White%29_NH_Icon.png
clothing,cfccc46da50bd633,https://dodo.ac/np/images/4/4b/Santa_Hat_NH_Icon.png
clothing,cfd2e7c1d4a54c12,https://dodo.ac/np/images/f/fa/Red_Chic_Umbrella_NH_Icon.png
clothing,cfececd9442a610c,https://dodo.ac/np/images/f/ff/Suspender_Outfit_%28Black%29_NH_Icon.png
clothing,d0267b35117c1efa,https://dodo.ac/np/images/2/2e/Ultra_No-Show_Socks_%28White%29_NH_Icon.png
clothing,d0eb63e10b453823,https://dodo.ac/np/images/3/3a/DAL_Cap_NH_Icon.png
clothing,d0f414543bf9bf9b,https://dodo.ac/np/images/6/63/Long_Polka_Skirt_%28Black%29_NH_Icon.png
clothing,d0f927a163d552aa,https://dodo.ac/np/images/4/45/Simple-Accent_Socks_%28White%29_NH_Icon.png
clothing,d1286cc450df083b,https://dodo.ac/np/images/2/2b/Hard-Shell_Backpack_%28Silver%29_NH_Icon.png
clothing,d16fbca3fb1e7186,https://dodo.ac/np/images/f/fd/Vibrant_Shorts_%28Black%29_NH_Icon.png
clothing,d17e43b4c5364ee9,https://dodo.ac/np/images/0/0e/Octoling_Head_NH_Icon.png
clothing,d18943603735bb3b,https://dodo.ac/np/images/8/8a/Boa_Shorts_%28Black%29_NH_Icon.png
clothing,d1905b23170ca9ca,https://dodo.ac/np/images/f/f2/Sailor%27s_Hat_%28White%29_NH_Icon.png
clothing,d19500e2f77074c0,https://dodo.ac/np/images/2/26/Blue_Hotel_Cardigan_NH_Icon.png
clothing,d199c00e1003055f,https://dodo.ac/np/images/d/de/Tiny_Party_Cap_%28Orange%29_NH_Icon.png
clothing,d1c6dbd7a5728d68,https://dodo.ac/np/images/2/22/Rimmed_Glasses_%28Gray%29_NH_Icon.png
clothing,d1d81fd810220219,https://dodo.ac/np/images/5/57/Festive_Dress_NH_Icon.png
clothing,d200900687c10a74,https://dodo.ac/np/images/8/84/Upcycled_Skirt_%28Pink%29_NH_Icon.png
clothing,d2d441f8620a9656,https://dodo.ac/np/images/5/5b/Striped_Bell-Bottoms_%28Red%29_NH_Icon.png
clothing,d2eaa19ec1bd9cd1,https://dodo.ac/np/images/b/b7/Mixed-Tweed_Socks_%28Red%29_NH_Icon.png
clothing,d2f520caf7d8259d,https://dodo.ac/np/images/e/ea/Food_Mess_NH_Icon.png
clothing,d2f7c83ee35b0434,https://dodo.ac/np/images/e/ee/Geometric-Print_Pants_%28Navy_Blue%29_NH_Icon.png
clothing,d301be2839e5d1dc,https://dodo.ac/np/images/3/37/Pleather_Sneakers_%28White%29_NH_Icon.png
clothing,d31bbfee81c2ae7b,https://dodo.ac/np/images/6/60/New_Year%27s_Silk_Hat_%28Red%29_NH_Icon.png
clothing,d322812c908204ea,https://dodo.ac/np/images/5/51/Parka_Dress_%28Pink%29_NH_Icon.png
clothing,d324fd1a7607f132,https://dodo.ac/np/images/e/e3/Tiger-Face_Tee_Dress_%28White%29_NH_Icon.png
clothing,d349cda0a6d32e2f,https://dodo.ac/np/images/b/b3/Cat_Dress_%28White%29_NH_Icon.png
clothing,d36c322bbfc2244d,https://dodo.ac/np/images/f/f5/Ribbons_%26_Hearts_Knit_Dress_%28Purple%29_NH_Icon.png
clothing,d407cc9851c4936e,https://dodo.ac/np/images/f/f1/Frog_Umbrella_NH_Icon.png
clothing,d40ddc9200f8a853,https://dodo.ac/np/images/f/f1/Noble_Zap_Suit_%28Pink%29_NH_Icon.png
clothing,d4393d5929d785bd,https://dodo.ac/np/images/5/52/Dazed_Dress_%28Pink%29_NH_Icon.png
clothing,d451a8fc05ba5f2b,https://dodo.ac/np/images/b/bf/Pleather_Handbag_%28Red%29_NH_Icon.png
clothing,d4576cd64e952864,https://dodo.ac/np/images/d/d3/Biker_Jacket_%28Black%29_NH_Icon.png
clothing,d470f848f3f8db27,https://dodo.ac/np/images/6/6d/Pirate_Bandanna_%28Black%29_NH_Icon.png
clothing,d4ada6470fa07868,https://dodo.ac/np/images/6/69/Grass_Skirt_NH_Icon.png
clothing,d4e380ce7324d317,https://dodo.ac/np/images/e/ee/Faux-Fur_Bag_%28Pink%29_NH_Icon.png
clothing,d4f5d8f9a1fd7671,https://dodo.ac/np/images/d/d3/Color-Blocked_Socks_%28White%29_NH_Icon.png
clothing,d51f630e5d7888b7,https://dodo.ac/np/images/c/c5/Tie-Dye_Shirt_NH_Icon.png
clothing,d5486ffedb15ec70,https://dodo.ac/np/images/7/71/Sporty_Skirt_%28Gray%29_NH_Icon.png
clothing,d5735c7c38732bfa,https://dodo.ac/np/images/f/f2/Corte_Skirt_%28Magenta%29_NH_Icon.png
clothing,d57877d1a01a12cb,https://dodo.ac/np/images/5/54/Barrette_NH_Icon.png
clothing,d587dd146fc7e6ba,https://dodo.ac/np/images/2/24/Plover_Cardigan_%28Black%29_NH_Icon.png
clothing,d596ee277ce1ebcc,https://dodo.ac/np/images/8/8d/Power_Helmet_%28Black%29_NH_Icon.png
clothing,d6033c364d5b0976,https://dodo.ac/np/images/6/65/Firefighter%27s_Hat_%28Black%29_NH_Icon.png
clothing,d6419376a896369c,https://dodo.ac/np/images/7/72/Moccasins_%28White%29_NH_Icon.png
clothing,d6787bf3f5e20980,https://dodo.ac/np/images/7/7a/Ancient_Princess_Costume_NH_Icon.png
clothing,d69bf04eb3b6357f,https://dodo.ac/np/images/c/c2/Wooden_Clogs_%28Red%29_NH_Icon.png
clothing,d6aae20fddf3f620,https://dodo.ac/np/images/0/00/Shirt_with_Striped_Vest_%28Red%29_NH_Icon.png
clothing,d6ec9fc38fea0d07,https://dodo.ac/np/images/8/88/Randoseru_%28Red%29_NH_Icon.png
clothing,d6ee090d35cb7fb2,https://dodo.ac/np/images/5/5e/Space_Boots_NH_Icon.png
clothing,d713e3fe95732f37,https://dodo.ac/np/images/5/50/Kiwi_Dress_NH_Icon.png
clothing,d7809180cd90efd4,https://dodo.ac/np/images/a/a4/Canvas_Backpack_NH_Icon.png
clothing,d7da76d2e52f173c,https://dodo.ac/np/images/2/2f/Bear_Cap_%28Brown%29_NH_Icon.png
clothing,d917757ba4d499e1,https://dodo.ac/np/images/e/e9/Bridal_Veil_NH_Icon.png
clothing,d92fcb5c1205d189,https://dodo.ac/np/images/c/c1/Tuxedo_Jacket_%28White%29_NH_Icon.png
clothing,d9321bd34ffcb2fa,https://dodo.ac/np/images/7/70/Visual-Punk_Boots_NH_Icon.png
clothing,d9a2f9cc0a0c171c,https://dodo.ac/np/images/5/5e/Cute_Sneakers_%28Pink%29_NH_Icon.png
clothing,d9aa1d091a87f11e,https://dodo.ac/np/images/4/4a/Flowery-Dot_Tights_%28White%29_NH_Icon.png
clothing,d9b3be7f42253be7,https://dodo.ac/np/images/6/63/Leopard_Pumps_%28Gray%29_NH_Icon.png
clothing,d9da0ebe308063e2,https://dodo.ac/np/images/c/c3/Muay-Thai_Shorts_%28Red%29_NH_Icon.png
clothing,d9de1d03f48eea62,https://dodo.ac/np/images/8/89/Hot-Dog_Costume_NH_Icon.png
clothing,d9f59a3f03dc82e9,https://dodo.ac/np/images/1/1f/Tuna-Sushi_Costume_NH_Icon.png
clothing,dad5e5c0792362c0,https://dodo.ac/np/images/e/e2/Kerokerokeroppi_Outfit_NH_Icon.png
clothing,db15c0c8f8508c39,https://dodo.ac/np/images/d/df/Hello_Kitty_Hat_NH_Icon.png
clothing,db220526cd2fbc40,https://dodo.ac/np/images/e/e4/Tweed_Jacket_%28Berry_Red%29_NH_Icon.png
clothing,db312b40ee339c22,https://dodo.ac/np/images/f/fa/Post-Op_Patch_NH_Icon.png
clothing,db44ec2fe4ecab8a,https://dodo.ac/np/images/8/82/Kabuki_Umbrella_NH_Icon.png
clothing,db56d5bb83e0e705,https://dodo.ac/np/images/b/b2/Kiki_%26_Lala_Dress_NH_Icon.png
clothing,db6d05b6ab2f7d7c,https://dodo.ac/np/images/f/f3/Neon_Shades_%28Light_Blue_%26_Pink%29_NH_Icon.png
clothing,db763c15ed1c1f5d,https://dodo.ac/np/images/8/84/Kiki_%26_Lala_Socks_NH_Icon.png
clothing,db7cb7b3626fb310,https://dodo.ac/np/images/c/c0/Peacoat-and-Skirt_Combo_%28Red%29_NH_Icon.png
clothing,db8c0c8172773bd7,https://dodo.ac/np/images/e/e0/Tweed_Skirt_%28Pink%29_NH_Icon.png
clothing,dbb909584578b64b,https://dodo.ac/np/images/b/b8/Bunny_Hood_%28White%29_NH_Icon.png
clothing,dbc6d1f636db8351,https://dodo.ac/np/images/3/39/Wario_Shoes_NH_Icon.png
clothing,dbee2cc081daf7f0,https://dodo.ac/np/images/9/9f/Hockey_Mask_NH_Icon.png
clothing,dbefe82f086618d8,https://dodo.ac/np/images/e/e9/Pom-Pom_Socks_%28Pink%29_NH_Icon.png
clothing,dc09424dad9714f2,https://dodo.ac/np/images/8/89/Maid_Dress_%28Black%29_NH_Icon.png
clothing,dc3ed327a6338026,https://dodo.ac/np/images/0/09/Labelle_Hat_%28Midnight%29_NH_Icon.png
clothing,dca141c7e6c1823b,https://dodo.ac/np/images/5/53/Nook_Inc._Pochette_NH_Icon.png
clothing,dcb66204702a8af4,https://dodo.ac/np/images/9/98/Tropical_Turban_%28Green%29_NH_Icon.png
clothing,dcdde880237d9815,https://dodo.ac/np/images/c/c1/Horizontal-Striped_Wet_Suit_%28Black%29_NH_Icon.png
clothing,dd16b34431edb673,https://dodo.ac/np/images/7/7b/Extra-Large_Backpack_%28Black%29_NH_Icon.png
clothing,dd434a2cd0b1e938,https://dodo.ac/np/images/8/8d/Round-Frame_Glasses_%28Silver%29_NH_Icon.png
clothing,dd560e6c1527d0dc,https://dodo.ac/np/images/4/4b/Head_Bandages_%28White%29_NH_Icon.png
clothing,ddb694f8eda717e6,https://dodo.ac/np/images/2/22/Frilly_Knee-High_Socks_%28Black%29_NH_Icon.png
clothing,ddd98d7c79768cea,https://dodo.ac/np/images/4/47/Royal_Shirt_NH_Icon.png
clothing,dddd7c66eb3bef74,https://dodo.ac/np/images/a/aa/Flower_Sweater_%28White%29_NH_Icon.png
clothing,dde82634f2e800ca,https://dodo.ac/np/images/d/d7/Star_Pochette_NH_Icon.png
clothing,de05be3c1f5e2f1c,https://dodo.ac/np/images/5/54/Mini-Flower-Print_Umbrella_NH_Icon.png
clothing,de15efc38af71ad5,https://dodo.ac/np/images/3/36/Diaper_%28Light_Blue%29_NH_Icon.png
clothing,de3594c8dc759fe0,https://dodo.ac/np/images/0/07/Hikoboshi_Outfit_NH_Icon.png
clothing,de693530d00da1a7,https://dodo.ac/np/images/f/ff/Festivale_Costume_%28Red%29_NH_Icon.png
clothing,def366bd68de20f6,https://dodo.ac/np/images/c/c0/Flame_Tee_NH_Icon.png
clothing,df0c171ea6d64ca3,https://dodo.ac/np/images/e/e9/Argyle_Crew_Socks_%28White%29_NH_Icon.png
clothing,df0f3f676bf8f3e0,https://dodo.ac/np/images/4/47/Sweater_Dress_%28Olive%29_NH_Icon.png
clothing,df2badaec89720ce,https://dodo.ac/np/images/7/79/Straw_Pochette_NH_Icon.png
clothing,df6ad71eb5374059,https://dodo.ac/np/images/e/e0/Goggles_%28Black%29_NH_Icon.png
clothing,df757df25a9f616e,https://dodo.ac/np/images/d/df/Wizard%27s_Cap_%28Blue%29_NH_Icon.png
clothing,dfa354438ba209a7,https://dodo.ac/np/images/c/cf/Muscle_Tank_%28Gray%29_NH_Icon.png
clothing,dff6b44ecdb7b4b5,https://dodo.ac/np/images/5/56/Red_Umbrella_NH_Icon.png
clothing,e05615bf45c3c684,https://dodo.ac/np/images/4/42/Hawk_Jacket_NH_Icon.png
clothing,e05e6d1d7f954ba5,https://dodo.ac/np/images/d/db/Eye_Patch_NH_Icon.png
clothing,e0aad81fd307407b,https://dodo.ac/np/images/a/ad/Wave-Print_Socks_%28Gray%29_NH_Icon.png
clothing,e0b21393042b5f3c,https://dodo.ac/np/images/d/d5/Headkerchief_NH_Icon.png
clothing,e0d2fc499e3b0ffd,https://dodo.ac/np/images/6/6c/Festivale_Tank_Dress_%28Red%29_NH_Icon.png
clothing,e193dd678e262f7c,https://dodo.ac/np/images/3/30/Concierge_Uniform_%28White%29_NH_Icon.png
clothing,e1a7bec4ed6c4fa7,https://dodo.ac/np/images/c/c8/Tulip_Hat_%28Orange%29_NH_Icon.png
clothing,e1c0ebafd9f7efc8,https://dodo.ac/np/images/8/8c/Peach_Umbrella_NH_Icon.png
clothing,e1e361fd5d9ebf29,https://dodo.ac/np/images/f/fd/Jockey_Uniform_%28Zigzag%29_NH_Icon.png
clothing,e1eb555b4e2dfc9f,https://dodo.ac/np/images/1/1a/Tee_Dress_%28White%29_NH_Icon.png
clothing,e1f8e8eabcc47060,https://dodo.ac/np/images/c/c0/Sheer_Socks_%28Gray%29_NH_Icon.png
clothing,e252c39ee394b179,https://dodo.ac/np/images/5/50/Tri-Shred_Tee_NH_Icon.png
clothing,e25b835da979f4b0,https://dodo.ac/np/images/7/79/Cheerleading_Uniform_%28Red%29_NH_Icon.png
clothing,e280a259da5a90a9,https://dodo.ac/np/images/8/8a/Pleather_Pants_%28Black%29_NH_Icon.png
clothing,e2e3f5a591b96f40,https://dodo.ac/np/images/f/fe/Running_Tights_%28Pink%29_NH_Icon.png
clothing,e315d58c5831b870,https://dodo.ac/np/images/a/a4/Blue_Shiny-Bows_Parasol_NH_Icon.png
clothing,e41203f0c492d0c4,https://dodo.ac/np/images/0/04/DAL_Tee_NH_Icon.png
clothing,e419adc4c6436eec,https://dodo.ac/np/images/5/5a/Eye_Gauze_NH_Icon.png
clothing,e4761dc046d4e238,https://dodo.ac/np/images/5/5d/Petal_Parasol_NH_Icon.png
clothing,e49af409232a3213,https://dodo.ac/np/images/d/dd/Punk_Hair_Wig_%28Orange%29_NH_Icon.png
clothing,e49f6379540066a1,https://dodo.ac/np/images/9/94/Nook_Inc._Bandanna_NH_Icon.png
clothing,e4a4d3272c2e7351,https://dodo.ac/np/images/b/bf/Detective%27s_Coat_%28Gray%29_NH_Icon.png
clothing,e4ca445506ac4e34,https://dodo.ac/np/images/6/61/Leopard_Miniskirt_%28Gray%29_NH_Icon.png
clothing,e52a6e236f367512,https://dodo.ac/np/images/6/64/Nightgown_%28White%29_NH_Icon.png
clothing,e531c3f22d08577a,https://dodo.ac/np/images/8/8d/Pink_Umbrella_NH_Icon.png
clothing,e544e0655682a936,https://dodo.ac/np/images/3/35/Bolero_Coat_%28Pink%29_NH_Icon.png
clothing,e54e145662941099,https://dodo.ac/np/images/7/7b/White_Shiny-Bows_Parasol_NH_Icon.png
clothing,e59e70a735fe84b5,https://dodo.ac/np/images/3/3a/Renaissance_Dress_%28Red%29_NH_Icon.png
clothing,e5c15f98743950e9,https://dodo.ac/np/images/7/71/Soccer-Uniform_Top_%28White%29_NH_Icon.png
clothing,e5cce3effd4d8b91,https://dodo.ac/np/images/7/7a/Clean-Room_Suit_%28White%29_NH_Icon.png
clothing,e5ce2107ae3ca51d,https://dodo.ac/np/images/3/3b/Zigzag-Print_Dress_%28Coral%29_NH_Icon.png
clothing,e61ae93358f3cb72,https://dodo.ac/np/images/6/63/Wooden-Frame_Glasses_%28Brown%29_NH_Icon.png
clothing,e640b984207668af,https://dodo.ac/np/images/6/63/Crocheted_Socks_%28Gray%29_NH_Icon.png
clothing,e651a9ce28b5fe76,https://dodo.ac/np/images/3/3d/Santa_Beard_NH_Icon.png
clothing,e67475a93cedaa70,https://dodo.ac/np/images/9/9b/Kappa_Costume_%28Green%29_NH_Icon.png
clothing,e67cd8a9abe6a714,https://dodo.ac/np/images/b/bf/Flannel_Shirt_%28Red%29_NH_Icon.png
clothing,e68fddafd8f9e293,https://dodo.ac/np/images/5/53/Plover_Dress_%28Gray%29_NH_Icon.png
clothing,e6c1ad274922f88b,https://dodo.ac/np/images/1/12/Knit_Hat_%28White%29_NH_Icon.png
clothing,e6c726f34274d25c,https://dodo.ac/np/images/1/1e/Pilot%27s_Uniform_%28Black%29_NH_Icon.png
clothing,e71a49c6a45217b5,https://dodo.ac/np/images/3/38/Hylian_Trousers_NH_Icon.png
clothing,e7654310dce61780,https://dodo.ac/np/images/d/df/Sleeved_Apron_%28Pink%29_NH_Icon.png
clothing,e7932c3680248f7c,https://dodo.ac/np/images/4/46/Nook_Inc._Umbrella_NH_Icon.png
clothing,e7c211ab80e23984,https://dodo.ac/np/images/7/73/Floral_Skirt_%28Pink%29_NH_Icon.png
clothing,e80484c05a99d8ff,https://dodo.ac/np/images/e/ef/Bunny_Day_Bag_NH_Icon.png
clothing,e83962bdc60a3212,https://dodo.ac/np/images/f/f6/Farmer_Overalls_%28Gray%29_NH_Icon.png
clothing,e85a910124abda42,https://dodo.ac/np/images/4/4f/Down_Pants_%28White%29_NH_Icon.png
clothing,e86527a1dda08f3e,https://dodo.ac/np/images/c/ca/Leaf_Mask_NH_Icon.png
clothing,e8766a610c241432,https://dodo.ac/np/images/0/02/Star_Bopper_NH_Icon.png
clothing,e881fbc2f1f393d6,https://dodo.ac/np/images/5/50/Meme_Shirt_%28Red%29_NH_Icon.png
clothing,e89935478883eb38,https://dodo.ac/np/images/1/1e/Bear_Backpack_%28Brown%29_NH_Icon.png
clothing,e89b8237f2a5b4e6,https://dodo.ac/np/images/6/6d/Plushie-Muffler_Coat_%28Pink%29_NH_Icon.png
clothing,e8ad67d6ab38d99d,https://dodo.ac/np/images/5/55/New_Year%27s_Hat_%28Red%29_NH_Icon.png
clothing,e8bbd8106f3d1ed9,https://dodo.ac/np/images/8/84/Vertical-Stripes_Shirt_%28Gray%29_NH_Icon.png
clothing,e8bc37e707bfdfbe,https://dodo.ac/np/images/e/ed/Cherry_Hat_NH_Icon.png
clothing,e8c1c42f6ba6fc95,https://dodo.ac/np/images/b/bb/School_Smock_NH_Icon.png
clothing,e93be9064924a256,https://dodo.ac/np/images/d/d5/Python-Print_Jacket_%28Brown%29_NH_Icon.png
clothing,e9551e3a8eb9eaea,https://dodo.ac/np/images/0/04/Athletic_Jacket_%28Black%29_NH_Icon.png
clothing,e96aad575bc22f6c,https://dodo.ac/np/images/4/48/Water_Shoes_%28Black%29_NH_Icon.png
clothing,ea0508fd40edfc67,https://dodo.ac/np/images/0/04/Jester%27s_Mask_%28Black%29_NH_Icon.png
clothing,ea1825d495c66723,https://dodo.ac/np/images/e/e6/Flapper_Dress_%28Silver%29_NH_Icon.png
clothing,ea3aa0e206b8cb37,https://dodo.ac/np/images/9/9d/Argyle_Vest_%28Gray%29_NH_Icon.png
clothing,ea9c4948b53cfd85,https://dodo.ac/np/images/f/f4/Checkered_Jumper_Dress_%28Beige%29_NH_Icon.png
clothing,ead0df94786c2901,https://dodo.ac/np/images/6/65/Chino_Pants_%28Gray%29_NH_Icon.png
clothing,eb0aa3310c28887b,https://dodo.ac/np/images/0/0f/Parka_Undercoat_%28Gray%29_NH_Icon.png
clothing,eb1416ca6c7aa42d,https://dodo.ac/np/images/7/79/Stone-Egg_Shoes_NH_Icon.png
clothing,eb1f8079dd37e703,https://dodo.ac/np/images/3/32/Plain_Paperboy_Cap_%28Black%29_NH_Icon.png
clothing,eb4e00627fc579de,https://dodo.ac/np/images/c/c7/Grape_Umbrella_NH_Icon.png
clothing,eb8f2cecd4c272ff,https://dodo.ac/np/images/4/4d/Glowing-Moss_Dress_NH_Icon.png
clothing,eb9e71dfa06da1af,https://dodo.ac/np/images/5/56/Snowy_Sweater_%28Gray%29_NH_Icon.png
clothing,ebb12d80eeb18b88,https://dodo.ac/np/images/e/ed/Star_Shades_%28Pink%29_NH_Icon.png
clothing,ebb994a11a49409b,https://dodo.ac/np/images/d/d6/Heart_Apron_%28Red%29_NH_Icon.png
clothing,ebbd6730309b8229,https://dodo.ac/np/images/e/e2/Pleather_Ankle_Booties_%28Black%29_NH_Icon.png
clothing,ebd8ae2fc4c49ccf,https://dodo.ac/np/images/f/f8/Down_Ski_Jacket_%28Red_%26_Yellow%29_NH_Icon.png
clothing,ebfcf026e7cdb7da,https://dodo.ac/np/images/e/e2/Plaid_Shorts_%28Red%29_NH_Icon.png
clothing,ec363cf7bf4250e6,https://dodo.ac/np/images/6/60/Ribbon_Sandals_%28White%29_NH_Icon.png
clothing,ec8d409eba3b011e,https://dodo.ac/np/images/2/2b/Layered_Tank_%28Red%29_NH_Icon.png
clothing,eca71055904e1780,https://dodo.ac/np/images/2/2d/Instrument_Case_%28Black%29_NH_Icon.png
clothing,ed093b01d70cb885,https://dodo.ac/np/images/3/3c/Sleeveless_Dress_Shirt_%28White%29_NH_Icon.png
clothing,ed0f117e9ced759a,https://dodo.ac/np/images/6/61/Robo_Antennae_%28Light_Blue%29_NH_Icon.png
clothing,ed9f584ad28d5296,https://dodo.ac/np/images/5/5e/Cleats_%28Black%29_NH_Icon.png
clothing,eda838a59d70f488,https://dodo.ac/np/images/c/c3/Shell_Dress_%28Red%29_NH_Icon.png
clothing,edad962aebed7a36,https://dodo.ac/np/images/7/7c/Denim_Overalls_%28White%29_NH_Icon.png
clothing,ee35c02ccf90d7f4,https://dodo.ac/np/images/a/a7/Silk_Floral-Print_Pants_%28Gray%29_NH_Icon.png
clothing,ee6a25e212b746dc,https://dodo.ac/np/images/3/39/Pleather_Skirt_%28Black%29_NH_Icon.png
clothing,ee6ae518f3666782,https://dodo.ac/np/images/c/cd/Mysterious_Dress_%28Black%29_NH_Icon.png
clothing,ee6fc0a81b51502b,https://dodo.ac/np/images/8/8f/Mario_Shoes_NH_Icon.png
clothing,ee77aa15ccd62138,https://dodo.ac/np/images/b/b4/Power_Suit_%28Black%29_NH_Icon.png
clothing,eea394788ecef982,https://dodo.ac/np/images/4/43/Racing_Outfit_%28Black%29_NH_Icon.png
clothing,eec3b96636e800a7,https://dodo.ac/np/images/b/b7/Wario_Outfit_NH_Icon.png
clothing,eee60fb48479bc3e,https://dodo.ac/np/images/3/3a/High-Tops_%28White%29_NH_Icon.png
clothing,eee7184e964b88fa,https://dodo.ac/np/images/e/e0/Watermelon_Dress_NH_Icon.png
clothing,ef2bd3897046736f,https://dodo.ac/np/images/e/e2/Hoi_Tee_NH_Icon.png
clothing,ef3bf96fde0ce82e,https://dodo.ac/np/images/6/68/Ribboned_Garden_Hat_%28Pink%29_NH_Icon.png
clothing,ef621b39a1bb1694,https://dodo.ac/np/images/1/19/King_Tut_Mask_NH_Icon.png
clothing,efbd591a1648cd87,https://dodo.ac/np/images/9/95/Lemon_Skirt_%28White%29_NH_Icon.png
clothing,efe4d4be4c49efbd,https://dodo.ac/np/images/2/25/Western_Shirt_%28Black%29_NH_Icon.png
clothing,f081007f09fdd92c,https://dodo.ac/np/images/0/0b/Sequin_Dress_%28White%29_NH_Icon.png
clothing,f0b0f4c172047d46,https://dodo.ac/np/images/b/be/Work_Shirt_%28White-Striped_Necktie%29_NH_Icon.png
clothing,f0b749bd1e5a0348,https://dodo.ac/np/images/a/a7/Animal-Stripes_Skirt_%28Zebra%29_NH_Icon.png
clothing,f1184d679b6587ad,https://dodo.ac/np/images/5/5c/Apple_Hat_NH_Icon.png
clothing,f16c986dd85f4e62,https://dodo.ac/np/images/6/62/Paradise_Planning_Slippers_NH_Icon.png
clothing,f1a1b57021a285b4,https://dodo.ac/np/images/5/55/Gobelin_Shorts_%28Black%29_NH_Icon.png
clothing,f1a4bc9fe13d2f70,https://dodo.ac/np/images/c/c1/Slip-On_School_Shoes_%28Red%29_NH_Icon.png
clothing,f1b36700ab54917e,https://dodo.ac/np/images/8/8d/Tulin_Outfit_NH_Icon.png
clothing,f1cdf23d188715eb,https://dodo.ac/np/images/0/0e/Knapsack_%28Black%29_NH_Icon.png
clothing,f22b87d34f1c5f5a,https://dodo.ac/np/images/3/3b/Adventure_Dress_NH_Icon.png
clothing,f2304dda9573b33b,https://dodo.ac/np/images/f/f6/Cuffed_Pants_%28Gray%29_NH_Icon.png
clothing,f236de7f17940ded,https://dodo.ac/np/images/6/64/Pullover_Jacket_%28Coral%29_NH_Icon.png
clothing,f27d99a821d02451,https://dodo.ac/np/images/c/c6/Chic_Rose_Crown_NH_Icon.png
clothing,f2b9c2e0614893c4,https://dodo.ac/np/images/0/01/Small_Silk_Hat_%28Black%29_NH_Icon.png
clothing,f2c816d88ec931e3,https://dodo.ac/np/images/f/fc/Mage%27s_Striped_Hat_%28White%29_NH_Icon.png
clothing,f326b36e8de8cc76,https://dodo.ac/np/images/5/55/Oversized-Sweats_Dress_%28Red%29_NH_Icon.png
clothing,f383edfa3b244e53,https://dodo.ac/np/images/9/94/Sushi_Chef%27s_Outfit_%28White%29_NH_Icon.png
clothing,f3b29d1be14cdb30,https://dodo.ac/np/images/2/23/Giant_Ribbon_%28White%29_NH_Icon.png
clothing,f3b5c2c2fb63b3f6,https://dodo.ac/np/images/f/f6/Long_Chenille_Cardigan_%28Pink%29_NH_Icon.png
clothing,f3ccdf744913374a,https://dodo.ac/np/images/5/5b/Cat_Nose_%28White%29_NH_Icon.png
clothing,f3d3d6873bf75cb8,https://dodo.ac/np/images/0/0a/Ladybug_Umbrella_NH_Icon.png
clothing,f40671b16ef511b6,https://dodo.ac/np/images/a/a1/Sticky_Rice_NH_Icon.png
clothing,f41d6aac5699eda5,https://dodo.ac/np/images/0/03/Mush_Umbrella_NH_Icon.png
clothing,f43df6ba1e8746af,https://dodo.ac/np/images/f/f1/Boots_%28Black%29_NH_Icon.png
clothing,f4518373f37892ca,https://dodo.ac/np/images/6/6f/Humble_Sweater_%28Green%29_NH_Icon.png
clothing,f49912b0ecde9bfa,https://dodo.ac/np/images/e/e9/MVP_Tee_NH_Icon.png
clothing,f4ca1ffe1086272b,https://dodo.ac/np/images/4/4e/Ancient_Princess_Wig_NH_Icon.png
clothing,f4d2be1fc1a8881c,https://dodo.ac/np/images/d/df/Happi_Tee_%28Black%29_NH_Icon.png
clothing,f5415597187282dd,https://dodo.ac/np/images/3/36/Simple_Visiting_Kimono_%28Gray%29_NH_Icon.png
clothing,f55ba325230139a4,https://dodo.ac/np/images/c/c9/Lacy_Dress_%28Blue%29_NH_Icon.png
clothing,f56c510e27127cdb,https://dodo.ac/np/images/3/30/Printed_Layered_Shirt_%28White%29_NH_Icon.png
clothing,f59564370c031b0a,https://dodo.ac/np/images/5/56/Snowperson_Head_NH_Icon.png
clothing,f5a2958b75fdfdf3,https://dodo.ac/np/images/2/28/Paw_Slippers_%28White%29_NH_Icon.png
clothing,f5eace579299dcaf,https://dodo.ac/np/images/5/54/Culottes_%28White%29_NH_Icon.png
clothing,f5f849f4a9a476cb,https://dodo.ac/np/images/5/5b/Bunny_Nose_%28White%29_NH_Icon.png
clothing,f60e486e42e09139,https://dodo.ac/np/images/a/a6/Knit_Cap_with_Earmuffs_NH_Icon.png
clothing,f64869513df2a537,https://dodo.ac/np/images/5/53/Chic_Mum_Crown_NH_Icon.png
clothing,f653cf14d97a3314,https://dodo.ac/np/images/4/4b/Wingtip_Shoes_%28Greige%29_NH_Icon.png
clothing,f678d58a6f9084d6,https://dodo.ac/np/images/7/7e/Cycling_Shorts_%28Black_%26_Red%29_NH_Icon.png
clothing,f67ccc20b87dade2,https://dodo.ac/np/images/9/96/Purple_Windflower_Crown_NH_Icon.png
clothing,f685c476d859eb06,https://dodo.ac/np/images/6/62/Tropical_Muumuu_%28White%29_NH_Icon.png
clothing,f6b17b07e4086fae,https://dodo.ac/np/images/9/98/Venetian_Carnival_Mask_%28Gold%29_NH_Icon.png
clothing,f6f39bdf81687a35,https://dodo.ac/np/images/4/48/Denim_Skirt_%28Blue%29_NH_Icon.png
clothing,f702e407ebba91c0,https://dodo.ac/np/images/d/db/Frog_Tee_NH_Icon.png
clothing,f71ccd06d94dcf38,https://dodo.ac/np/images/d/d8/Veil_%28Pink%29_NH_Icon.png
clothing,f77d82aae454f3d8,https://dodo.ac/np/images/1/19/Trench_Coat_%28Red%29_NH_Icon.png
clothing,f7922d16a2dc78ec,https://dodo.ac/np/images/9/98/Emergency_Headcover_%28Yellow%29_NH_Icon.png
clothing,f7a23cfbc6cc3bb1,https://dodo.ac/np/images/c/c1/Imitation_Cow_Skull_NH_Icon.png
clothing,f7ae94b122a62aea,https://dodo.ac/np/images/7/7b/Color-Block_Dress_Shirt_%28Gray%29_NH_Icon.png
clothing,f7c790e59ed5c060,https://dodo.ac/np/images/4/49/Bear_Umbrella_NH_Icon.png
clothing,f80064e5c1352235,https://dodo.ac/np/images/1/17/Studded_Backpack_%28White%29_NH_Icon.png
clothing,f81aed90b44e0466,https://dodo.ac/np/images/d/d1/Tubeteika_%28Red%29_NH_Icon.png
clothing,f81e2bb53044d0ea,https://dodo.ac/np/images/c/cf/Faux-Fur_Hat_%28White%29_NH_Icon.png
clothing,f84f73e14b3a80d0,https://dodo.ac/np/images/e/e5/Headband_%28Pink%29_NH_Icon.png
clothing,f85ca6b14e976cd3,https://dodo.ac/np/images/d/da/Gilet_and_Shirt_%28Gray%29_NH_Icon.png
clothing,f88df93ee81fb201,https://dodo.ac/np/images/9/91/Birthday_Hat_%28Pink%29_NH_Icon.png
clothing,f89e69556292dec0,https://dodo.ac/np/images/4/4a/Warrior_Armor_%28Silver%29_NH_Icon.png
clothing,f91dc2d33b465894,https://dodo.ac/np/images/7/7e/Waistcoat_%28White%29_NH_Icon.png
clothing,f925066f8d79ded8,https://dodo.ac/np/images/7/77/Ancient_Belted_Robe_%28White%29_NH_Icon.png
clothing,f96abf5de0704e10,https://dodo.ac/np/images/7/78/Full-Body_Glowing-Moss_Suit_NH_Icon.png
clothing,f96ad06611e554a3,https://dodo.ac/np/images/6/62/Evening_Bag_%28Black%29_NH_Icon.png
clothing,f988d71e46d2acca,https://dodo.ac/np/images/6/60/Apple_Umbrella_NH_Icon.png
clothing,f999a47648431f28,https://dodo.ac/np/images/0/0a/Firefighter_Uniform_%28Black%29_NH_Icon.png
clothing,f9bc1f8118e56398,https://dodo.ac/np/images/6/61/Prom_Crown_%28Silver%29_NH_Icon.png
clothing,fa0865bf377a6928,https://dodo.ac/np/images/1/1c/DJ_KK_Logo_Tee_%28Neon_Blue%29_NH_Icon.png
clothing,fa5b4920ffd6581c,https://dodo.ac/np/images/f/f8/Skirt_with_Suspenders_%28Gray%29_NH_Icon.png
clothing,fa68cb11a780278f,https://dodo.ac/np/images/9/95/Princess_Dress_%28Gray%29_NH_Icon.png
clothing,fa717f699457bb4b,https://dodo.ac/np/images/a/a2/Aerobics_Leggings_%28Red_%26_Pink%29_NH_Icon.png
clothing,fa7e243f782b83d2,https://dodo.ac/np/images/c/c0/Antique_Boots_%28Black%29_NH_Icon.png
clothing,faa281e1898fdeb7,https://dodo.ac/np/images/d/d4/Handlebar_Mustache_NH_Icon.png
clothing,faaaed772e608a2e,https://dodo.ac/np/images/8/85/Terry-Cloth_Nightgown_%28Pink%29_NH_Icon.png
clothing,fab1aa2a97146ee2,https://dodo.ac/np/images/9/97/Buttoned_Lace_Skirt_%28White%29_NH_Icon.png
clothing,fabb44adbfb12ef7,https://dodo.ac/np/images/b/be/Painter%27s_Coverall_%28White%29_NH_Icon.png
clothing,fb22a2363cd9b50b,https://dodo.ac/np/images/e/e3/My_Melody_Hood_NH_Icon.png
clothing,fb6b5af8408b9f3f,https://dodo.ac/np/images/c/ca/Two-Tone_Pants_%28Monotone%29_NH_Icon.png
clothing,fb8ebdf56b72955a,https://dodo.ac/np/images/2/2d/Lace-Up_Dress_%28Pink%29_NH_Icon.png
clothing,fbe10ee63591bc6c,https://dodo.ac/np/images/9/9d/Princess_Peach_Shoes_NH_Icon.png
clothing,fc094738b7568457,https://dodo.ac/np/images/1/1c/Marble-Dots_Tee_%28White%29_NH_Icon.png
clothing,fc1496046943fb3e,https://dodo.ac/np/images/a/a5/Sporty_Shades_%28White%29_NH_Icon.png
clothing,fc35108d8ff59415,https://dodo.ac/np/images/5/55/Steampunk_Dress_%28Red%29_NH_Icon.png
clothing,fc3f0feef33a4093,https://dodo.ac/np/images/6/61/Tight_Punk_Outfit_%28Black%29_NH_Icon.png
clothing,fcbaf49858e8380a,https://dodo.ac/np/images/6/6a/Kerokerokeroppi_Boots_NH_Icon.png
clothing,fd003127f2d2cc59,https://dodo.ac/np/images/0/0c/Butterfly_Visiting_Kimono_%28Black%29_NH_Icon.png
clothing,fd244630790bcfa3,https://dodo.ac/np/images/4/4b/Cyan_Trainers_NH_Icon.png
clothing,fd9ab061629b3a1d,https://dodo.ac/np/images/4/4a/Shirt_with_Camera_%28Black%29_NH_Icon.png
clothing,fdb460fa1478f201,https://dodo.ac/np/images/d/d5/Rubber-Toe_Sneakers_%28Black%29_NH_Icon.png
clothing,fe1687b1ecb2eb2b,https://dodo.ac/np/images/a/a5/Frilly_Pants_%28Pink%29_NH_Icon.png
clothing,fe1f851b24eaf3c6,https://dodo.ac/np/images/1/14/Egg_Party_Dress_NH_Icon.png
clothing,fe53e6d40223d1ae,https://dodo.ac/np/images/3/37/Aran-Knit_Cap_%28White%29_NH_Icon.png
clothing,fe87892e93698ae5,https://dodo.ac/np/images/2/2c/Delivery_Jacket_%28Black%29_NH_Icon.png
clothing,fe8881a3f16fde53,https://dodo.ac/np/images/e/e4/Frilly_Skirt_%28Gray%29_NH_Icon.png
clothing,fe918af3f232fb9d,https://dodo.ac/np/images/5/58/Turban_%28Pink%29_NH_Icon.png
clothing,fed89559880338b4,https://dodo.ac/np/images/b/bc/Floral_Hairpin_%28Pink%29_NH_Icon.png
clothing,fee8d4ac0153249d,https://dodo.ac/np/images/5/51/Wood-Egg_Shoes_NH_Icon.png
clothing,fefb1e8b676f4782,https://dodo.ac/np/images/3/32/My_Melody_Dress_NH_Icon.png
clothing,ff5cd85faeea0669,https://dodo.ac/np/images/3/3e/Star_Costume_%28White%29_NH_Icon.png
clothing,ff5daf7e007bdcf6,https://dodo.ac/np/images/b/ba/Double-Bridge_Glasses_%28Silver%29_NH_Icon.png
clothing,ff72cddc22ad7e35,https://dodo.ac/np/images/2/22/Paradise_Planning_Event_Tee_%28Purple%29_NH_Icon.png
clothing,ffba1ff9ad859a60,https://dodo.ac/np/images/3/33/Relay_Tank_%28White%29_NH_Icon.png
clothing,ffcf34d65fd3771a,https://dodo.ac/np/images/c/cb/Kiki_%26_Lala_Pin_NH_Icon.png
fish,008d1b0976c7b974,https://dodo.ac/np/images/e/e1/King_Salmon_NH_Icon.png
fish,057034990a13c2bf,https://dodo.ac/np/images/3/34/Football_Fish_NH_Icon.png
fish,0993a16ef174f33d,https://dodo.ac/np/images/e/eb/Soft-Shelled_Turtle_NH_Icon.png
fish,0b8f54a1bea9ddce,https://dodo.ac/np/images/d/de/Suckerfish_NH_Icon.png
fish,0dcd4c5f8e4578fe,https://dodo.ac/np/images/b/bf/Squid_NH_Icon.png
fish,0eb2518f5a5c98d2,https://dodo.ac/np/images/5/50/Giant_Snakehead_NH_Icon.png
fish,123eee224a8b4eab,https://dodo.ac/np/images/4/4f/Whale_Shark_NH_Icon.png
fish,1984bfd4c83e1047,https://dodo.ac/np/images/7/7f/Anchovy_%28Fish%29_NH_Icon.png
fish,22ecb926c09bd33c,https://dodo.ac/np/images/6/67/Arowana_NH_Icon.png
fish,2c26cae925087a0a,https://dodo.ac/np/images/f/f7/Sea_Butterfly_NH_Icon.png
fish,31588d70845632b0,https://dodo.ac/np/images/6/67/Yellow_Perch_NH_Icon.png
fish,32088cde99649d96,https://dodo.ac/np/images/a/a5/Loach_NH_Icon.png
fish,32f06d9460dd4f8a,https://dodo.ac/np/images/e/eb/Stringfish_NH_Icon.png
fish,34f6b8f5e67f7d41,https://dodo.ac/np/images/9/95/Blowfish_NH_Icon.png
fish,40b4655c75178d36,https://dodo.ac/np/images/1/17/Giant_Trevally_NH_Icon.png
fish,46ae09b14f76b674,https://dodo.ac/np/images/5/50/Oarfish_NH_Icon.png
fish,472d0cf0dadf7935,https://dodo.ac/np/images/c/ca/Salmon_NH_Icon.png
fish,49cfd75828511531,https://dodo.ac/np/images/e/ea/Killifish_NH_Icon.png
fish,57b01143bf840264,https://dodo.ac/np/images/d/d5/Barred_Knifejaw_NH_Icon.png
fish,5a2c9adc9c045821,https://dodo.ac/np/images/4/45/Coelacanth_NH_Icon.png
fish,5bbdf2293ab212ca,https://dodo.ac/np/images/e/ec/Hammerhead_Shark_NH_Icon.png
fish,605fcd96509c69b4,https://dodo.ac/np/images/0/0b/Nibble_Fish_NH_Icon.png
fish,615e08f343a80441,https://dodo.ac/np/images/b/b1/Arapaima_NH_Icon.png
fish,644cf96659e48d5c,https://dodo.ac/np/images/4/42/Neon_Tetra_NH_Icon.png
fish,674481bf7350cea2,https://dodo.ac/np/images/3/30/Napoleonfish_NH_Icon.png
fish,6863bde4e075d06a,https://dodo.ac/np/images/c/cb/Surgeonfish_NH_Icon.png
fish,694cf715769ed9f2,https://dodo.ac/np/images/3/38/Guppy_NH_Icon.png
fish,6a1feaab0ee11735,https://dodo.ac/np/images/f/f2/Crucian_Carp_NH_Icon.png
fish,6f6190841010ef54,https://dodo.ac/np/images/f/fc/Golden_Trout_NH_Icon.png
fish,76f904bf4b014cdb,https://dodo.ac/np/images/9/9f/Pike_NH_Icon.png
fish,7d0301e84cf06cf0,https://dodo.ac/np/images/0/0b/Betta_NH_Icon.png
fish,7f3acace44de57e4,https://dodo.ac/np/images/3/3e/Moray_Eel_NH_Icon.png
fish,804336837ff0d893,https://dodo.ac/np/images/0/0c/Bluegill_NH_Icon.png
fish,866a579cf51a672e,https://dodo.ac/np/images/e/ec/Freshwater_Goby_NH_Icon.png
fish,8940024167c596ee,https://dodo.ac/np/images/c/cd/Angelfish_NH_Icon.png
fish,8b1d54d5874692ab,https://dodo.ac/np/images/e/ef/Tilapia_NH_Icon.png
fish,8bb4f770af595647,https://dodo.ac/np/images/7/71/Goldfish_NH_Icon.png
fish,8bbe3d5c89dc276f,https://dodo.ac/np/images/d/db/Dace_NH_Icon.png
fish,8ee2fddb187b1176,https://dodo.ac/np/images/e/ee/Puffer_Fish_NH_Icon.png
fish,8fd85dc8d65daa06,https://dodo.ac/np/images/6/6a/Sweetfish_NH_Icon.png
fish,96e52c650eee936f,https://dodo.ac/np/images/0/0f/Pond_Smelt_NH_Icon.png
fish,970af23278c49cde,https://dodo.ac/np/images/9/9b/Ray_NH_Icon.png
fish,9e2766e5f5d19925,https://dodo.ac/np/images/4/47/Butterfly_Fish_NH_Icon.png
fish,a0f4833ca15b4c53,https://dodo.ac/np/images/8/85/Zebra_Turkeyfish_NH_Icon.png
fish,a6383677d69737e6,https://dodo.ac/np/images/f/fe/Dorado_NH_Icon.png
fish,a708b6fd5d9060b8,https://dodo.ac/np/images/e/e0/Barreleye_NH_Icon.png
fish,ae07e87a566d68a2,https://dodo.ac/np/images/c/c1/Red_Snapper_NH_Icon.png
fish,af07c1d8cdfc20fb,https://dodo.ac/np/images/3/35/Ranchu_Goldfish_NH_Icon.png
fish,af1fc8aec9efcc12,https://dodo.ac/np/images/a/a3/Horse_Mackerel_NH_Icon.png
fish,b07bb023bb73ffa0,https://dodo.ac/np/images/9/9d/Mitten_Crab_NH_Icon.png
fish,b2c12e6c69c45704,https://dodo.ac/np/images/0/0d/Catfish_NH_Icon.png
fish,b6807ada07ef2fee,https://dodo.ac/np/images/2/2d/Koi_NH_Icon.png
fish,b6a76127b4a659ec,https://dodo.ac/np/images/9/96/Crawfish_NH_Icon.png
fish,b6ec05c6c636213a,https://dodo.ac/np/images/e/e2/Pale_Chub_NH_Icon.png
fish,b854b3af111a5147,https://dodo.ac/np/images/d/d6/Mahi-Mahi_NH_Icon.png
fish,bb1ac9c13bd7aa58,https://dodo.ac/np/images/4/46/Saddled_Bichir_NH_Icon.png
fish,bdc5e7f2d7b6a22c,https://dodo.ac/np/images/1/1f/Dab_NH_Icon.png
fish,c29a3d9428d20928,https://dodo.ac/np/images/8/80/Char_NH_Icon.png
fish,c6a35a5d52dc4249,https://dodo.ac/np/images/4/4f/Clown_Fish_NH_Icon.png
fish,c6ddaa83c9886217,https://dodo.ac/np/images/2/2a/Blue_Marlin_NH_Icon.png
fish,cdc70de6b8fef1a9,https://dodo.ac/np/images/e/e7/Rainbowfish_NH_Icon.png
fish,cf03fc60b539c9c6,https://dodo.ac/np/images/4/45/Saw_Shark_NH_Icon.png
fish,d2d8f1f7af6ef8a8,https://dodo.ac/np/images/0/00/Black_Bass_NH_Icon.png
fish,d435307f01407cc2,https://dodo.ac/np/images/5/5d/Carp_NH_Icon.png
fish,d462908154459ff8,https://dodo.ac/np/images/b/bb/Tadpole_NH_Icon.png
fish,d47ceb12e779af69,https://dodo.ac/np/images/2/2f/Frog_NH_Icon.png
fish,d65621bd616b0253,https://dodo.ac/np/images/0/0d/Pop-Eyed_Goldfish_NH_Icon.png
fish,dedcc58533668990,https://dodo.ac/np/images/7/7f/Sea_Bass_NH_Icon.png
fish,e33ebb53c2d79405,https://dodo.ac/np/images/b/b1/Snapping_Turtle_NH_Icon.png
fish,e4d4db11648ba122,https://dodo.ac/np/images/a/a2/Gar_NH_Icon.png
fish,e69f263923c2c436,https://dodo.ac/np/images/e/eb/Ocean_Sunfish_NH_Icon.png
fish,e976412f064a218a,https://dodo.ac/np/images/2/26/Ribbon_Eel_NH_Icon.png
fish,e9d3b005af421a87,https://dodo.ac/np/images/b/b3/Olive_Flounder_NH_Icon.png
fish,f1dacc15c7244ead,https://dodo.ac/np/images/d/dc/Sea_Horse_NH_Icon.png
fish,f383c9feb139098e,https://dodo.ac/np/images/9/91/Sturgeon_NH_Icon.png
fish,f76a49a4e44bc7c0,https://dodo.ac/np/images/2/20/Great_White_Shark_NH_Icon.png
fish,fa56aaaad1ede6e5,https://dodo.ac/np/images/d/db/Cherry_Salmon_NH_Icon.png
fish,faa0f731bef8f660,https://dodo.ac/np/images/4/4d/Bitterling_NH_Icon.png
fish,fc07cdf49d20a000,https://dodo.ac/np/images/4/4b/Tuna_NH_Icon.png
fish,fdfa258325beb53a,https://dodo.ac/np/images/c/c6/Piranha_NH_Icon.png
fossils,0601c8fed04ce0b4,https://dodo.ac/np/images/7/7f/Amber_NH_Icon.png
fossils,07830960590021ba,https://dodo.ac/np/images/b/b3/Right_Quetzal_Wing_NH_Icon.png
fossils,078f01ec6274a38b,https://dodo.ac/np/images/8/8b/Tricera_Tail_NH_Icon.png
fossils,0f0dcf6f02773636,https://dodo.ac/np/images/b/b1/Shark-Tooth_Pattern_NH_Icon.png
fossils,106f3f3847334883,https://dodo.ac/np/images/7/7b/Spino_Skull_NH_Icon.png
fossils,13bcbc55e6758103,https://dodo.ac/np/images/f/fc/Archelon_Tail_NH_Icon.png
fossils,14f7461dc8084edd,https://dodo.ac/np/images/8/84/Mammoth_Skull_NH_Icon.png
fossils,15dbb04725fd23ff,https://dodo.ac/np/images/a/a7/Deinony_Torso_NH_Icon.png
fossils,1c60232ff6af41dd,https://dodo.ac/np/images/3/3a/Quetzal_Torso_NH_Icon.png
fossils,1cf50019276b8c0f,https://dodo.ac/np/images/9/96/T._Rex_Skull_NH_Icon.png
fossils,24e2ebff0429e52c,https://dodo.ac/np/images/b/b8/Dimetrodon_Skull_NH_Icon.png
fossils,2870575c5de90bb5,https://dodo.ac/np/images/9/94/Diplo_Chest_NH_Icon.png
fossils,2aaa29436dc75c27,https://dodo.ac/np/images/c/cc/Eusthenopteron_NH_Icon.png
fossils,2bd3e838a5fb49b8,https://dodo.ac/np/images/7/7f/Stego_Torso_NH_Icon.png
fossils,316b26080bac5bed,https://dodo.ac/np/images/f/f6/Ptera_Body_NH_Icon.png
fossils,33c99c6d21a46289,https://dodo.ac/np/images/9/93/Brachio_Pelvis_NH_Icon.png
fossils,438224b60b61148d,https://dodo.ac/np/images/7/7b/Plesio_Torso_NH_Icon.png
fossils,4406e19e1f3210e2,https://dodo.ac/np/images/2/27/Pachy_Tail_NH_Icon.png
fossils,46487b109a2d0d6f,https://dodo.ac/np/images/0/0c/Right_Ptera_Wing_NH_Icon.png
fossils,47491f1379440f72,https://dodo.ac/np/images/4/4f/Diplo_Neck_NH_Icon.png
fossils,475555414a9254aa,https://dodo.ac/np/images/8/8f/Brachio_Skull_NH_Icon.png
fossils,50c62f2f8df8545c,https://dodo.ac/np/images/b/be/Archelon_Skull_NH_Icon.png
fossils,538f34115e326420,https://dodo.ac/np/images/d/d5/Parasaur_Skull_NH_Icon.png
fossils,569c8e1c415df836,https://dodo.ac/np/images/5/5f/Ophthalmo_Torso_NH_Icon.png
fossils,5a1ad7613b9ecb88,https://dodo.ac/np/images/e/ec/Megacero_Torso_NH_Icon.png
fossils,5f0e3eb3a1038d2a,https://dodo.ac/np/images/1/13/Sabertooth_Tail_NH_Icon.png
fossils,60592b1f0d7e1f0b,https://dodo.ac/np/images/d/d6/Dinosaur_Track_NH_Icon.png
fossils,6167f3af5db8e2cf,https://dodo.ac/np/images/6/6c/Sabertooth_Skull_NH_Icon.png
fossils,62f5bb0157d0a1b0,https://dodo.ac/np/images/c/c4/Ankylo_Torso_NH_Icon.png
fossils,69a9a719b7ae80c6,https://dodo.ac/np/images/2/26/Dimetrodon_Torso_NH_Icon.png
fossils,69d26b8b8f076c2f,https://dodo.ac/np/images/c/c0/Stego_Skull_NH_Icon.png
fossils,6c51fecba7b65eeb,https://dodo.ac/np/images/0/07/Iguanodon_Tail_NH_Icon.png
fossils,705a4fff2b055153,https://dodo.ac/np/images/d/d4/Myllokunmingia_NH_Icon.png
fossils,793658a488c065b5,https://dodo.ac/np/images/e/ed/Plesio_Tail_NH_Icon.png
fossils,8304a327c5fb3391,https://dodo.ac/np/images/a/ab/Pachy_Skull_NH_Icon.png
fossils,8706c4588f026fa5,https://dodo.ac/np/images/f/fb/Megacero_Skull_NH_Icon.png
fossils,8c4604fa3a885dc9,https://dodo.ac/np/images/1/1a/Left_Quetzal_Wing_NH_Icon.png
fossils,8d0a2e78ef992555,https://dodo.ac/np/images/3/36/Dunkleosteus_NH_Icon.png
fossils,91b9cbe6cfb54c95,https://dodo.ac/np/images/e/ee/Megacero_Tail_NH_Icon.png
fossils,93090f998e2e4fd7,https://dodo.ac/np/images/7/76/Parasaur_Tail_NH_Icon.png
fossils,93b46bd626a85319,https://dodo.ac/np/images/5/5d/Juramaia_NH_Icon.png
fossils,93fc208ee1a0a7de,https://dodo.ac/np/images/4/46/Diplo_Skull_NH_Icon.png
fossils,96189ef34d65bca0,https://dodo.ac/np/images/e/e1/Left_Megalo_Side_NH_Icon.png
fossils,9c8c6611a71bfcb0,https://dodo.ac/np/images/9/92/Spino_Torso_NH_Icon.png
fossils,a1b069b8497b6a22,https://dodo.ac/np/images/4/40/Spino_Tail_NH_Icon.png
fossils,a3c35c458f5040cc,https://dodo.ac/np/images/a/a8/Australopith_NH_Icon.png
fossils,a5061485d457088c,https://dodo.ac/np/images/1/11/Left_Ptera_Wing_NH_Icon.png
fossils,abe0c8f921b64bd9,https://dodo.ac/np/images/b/bf/Ankylo_Tail_NH_Icon.png
fossils,b1de5ca5448649e8,https://dodo.ac/np/images/d/d0/Brachio_Chest_NH_Icon.png
fossils,b41b4bcb1bbffcf9,https://dodo.ac/np/images/e/e0/Ophthalmo_Skull_NH_Icon.png
fossils,b8a75ab776abd658,https://dodo.ac/np/images/e/ee/T._Rex_Torso_NH_Icon.png
fossils,bbb2dc240acd9ab0,https://dodo.ac/np/images/d/d8/Plesio_Skull_NH_Icon.png
fossils,c008f80273d323b1,https://dodo.ac/np/images/9/95/Deinony_Tail_NH_Icon.png
fossils,c5d0bf9a1cd02829,https://dodo.ac/np/images/0/0c/Brachio_Tail_NH_Icon.png
fossils,c659ff847396ed59,https://dodo.ac/np/images/d/d5/T._Rex_Tail_NH_Icon.png
fossils,c90a41801626908d,https://dodo.ac/np/images/4/49/Archaeopteryx_NH_Icon.png
fossils,cc6784eb10e7a8e7,https://dodo.ac/np/images/9/9f/Tricera_Skull_NH_Icon.png
fossils,cca271084731042f,https://dodo.ac/np/images/7/77/Diplo_Pelvis_NH_Icon.png
fossils,cddbfced6748bba3,https://dodo.ac/np/images/c/c6/Iguanodon_Torso_NH_Icon.png
fossils,cf56123371e2994c,https://dodo.ac/np/images/d/df/Stego_Tail_NH_Icon.png
fossils,d150aa3289afbf08,https://dodo.ac/np/images/4/45/Ankylo_Skull_NH_Icon.png
fossils,d2bac22eaa23ac3f,https://dodo.ac/np/images/d/d8/Anomalocaris_NH_Icon.png
fossils,ddb15313a1b3e102,https://dodo.ac/np/images/2/2d/Diplo_Tail_NH_Icon.png
fossils,e5139d82fd2099f4,https://dodo.ac/np/images/6/68/Parasaur_Torso_NH_Icon.png
fossils,e59ac7cdabc0dbf5,https://dodo.ac/np/images/6/66/Mammoth_Torso_NH_Icon.png
fossils,e78fd0b3c014ab2e,https://dodo.ac/np/images/e/e4/Right_Megalo_Side_NH_Icon.png
fossils,e80941b37e6d1f7c,https://dodo.ac/np/images/1/14/Iguanodon_Skull_NH_Icon.png
fossils,ec5c03f23efcfd58,https://dodo.ac/np/images/2/24/Coprolite_NH_Icon.png
fossils,ee1e376e38d41ba7,https://dodo.ac/np/images/7/7b/Tricera_Torso_NH_Icon.png
fossils,ee3432b9f338d925,https://dodo.ac/np/images/7/7f/Ammonite_NH_Icon.png
fossils,f7c2c9f91950442f,https://dodo.ac/np/images/e/e0/Acanthostega_NH_Icon.png
fossils,f936c305e95e5e51,https://dodo.ac/np/images/4/41/Diplo_Tail_Tip_NH_Icon.png
fossils,fe6726471ce57964,https://dodo.ac/np/images/a/ac/Trilobite_NH_Icon.png
furniture,0025a890e9568ea7,https://dodo.ac/np/images/4/45/Upright_Organizer_%28White_-_Two-Tone_Dots%29_NH_Icon.png
furniture,004b7f5b88b14740,https://dodo.ac/np/images/4/4e/Public_Telephone_%28Pink%29_NH_Icon.png
furniture,0055566f01f844ba,https://dodo.ac/np/images/b/b6/Luxury_Car_%28Void%29_NH_Icon.png
furniture,005dd589aaf0b7c8,https://dodo.ac/np/images/e/e1/Outdoor_Kitchen_%28White%29_NH_Icon.png
furniture,00b0f0f0f4aaccad,https://dodo.ac/np/images/8/83/Graceful_Painting_%28Fake%29_NH_Icon.png
furniture,00cbc91d6e102560,https://dodo.ac/np/images/8/86/Champi%C3%B1ones_al_Ajillo_NH_Icon.png
furniture,00cfc6ae6ff21128,https://dodo.ac/np/images/4/40/Paradise_Planning_Photo_NH_Icon.png
furniture,00e3815a165b4fa5,https://dodo.ac/np/images/0/0d/Veggie_Quiche_NH_Icon.png
furniture,00e87760869b2fde,https://dodo.ac/np/images/6/61/Bow_%28Black%29_NH_Icon.png
furniture,00ec49102ded5269,https://dodo.ac/np/images/d/d7/Rescue_Mannequin_%28Light_Gray_-_Blue%29_NH_Icon.png
furniture,00fdba39d17d8a4f,https://dodo.ac/np/images/c/cf/Lab_Chair_%28Silver%29_NH_Icon.png
furniture,0129a19d53e7a3d4,https://dodo.ac/np/images/5/53/Spooky_Table_%28Orange%29_NH_Icon.png
furniture,019c31da1fbaad41,https://dodo.ac/np/images/3/32/Festivale_Stage_%28Green%29_NH_Icon.png
furniture,01e94cd4f0f8c961,https://dodo.ac/np/images/c/c6/Metal-and-Wood_Table_%28Light_Wood%29_NH_Icon.png
furniture,01fe0780e43c3aae,https://dodo.ac/np/images/c/c9/Outdoor_Bench_%28White_-_White%29_NH_Icon.png
furniture,01fe0c22d833c4f2,https://dodo.ac/np/images/4/4e/Flashy-Flower_Sign_%28Pop%29_NH_Icon.png
furniture,02091068df309c3d,https://dodo.ac/np/images/4/4c/Velvet_Stool_NH_Icon.png
furniture,02451698f5d811cc,https://dodo.ac/np/images/8/85/Candle_Chandelier_%28Black%29_NH_Icon.png
furniture,024bc78cba4b5781,https://dodo.ac/np/images/4/44/Market_Place_Decoration_NH_Icon.png
furniture,0265ab26802cb817,https://dodo.ac/np/images/b/b2/Vine_Lamp_%28Green%29_NH_Icon.png
furniture,029aead7c3e2abed,https://dodo.ac/np/images/b/b7/Wave_Breaker_NH_Icon.png
furniture,029b6d422bbd45ca,https://dodo.ac/np/images/5/5d/Bulldozer_%28Yellow%29_NH_Icon.png
furniture,029fb0cd43c74726,https://dodo.ac/np/images/f/f7/Palm-Tree_Lamp_%28Natural%29_NH_Icon.png
furniture,02a24dad3ebdf79b,https://dodo.ac/np/images/3/3d/Mama_Bear_%28Cream_-_None%29_NH_Icon.png
furniture,02e9013d9055e39a,https://dodo.ac/np/images/b/b3/Log_Chair_%28Dark_Wood_-_None%29_NH_Icon.png
furniture,02f3d91f2dad6573,https://dodo.ac/np/images/2/2c/Baby_Bear_%28Cream_-_None%29_NH_Icon.png
furniture,0300ab4385f3dc8f,https://dodo.ac/np/images/c/ca/Dress_Mannequin_%28White_-_Blue%29_NH_Icon.png
furniture,031a30bbd76cfac3,https://dodo.ac/np/images/7/71/Deep_Fryer_%28Red%29_NH_Icon.png
furniture,03301019e1692401,https://dodo.ac/np/images/a/a1/Orange_Pie_NH_Icon.png
furniture,034b6f24b48d3c7e,https://dodo.ac/np/images/7/70/Super_Sea_Snail_NH_Icon.png
furniture,03940ffa4fe2c170,https://dodo.ac/np/images/1/19/Paradise_Planning_Wall_Flag_NH_Icon.png
furniture,03c85a5380535f32,https://dodo.ac/np/images/d/d9/Drink_Machine_%28Red_-_Orange_Juice%29_NH_Icon.png
furniture,03d37b45d37fec2f,https://dodo.ac/np/images/0/05/Frozen-Drink_Machine_%28Natural%29_NH_Icon.png
furniture,03f9f546f3072cbd,https://dodo.ac/np/images/1/1c/Instant_Noodles_%28Shoyu_Ramen%29_NH_Icon.png
furniture,040346332690f448,https://dodo.ac/np/images/1/1a/Double_Gloucester_Cheese_NH_Icon.png
furniture,043f8b6980260b11,https://dodo.ac/np/images/3/3c/Golf_Bag_%28Red%29_NH_Icon.png
furniture,0443eb41a45bb7fb,https://dodo.ac/np/images/1/1b/Wild_Painting_Left_Half_NH_Icon.png
furniture,0446cece88b31a0b,https://dodo.ac/np/images/f/fb/Spooky_Tower_%28Orange%29_NH_Icon.png
furniture,045d15389082ccd8,https://dodo.ac/np/images/8/8e/Satellite_NH_Icon.png
furniture,046fed370fbd1438,https://dodo.ac/np/images/9/9a/Shell_Arch_%28White%29_NH_Icon.png
furniture,047ae1bf33b186dc,https://dodo.ac/np/images/f/f9/Golden_Dishes_NH_Icon.png
furniture,048585ee6562dc34,https://dodo.ac/np/images/6/66/School_Desk_%28Natural_%26_Silver%29_NH_Icon.png
furniture,048972d855192c2e,https://dodo.ac/np/images/1/17/Chainsaw_%28Red%29_NH_Icon.png
furniture,04af5e725616f5b7,https://dodo.ac/np/images/4/47/Street_Organ_%28Natural%29_NH_Icon.png
furniture,04b5ac4a705afee1,https://dodo.ac/np/images/c/c7/Homework_Set_NH_Icon.png
furniture,04f9799e0b00df44,https://dodo.ac/np/images/f/f8/Frying_Pan_%28None%29_NH_Icon.png
furniture,0504f1af1ffafa9e,https://dodo.ac/np/images/1/1d/Beach_Ball_%28Colorful%29_NH_Icon.png
furniture,05506b80638b78e3,https://dodo.ac/np/images/7/75/Leaf_Campfire_%28None%29_NH_Icon.png
furniture,056400a771f37af5,https://dodo.ac/np/images/d/d7/Simple_Chair_%28Natural_-_Brown%29_NH_Icon.png
furniture,056d97e3fb858dfc,https://dodo.ac/np/images/3/31/Safety_Railing_%28Light_Brown%29_NH_Icon.png
furniture,05897a688f05eacf,https://dodo.ac/np/images/7/77/Common_Butterfly_Model_NH_Icon.png
furniture,058ee511eb36d548,https://dodo.ac/np/images/1/14/Cup_with_Saucer_NH_Icon.png
furniture,05ca6ccbe367e6d1,https://dodo.ac/np/images/8/86/Floating-Biotope_Planter_%28Brown%29_NH_Icon.png
furniture,05cd5897ae5730b7,https://dodo.ac/np/images/d/db/Coffee_Grinder_NH_Icon.png
furniture,05d093d7a03a613e,https://dodo.ac/np/images/7/79/Tilapia_Model_NH_Icon.png
furniture,05f32e79dabf088f,https://dodo.ac/np/images/8/81/Rattan_Stool_%28Brown%29_NH_Icon.png
furniture,06165869d8c7e317,https://dodo.ac/np/images/1/14/Sturgeon_Model_NH_Icon.png
furniture,061ab3211a4c5388,https://dodo.ac/np/images/d/d2/Wheat_Field_%28Gold%29_NH_Icon.png
furniture,062abfb7868697cb,https://dodo.ac/np/images/0/07/Marimba_NH_Icon.png
furniture,062b3467a59ab178,https://dodo.ac/np/images/3/3c/Table_Lamp_%28White%29_NH_Icon.png
furniture,064dc458cfb3a61c,https://dodo.ac/np/images/e/e4/Magic_Kit_%28Red%29_NH_Icon.png
furniture,06699cbb56d973fa,https://dodo.ac/np/images/6/6b/Short_Simple_Panel_%28Light_Gray_-_Plain%29_NH_Icon.png
furniture,068830702523b747,https://dodo.ac/np/images/c/c9/Infused-Water_Dispenser_NH_Icon.png
furniture,068b4c92e7af44a8,https://dodo.ac/np/images/2/27/Rattan_Low_Table_%28Brown%29_NH_Icon.png
furniture,06ab37d37fc2f689,https://dodo.ac/np/images/1/1e/Ultra_Hand_NH_Icon.png
furniture,086b889391634359,https://dodo.ac/np/images/2/29/Fruit_Wreath_NH_Icon.png
furniture,08c1383227a7dcf6,https://dodo.ac/np/images/f/f0/Paper-Chain_Ceiling_Garland_%28Colorful%29_NH_Icon.png
furniture,08d4aef8d26dd23c,https://dodo.ac/np/images/f/f3/Baby_Bed_%28Natural_Wood_-_Plain_White%29_NH_Icon.png
furniture,095362582150789e,https://dodo.ac/np/images/4/43/Upright_Speaker_%28Silver%29_NH_Icon.png
furniture,09642c70d04ef3a6,https://dodo.ac/np/images/9/96/Elegant_Sofa_%28Gold_-_Botanical%29_NH_Icon.png
furniture,09834ba6e51131c8,https://dodo.ac/np/images/1/12/Porcelain_Vase_%28Simple%29_NH_Icon.png
furniture,0985e39cbfe4cba9,https://dodo.ac/np/images/d/d7/Electric_Guitar_%28Dark_Red_-_None%29_NH_Icon.png
furniture,09e5d7a39a772183,https://dodo.ac/np/images/9/9a/Garden_Gnome_%28Sprightly_Gnome%29_NH_Icon.png
furniture,09eb9676b226e5db,https://dodo.ac/np/images/8/89/Hanging_Stage_Lights_%28White%29_NH_Icon.png
furniture,0a35a5d6841a21b4,https://dodo.ac/np/images/4/46/Cosmos_Shower_%28Pink%29_NH_Icon.png
furniture,0a52001018a5f20a,https://dodo.ac/np/images/f/fa/Cicada_Shell_Model_NH_Icon.png
furniture,0a5dd4abb9340fce,https://dodo.ac/np/images/5/58/Carrot-Tops_Curry_NH_Icon.png
furniture,0a60b52017f32a89,https://dodo.ac/np/images/6/6d/Splatfest_Sign_Right_Panel_%28Flowers%29_NH_Icon.png
furniture,0a6fa61669068ece,https://dodo.ac/np/images/9/92/Veggie_Basket_NH_Icon.png
furniture,0a81f29b7a3ac86a,https://dodo.ac/np/images/d/dd/Love_Tester_NH_Icon.png
furniture,0ad10bbb92766766,https://dodo.ac/np/images/2/22/Garden_Wagon_%28Brown%29_NH_Icon.png
furniture,0adb4a79db0163e5,https://dodo.ac/np/images/4/4e/Punching_Bag_%28Red%29_NH_Icon.png
furniture,0afa4fb339e1da6b,https://dodo.ac/np/images/4/41/Full-Length_Mirror_%28Light_Brown%29_NH_Icon.png
furniture,0b1af9580d206586,https://dodo.ac/np/images/5/5f/Pretty_Cosmos_Wreath_NH_Icon.png
furniture,0b38e81ba8a07510,https://dodo.ac/np/images/8/82/Ice_Pail_%28Silver%29_NH_Icon.png
furniture,0b3b54541cc68534,https://dodo.ac/np/images/8/8d/Migratory_Locust_Model_NH_Icon.png
furniture,0b3c86002770b965,https://dodo.ac/np/images/a/a9/DAL_Mug_NH_Icon.png
furniture,0b40a96d89ff0cad,https://dodo.ac/np/images/d/d3/Bronze_HHA_Trophy_NH_Icon.png
furniture,0b68a48bdb245964,https://dodo.ac/np/images/2/2f/Counter_Table_%28Natural_Wood%29_NH_Icon.png
furniture,0b9e636d14493817,https://dodo.ac/np/images/9/93/Plastic_Clothing_Organizer_%28Black_-_Plain_Shirts%29_NH_Icon.png
furniture,0ba11a04c35c9b47,https://dodo.ac/np/images/4/4a/Wedding_Head_Table_%28Cute%29_NH_Icon.png
furniture,0bb36bc0f5b9e2bc,https://dodo.ac/np/images/5/53/Wedding_Cake_%28Cute%29_NH_Icon.png
furniture,0c22edd736c25c40,https://dodo.ac/np/images/b/b7/Science_Pod_%28Blue%29_NH_Icon.png
furniture,0c4847d647a2599f,https://dodo.ac/np/images/6/61/Ranch_Cupboard_%28Natural%29_NH_Icon.png
furniture,0c582a0b48aa05a1,https://dodo.ac/np/images/3/33/Bunny_Day_Topiary_NH_Icon.png
furniture,0c8e21674879740d,https://dodo.ac/np/images/8/8e/Tomates_al_Ajillo_NH_Icon.png
furniture,0c93eabc8556db47,https://dodo.ac/np/images/9/94/Illuminated_Present_%28Yellow_with_Red_Ribbon%29_NH_Icon.png
furniture,0c95a54833c312c6,https://dodo.ac/np/images/e/e2/Angelfish_Model_NH_Icon.png
furniture,0cc3b32c4c8e4c88,https://dodo.ac/np/images/6/6d/Patchwork_Low_Table_%28Colorful%29_NH_Icon.png
furniture,0ce96b8b0b330e08,https://dodo.ac/np/images/f/f0/Proper_Painting_NH_Icon.png
furniture,0d270f1d44bc630e,https://dodo.ac/np/images/4/45/Guppy_Model_NH_Icon.png
furniture,0d6bd60c5b2d195e,https://dodo.ac/np/images/8/89/Pine_Tree_NH_Icon.png
furniture,0d6f60936b0a1f12,https://dodo.ac/np/images/d/de/Peach_Pie_NH_Icon.png
furniture,0d87deee574104f2,https://dodo.ac/np/images/9/9f/Stewpot_%28None%29_NH_Icon.png
furniture,0da13f0462f15315,https://dodo.ac/np/images/e/e0/Left_Chalkboard_Section_%28Blank%29_NH_Icon.png
furniture,0daa276a4f6cf581,https://dodo.ac/np/images/6/65/Effects_Rack_%28Black_-_None%29_NH_Icon.png
furniture,0dacbc14f12643ff,https://dodo.ac/np/images/d/d2/Golden_Gears_NH_Icon.png
furniture,0db8d32b953b5b53,https://dodo.ac/np/images/9/9e/Bulletin_Board_%28Standard_-_Scenery%29_NH_Icon.png
furniture,0db9f65e80bb6634,https://dodo.ac/np/images/c/ca/Coffee_Cup_%28Simple%29_NH_Icon.png
furniture,0dbf405b4d5bf84d,https://dodo.ac/np/images/1/1c/Golden_Altar_NH_Icon.png
furniture,0dce0c07eda3be58,https://dodo.ac/np/images/7/7d/Double-Door_Refrigerator_%28Silver%29_NH_Icon.png
furniture,0df34b79df505171,https://dodo.ac/np/images/2/2f/Wedding_Welcome_Board_%28Cute_-_Message%29_NH_Icon.png
furniture,0e033126f2aefc31,https://dodo.ac/np/images/1/15/Orchid_Mantis_Model_NH_Icon.png
furniture,0e387e6c3bb19d49,https://dodo.ac/np/images/0/01/Hello_Kitty_Table_NH_Icon.png
furniture,0e40b84def57e1a0,https://dodo.ac/np/images/5/57/Valiant_Statue_%28Fake%29_NH_Icon.png
furniture,0e60ab52a27c23b9,https://dodo.ac/np/images/2/23/Sweetfish_Model_NH_Icon.png
furniture,0e65d2331792d1cc,https://dodo.ac/np/images/8/8e/Hello_Kitty_Drawers_NH_Icon.png
furniture,0e8faf3e6da26404,https://dodo.ac/np/images/c/cf/Mum_Cushion_%28Yellow%29_NH_Icon.png
furniture,0ef0f3f1cb1c5edd,https://dodo.ac/np/images/6/63/Wall_Shelf_with_Bottles_%28Natural_Wood%29_NH_Icon.png
furniture,0f020f40154e6c64,https://dodo.ac/np/images/c/c6/Stacked_Magazines_%28Gardening%29_NH_Icon.png
furniture,0f4fc1f58d72bbec,https://dodo.ac/np/images/9/94/Butterfly_Fish_Model_NH_Icon.png
furniture,0f679b8e1bdcc6a8,https://dodo.ac/np/images/c/cb/Desk_Mirror_%28Gold%29_NH_Icon.png
furniture,0f816554536ebcbd,https://dodo.ac/np/images/a/ac/Bug_Plaque_NH_Icon.png
furniture,0fb46d7a895034c0,https://dodo.ac/np/images/8/83/Cute_Sofa_%28White%29_NH_Icon.png
furniture,0fc3a7cb095c7872,https://dodo.ac/np/images/9/9b/Blue_Corner_%28Green%29_NH_Icon.png
furniture,0fe04298ba98a3df,https://dodo.ac/np/images/b/b9/Log_Stakes_%28Dark_Wood%29_NH_Icon.png
furniture,0fe3ce42f75696a9,https://dodo.ac/np/images/2/2e/Hanging_Terrarium_%28Black%29_NH_Icon.png
furniture,100b0a1c57a609b0,https://dodo.ac/np/images/7/7f/Sloppy_Sink_%28Light_Wood%29_NH_Icon.png
furniture,1026eb27b1de6329,https://dodo.ac/np/images/2/29/Simple_Vanity_%28Natural%29_NH_Icon.png
furniture,107845da0434e0be,https://dodo.ac/np/images/4/41/Garbage_Bin_%28Green%29_NH_Icon.png
furniture,10b6f1dcdd9cc7d6,https://dodo.ac/np/images/7/74/Taurus_Bathtub_NH_Icon.png
furniture,113f5a5a09075ae2,https://dodo.ac/np/images/a/ab/Pompompurin_Pudding_NH_Icon.png
furniture,1176f33d6211cf51,https://dodo.ac/np/images/3/39/Simple_Panel_%28Light_Gray_-_Plain%29_NH_Icon.png
furniture,117b6e0264bc39e0,https://dodo.ac/np/images/b/bf/Conveyor_Belt_%28Silver%29_NH_Icon.png
furniture,11a7a782ee797b0a,https://dodo.ac/np/images/b/bd/Ranch_Bed_%28Natural_-_Plain%29_NH_Icon.png
furniture,11a92f38a089cbd5,https://dodo.ac/np/images/1/12/Froggy_Chair_%28Green%29_NH_Icon.png
furniture,11aea11c26b1fd30,https://dodo.ac/np/images/e/eb/Tool_Cart_%28Red%29_NH_Icon.png
furniture,11cbf1d21317f0ff,https://dodo.ac/np/images/e/ee/Rattan_Wardrobe_%28Brown%29_NH_Icon.png
furniture,11f5d313a2fa14ba,https://dodo.ac/np/images/6/64/Whirlpool_Bath_%28White%29_NH_Icon.png
furniture,1216f72a8caea599,https://dodo.ac/np/images/f/f5/Pinball_Machine_%28White%29_NH_Icon.png
furniture,121a38ad5c8aa1df,https://dodo.ac/np/images/4/44/Macrame_Tapestry_%28White%29_NH_Icon.png
furniture,12224498f29e430e,https://dodo.ac/np/images/f/f6/Pretty_Tulip_Wreath_NH_Icon.png
furniture,1223caebd00e6af1,https://dodo.ac/np/images/1/1e/Valiant_Statue_NH_Icon.png
furniture,1231a3145e6a8537,https://dodo.ac/np/images/5/5b/Changing_Room_%28Gray_-_White%29_NH_Icon.png
furniture,12368f2cc5c65da3,https://dodo.ac/np/images/f/f4/Exercise_Ball_%28Blue%29_NH_Icon.png
furniture,126ef4d17bcc5f63,https://dodo.ac/np/images/5/54/Fence_%28Green_-_None%29_NH_Icon.png
furniture,1276f46000f0191a,https://dodo.ac/np/images/9/9d/Cute_Bed_%28White%29_NH_Icon.png
furniture,12bfa1a2d578c547,https://dodo.ac/np/images/d/d5/Pesce_All%27acqua_Pazza_NH_Icon.png
furniture,12d416efddc24f0e,https://dodo.ac/np/images/f/f6/Fruit-Topped_Pancakes_NH_Icon.png
furniture,12e2f04a1f9f78bd,https://dodo.ac/np/images/4/44/Cassette_Player_%28Red%29_NH_Icon.png
furniture,1319ed5c83f1aab2,https://dodo.ac/np/images/b/b4/Sea_Globe_NH_Icon.png
furniture,1334e50a275a249e,https://dodo.ac/np/images/b/b6/Right_Chalkboard_Section_%28Blank%29_NH_Icon.png
furniture,135efde9a2a6a229,https://dodo.ac/np/images/9/9d/Wharf_Roach_Model_NH_Icon.png
furniture,13740289995ccbaf,https://dodo.ac/np/images/b/be/Shell_Music_Box_%28Pearlescent_White%29_NH_Icon.png
furniture,13ba85a775b54aaf,https://dodo.ac/np/images/a/a1/Pro_Tape_Recorder_%28Gray%29_NH_Icon.png
furniture,13ceb3e6376dd163,https://dodo.ac/np/images/e/e5/Glowing-Moss_Wreath_%28Green%29_NH_Icon.png
furniture,13dbe9c159ee3baa,https://dodo.ac/np/images/d/d6/Barred_Knifejaw_Model_NH_Icon.png
furniture,13df9c96682fe0ed,https://dodo.ac/np/images/d/d4/Birdcage_%28Brown%29_NH_Icon.png
furniture,13e65971c7b29623,https://dodo.ac/np/images/d/d6/Imperial_Chest_%28Red%29_NH_Icon.png
furniture,13f287f0819532fc,https://dodo.ac/np/images/b/b2/Bamboo_Speaker_%28Green_Bamboo%29_NH_Icon.png
furniture,14030819962e158b,https://dodo.ac/np/images/9/96/Horizontal_Organizer_%28White_-_Two-Tone_Dots%29_NH_Icon.png
furniture,1408ddf207617301,https://dodo.ac/np/images/4/4c/Shaved-Ice_Maker_%28Green%29_NH_Icon.png
furniture,1412357bfc0231d3,https://dodo.ac/np/images/5/50/Construction_Sign_%28Ongoing_Work%29_NH_Icon.png
furniture,1441a819c2537a8c,https://dodo.ac/np/images/7/70/Pirate_Barrel_NH_Icon.png
furniture,145148d985767081,https://dodo.ac/np/images/6/67/Ring_Light_%28White%29_NH_Icon.png
furniture,14678f9958d72b0b,https://dodo.ac/np/images/2/2f/Vine_Bench_%28Green%29_NH_Icon.png
furniture,147d32f673c27e24,https://dodo.ac/np/images/e/ec/Spooky_Carriage_%28Orange%29_NH_Icon.png
furniture,149244122d9583b9,https://dodo.ac/np/images/e/ef/Mermaid_Closet_NH_Icon.png
furniture,14b5ec5a930addc3,https://dodo.ac/np/images/2/28/Simple_DIY_Workbench_NH_Icon.png
furniture,14b868dcb0cbf311,https://dodo.ac/np/images/f/f1/Plaza_Train_%28Vivid%29_NH_Icon.png
furniture,14c8b21e165ed0fc,https://dodo.ac/np/images/0/01/Fishing-Boat_Flag_%28Nintenmaru_-_Big_Catch%29_NH_Icon.png
furniture,14d202a4ff6f2e11,https://dodo.ac/np/images/9/93/Hospital_Screen_%28White%29_NH_Icon.png
furniture,14dc1e795a44a452,https://dodo.ac/np/images/6/60/Garden_Rock_NH_Icon.png
furniture,14e349f59d079161,https://dodo.ac/np/images/7/7d/Framed_Fossil_Poster_NH_Icon.png
furniture,156b7e8f80e387e7,https://dodo.ac/np/images/0/0f/Framed_Photo_%28Natural_-_Pressed_Flower%29_NH_Icon.png
furniture,1599eb108c882e25,https://dodo.ac/np/images/b/b4/Sandbox_NH_Icon.png
furniture,15f457b3dc4db633,https://dodo.ac/np/images/0/06/Hello_Kitty_Bed_NH_Icon.png
furniture,15fea6f2334a77b0,https://dodo.ac/np/images/8/81/Rattan_End_Table_%28Brown%29_NH_Icon.png
furniture,163d44c1bcb057ed,https://dodo.ac/np/images/c/c7/Pile_of_Zen_Cushions_%28Deep_Blue%29_NH_Icon.png
furniture,16448de29dc0b268,https://dodo.ac/np/images/a/a9/Hanging_Shelves_%28Light_Wood%29_NH_Icon.png
furniture,165af97c1737d147,https://dodo.ac/np/images/5/52/Miso_Ramen_NH_Icon.png
furniture,16699219c68b3a9e,https://dodo.ac/np/images/5/5a/Wheelchair_%28Blue%29_NH_Icon.png
furniture,166ef0ebcb4157ed,https://dodo.ac/np/images/3/31/Roost_Sabl%C3%A9_Cookie_NH_Icon.png
furniture,16b5cc4005441167,https://dodo.ac/np/images/d/dc/Medieval_Building_Side_%28Gray%29_NH_Icon.png
furniture,16bd1d4f658bcbc7,https://dodo.ac/np/images/f/f3/Baseball_Set_%28Red_%26_Tan%29_NH_Icon.png
furniture,1709bce9529dc1c1,https://dodo.ac/np/images/9/9e/Owl_Clock_%28Natural_Wood%29_NH_Icon.png
furniture,1719ed6e54f4478c,https://dodo.ac/np/images/a/a4/Mom%27s_Tea_Cozy_%28Patterned%29_NH_Icon.png
furniture,172c06ff20f3bce9,https://dodo.ac/np/images/b/b4/Arcade_Seat_%28Red%29_NH_Icon.png
furniture,1790a135e30f7b18,https://dodo.ac/np/images/d/d0/Cruiser_Bike_%28Red%29_NH_Icon.png
furniture,17b3f0a08b9fa0d4,https://dodo.ac/np/images/f/f1/Dreamy_Hanging_Decoration_%28Pink%29_NH_Icon.png
furniture,17d26723a4cc08b2,https://dodo.ac/np/images/0/0f/Fireplace_%28Red%29_NH_Icon.png
furniture,18079f3bd8ece088,https://dodo.ac/np/images/0/0e/Sardines_in_Oil_NH_Icon.png
furniture,18932696982eb007,https://dodo.ac/np/images/4/4f/Pumpkin_Bagel_Sandwich_NH_Icon.png
furniture,1898695fd67d4277,https://dodo.ac/np/images/6/6c/Sturdy_Office_Desk_%28Gray%29_NH_Icon.png
furniture,18b55ac9760f33af,https://dodo.ac/np/images/a/af/Stacked_Bags_%28Plain_White%29_NH_Icon.png
furniture,18c46759784dd809,https://dodo.ac/np/images/9/9b/Wall_Clock_%28Silver%29_NH_Icon.png
furniture,18db95bd00991c34,https://dodo.ac/np/images/9/9f/Mermaid_Chair_NH_Icon.png
furniture,1941630605381124,https://dodo.ac/np/images/1/1c/Famous_Painting_NH_Icon.png
furniture,194c3aa4850e5ec5,https://dodo.ac/np/images/c/c9/Great_White_Shark_Model_NH_Icon.png
furniture,1952e4337710ff45,https://dodo.ac/np/images/b/ba/Speed_Bag_%28Red_%26_Black%29_NH_Icon.png
furniture,195b751a91302dcc,https://dodo.ac/np/images/7/78/Coconut_Milk_NH_Icon.png
furniture,198583121ec3a05a,https://dodo.ac/np/images/5/58/Mush_Table_%28Ordinary_Mushroom%29_NH_Icon.png
furniture,199666c2543f3d73,https://dodo.ac/np/images/a/a7/Salmon_Bagel_Sandwich_NH_Icon.png
furniture,199dd6a42ef4acdc,https://dodo.ac/np/images/5/53/Spooky_Lantern_Set_%28Orange%29_NH_Icon.png
furniture,19a25b4d10550e93,https://dodo.ac/np/images/4/4a/Paper_Lantern_%28Natural_Wood_-_Plain%29_NH_Icon.png
furniture,19a2c53100313703,https://dodo.ac/np/images/6/64/Solar_Panel_%28Blue%29_NH_Icon.png
furniture,19b6f7d07a84006d,https://dodo.ac/np/images/5/59/Cacao_Tree_NH_Icon.png
furniture,19b939f10bc97109,https://dodo.ac/np/images/0/0f/Ruined_Decorated_Pillar_%28Ivory%29_NH_Icon.png
furniture,1a1b747bf1a71321,https://dodo.ac/np/images/5/5b/Ironwood_DIY_Workbench_%28Birch%29_NH_Icon.png
furniture,1a23f30115036555,https://dodo.ac/np/images/2/2e/Star_Clock_%28Yellow%29_NH_Icon.png
furniture,1a26103a27fa8886,https://dodo.ac/np/images/b/be/Veggie_Cupcakes_NH_Icon.png
furniture,1a4f98b331731ead,https://dodo.ac/np/images/6/69/Kitty_Litter_Box_%28White%29_NH_Icon.png
furniture,1a86130c272bf1e1,https://dodo.ac/np/images/1/1d/Pop-Eyed_Goldfish_Model_NH_Icon.png
furniture,1af6f369bf1abe92,https://dodo.ac/np/images/a/ae/Record_Box_%28Black_-_None%29_NH_Icon.png
furniture,1af79575183320a7,https://dodo.ac/np/images/f/f6/Glowing-Moss_Statue_%28Gray%29_NH_Icon.png
furniture,1b10971f98c6948c,https://dodo.ac/np/images/3/35/Bamboo_Basket_%28Green_Bamboo%29_NH_Icon.png
furniture,1b3414eed27aff9b,https://dodo.ac/np/images/7/76/Curry_with_Rice_NH_Icon.png
furniture,1b3b4c3c34c85a14,https://dodo.ac/np/images/7/73/Steamer-Basket_Set_NH_Icon.png
furniture,1b52f664aeb35e86,https://dodo.ac/np/images/8/89/Transit_Seat_%28Silver_-_Blue%29_NH_Icon.png
furniture,1b78416887f62184,https://dodo.ac/np/images/8/84/Snowflake_Wreath_NH_Icon.png
furniture,1b891094f47a54a6,https://dodo.ac/np/images/0/07/Office_Cabinet_%28White%29_NH_Icon.png
furniture,1bfd941adbe8ee92,https://dodo.ac/np/images/5/59/Cinnamoroll_Parasol_NH_Icon.png
furniture,1c1242fed9571c32,https://dodo.ac/np/images/1/15/Arcade_Fighting_Game_NH_Icon.png
furniture,1c38482f0a8a2388,https://dodo.ac/np/images/3/3d/Bath_Bucket_%28White_-_None%29_NH_Icon.png
furniture,1c3917d89e2145b5,https://dodo.ac/np/images/3/30/Bunny_Day_Basket_NH_Icon.png
furniture,1d341bc45b2d8bfd,https://dodo.ac/np/images/d/d9/Monster_Statue_%28Brown%29_NH_Icon.png
furniture,1d36b69f19f35165,https://dodo.ac/np/images/3/33/LCD_TV_%2850_in.%29_%28Black%29_NH_Icon.png
furniture,1d3dda7a5f848a66,https://dodo.ac/np/images/5/5a/Wasp-Head_Model_NH_Icon.png
furniture,1d878c7374c68457,https://dodo.ac/np/images/d/df/Natural_Mum_Wreath_NH_Icon.png
furniture,1d8d35737c5075f0,https://dodo.ac/np/images/8/86/Bunk_Bed_%28Silver_-_White%29_NH_Icon.png
furniture,1dca3d19629208d0,https://dodo.ac/np/images/9/9e/Handy_Water_Cooler_%28Blue%29_NH_Icon.png
furniture,1df7f12c4033e132,https://dodo.ac/np/images/8/8d/Succulent_Plant_NH_Icon.png
furniture,1e99d94aced14121,https://dodo.ac/np/images/9/9b/Fancy_Lily_Wreath_NH_Icon.png
furniture,1ecdf0d93043ee8e,https://dodo.ac/np/images/1/14/Olive_Flounder_Model_NH_Icon.png
furniture,1f02b4a7231a3e9c,https://dodo.ac/np/images/c/cb/Firefly_Model_NH_Icon.png
furniture,1f22855dcd899953,https://dodo.ac/np/images/0/0a/Floor_Sign_%28Warning%29_NH_Icon.png
furniture,1f528a85eb850d4e,https://dodo.ac/np/images/d/da/Set_of_Stockings_%28Colorful%29_NH_Icon.png
furniture,1f584b406cab62d3,https://dodo.ac/np/images/3/38/Spooky_Table_Setting_%28Orange%29_NH_Icon.png
furniture,1fa0f25e1bbe042d,https://dodo.ac/np/images/c/c1/Mom%27s_Homemade_Cake_%28Cat%29_NH_Icon.png
furniture,204f8e721fe03b45,https://dodo.ac/np/images/a/a3/Birthday_Sign_%28Colorful%29_NH_Icon.png
furniture,2074838f7d9ba0cb,https://dodo.ac/np/images/2/25/Rattan_Table_Lamp_%28Brown%29_NH_Icon.png
furniture,20a952e24f9f8427,https://dodo.ac/np/images/f/f0/Kimono_Stand_%28Checkered%29_NH_Icon.png
furniture,20aecba09258d90e,https://dodo.ac/np/images/b/b0/Tiny_Library_%28Natural%29_NH_Icon.png
furniture,20c961468ec5578a,https://dodo.ac/np/images/2/27/Football_Fish_Model_NH_Icon.png
furniture,20ebd4413b7fbfdc,https://dodo.ac/np/images/e/e1/Pumpkin_Curry_NH_Icon.png
furniture,2101ac101f4df547,https://dodo.ac/np/images/3/33/Sloppy_Table_%28Light_Wood_-_Gardening%29_NH_Icon.png
furniture,210ae172076d9553,https://dodo.ac/np/images/a/a9/Starry_Garland_%28Yellow%29_NH_Icon.png
furniture,210fa0625e7c1987,https://dodo.ac/np/images/a/a0/Handcart_%28Green%29_NH_Icon.png
furniture,213df3b03f91bd85,https://dodo.ac/np/images/0/0a/Gazebo_%28White%29_NH_Icon.png
furniture,216165975a602e06,https://dodo.ac/np/images/5/5e/Dab_Model_NH_Icon.png
furniture,217f039e9553a091,https://dodo.ac/np/images/6/6e/Ranch_Lowboard_%28Natural_-_None%29_NH_Icon.png
furniture,21864e15e36a2777,https://dodo.ac/np/images/2/2b/Extravagant_Meal_NH_Icon.png
furniture,21934f9def77dbaf,https://dodo.ac/np/images/8/89/Cactus_%28Closed%29_NH_Icon.png
furniture,219d76d0ccddedc8,https://dodo.ac/np/images/e/eb/Checkout_Counter_%28Light_Gray%29_NH_Icon.png
furniture,21a2b85242511fbb,https://dodo.ac/np/images/a/ac/Potato_Potage_NH_Icon.png
furniture,21ccfcb965816d1a,https://dodo.ac/np/images/1/1f/Luncheon_Plate_Meal_NH_Icon.png
furniture,21ef15f398909f77,https://dodo.ac/np/images/3/32/Nice_Painting_NH_Icon.png
furniture,225217b982eda81f,https://dodo.ac/np/images/9/90/Papa_Bear_%28Cream_-_None%29_NH_Icon.png
furniture,225cabf9d3e0f5a4,https://dodo.ac/np/images/c/cb/Corkboard_%28Natural_-_Apple%29_NH_Icon.png
furniture,2276b3eb473e9a33,https://dodo.ac/np/images/a/af/Amazing_Painting_%28Fake%29_NH_Icon.png
furniture,22847c299103b0d0,https://dodo.ac/np/images/1/18/Iron_Worktable_%28Black%29_NH_Icon.png
furniture,2297f9bf278d05c7,https://dodo.ac/np/images/b/ba/Twelve-Grape_Dish_NH_Icon.png
furniture,22be306df8b769ec,https://dodo.ac/np/images/0/0d/Solemn_Painting_NH_Icon.png
furniture,22e17d834b0f7625,https://dodo.ac/np/images/7/75/Spooky_Tree_%28Orange%29_NH_Icon.png
furniture,22eb8f8dcd39d548,https://dodo.ac/np/images/4/43/Outdoor_Air_Conditioner_NH_Icon.png
furniture,230a8a808d734edb,https://dodo.ac/np/images/f/f5/Festivale_Lamp_%28Green%29_NH_Icon.png
furniture,23378356a8606413,https://dodo.ac/np/images/c/ce/Asteroid_NH_Icon.png
furniture,23382ea5ba28d16c,https://dodo.ac/np/images/1/16/Mixer_%28Tomatoes%29_NH_Icon.png
furniture,237d34b2e8b2159d,https://dodo.ac/np/images/b/b2/Carp_Model_NH_Icon.png
furniture,23d64869d2519cf9,https://dodo.ac/np/images/e/e0/Barbecue_%28Red%29_NH_Icon.png
furniture,23e74f32ee41457e,https://dodo.ac/np/images/4/4c/Fragrance_Diffuser_%28White%29_NH_Icon.png
furniture,240660f5728ccb1c,https://dodo.ac/np/images/8/89/Bunny_Day_Arch_NH_Icon.png
furniture,244329aa165fc931,https://dodo.ac/np/images/f/f1/Scorpion_Model_NH_Icon.png
furniture,246941eeff908aec,https://dodo.ac/np/images/9/92/Vintage_TV_Tray_%28Gold_-_Green%29_NH_Icon.png
furniture,248f5b833836ae1b,https://dodo.ac/np/images/5/58/Frozen_Tree_%28Ice%29_NH_Icon.png
furniture,24936e6362ea7e2d,https://dodo.ac/np/images/4/47/Throwback_Wrestling_Figure_%28Red%29_NH_Icon.png
furniture,24f963a2287d8e1d,https://dodo.ac/np/images/1/19/Office_Desk_%28White%29_NH_Icon.png
furniture,255527ae6de31b21,https://dodo.ac/np/images/4/49/Vacuum_Cleaner_%28Red%29_NH_Icon.png
furniture,25586260566e6469,https://dodo.ac/np/images/d/d6/Mixed-Fruits_Tart_NH_Icon.png
furniture,255907201153c707,https://dodo.ac/np/images/8/83/Truck_%28White_-_None%29_NH_Icon.png
furniture,2570fefdcad6207f,https://dodo.ac/np/images/8/8e/Kerokerokeroppi_Lantern_NH_Icon.png
furniture,25716772d9c95870,https://dodo.ac/np/images/2/29/Typewriter_%28Black%29_NH_Icon.png
furniture,25a0ee7c3ee22a61,https://dodo.ac/np/images/b/b8/Toy_Day_Stockings_NH_Icon.png
furniture,25a63eed1e0bc953,https://dodo.ac/np/images/9/93/Oarfish_Model_NH_Icon.png
furniture,25ca29f583ed59b8,https://dodo.ac/np/images/5/54/Terrarium_%28Black%29_NH_Icon.png
furniture,25f0149ec238649c,https://dodo.ac/np/images/1/1e/Centipede_Model_NH_Icon.png
furniture,26259ad9e7f8280b,https://dodo.ac/np/images/2/2d/Brine-Shrimp_Aquarium_NH_Icon.png
furniture,262e02dcd17347e9,https://dodo.ac/np/images/b/bd/Iron_Doorplate_%28Black%29_NH_Icon.png
furniture,2635952b570eab8a,https://dodo.ac/np/images/7/78/Rocking_Horse_%28Natural%29_NH_Icon.png
furniture,263856f2f3c659e1,https://dodo.ac/np/images/0/04/Spaghetti_Genovese_NH_Icon.png
furniture,267c3901bfa365c3,https://dodo.ac/np/images/d/df/Flower_Stand_%28Colorful%29_NH_Icon.png
furniture,26c24cc5e5a844f7,https://dodo.ac/np/images/2/2a/Antique_Chair_%28Brown%29_NH_Icon.png
furniture,26d604786a314627,https://dodo.ac/np/images/7/7f/Garden_Chair_%28White%29_NH_Icon.png
furniture,26ece4acbd35b9ec,https://dodo.ac/np/images/9/92/Fruit_Basket_NH_Icon.png
furniture,26f1a5128f5df531,https://dodo.ac/np/images/5/52/Ketchup_Fried_Rice_NH_Icon.png
furniture,26fd7b25f62f36af,https://dodo.ac/np/images/1/17/Natural_Garden_Chair_%28Natural%29_NH_Icon.png
furniture,27016e71166cd18c,https://dodo.ac/np/images/d/d4/Evergreen_Ash_%28Red%29_NH_Icon.png
furniture,27272ad7c8f54d50,https://dodo.ac/np/images/c/cf/Pet_Bed_%28Natural_-_White%29_NH_Icon.png
furniture,27329864eba20cee,https://dodo.ac/np/images/8/8c/Gurney_%28Blue%29_NH_Icon.png
furniture,2742b17d95a7b966,https://dodo.ac/np/images/0/03/Dried-Flower_Garland_%28Orange%29_NH_Icon.png
furniture,274982671e20a330,https://dodo.ac/np/images/a/a1/Squat_Toilet_NH_Icon.png
furniture,27700cdcc0336eff,https://dodo.ac/np/images/e/ec/Nook_Inc._Cushion_NH_Icon.png
furniture,278da4543a985ad7,https://dodo.ac/np/images/6/6a/Spooky_Lantern_%28Orange%29_NH_Icon.png
furniture,2798021c811ccd91,https://dodo.ac/np/images/8/83/Shamrock_Doorplate_NH_Icon.png
furniture,27a57bf2d6b4535d,https://dodo.ac/np/images/5/5d/Unglazed_Dish_Set_%28Unglazed%29_NH_Icon.png
furniture,27aee786b6bdae72,https://dodo.ac/np/images/5/58/Songpyeon_NH_Icon.png
furniture,27cc1ed4afb6bac5,https://dodo.ac/np/images/c/ca/Stage_Flame_Machine_%28Red%29_NH_Icon.png
furniture,280c11357bd25001,https://dodo.ac/np/images/5/53/Office_Chair_%28Gray%29_NH_Icon.png
furniture,2817d9f41f200d2d,https://dodo.ac/np/images/6/6c/Stadium_Light_%28White%29_NH_Icon.png
furniture,281cf1ece5e4d794,https://dodo.ac/np/images/7/73/Soup_Kettle_%28Corn_Soup%29_NH_Icon.png
furniture,282067546d9aae5e,https://dodo.ac/np/images/3/3d/Salad_Bar_%28Silver%29_NH_Icon.png
furniture,284dec84bac32ae7,https://dodo.ac/np/images/a/a1/Covered_Wagon_%28Light_Brown%29_NH_Icon.png
furniture,28656a370a897291,https://dodo.ac/np/images/2/25/Artisanal_Bug_Cage_NH_Icon.png
furniture,28babe04f193fa62,https://dodo.ac/np/images/6/63/Modeling_Clay_%28Beginning_Stages%29_NH_Icon.png
furniture,28e5378453b05d8f,https://dodo.ac/np/images/1/12/LEGO%C2%AE_Partition_%28Colorful%29_NH_Icon.png
furniture,2905de4371b01e49,https://dodo.ac/np/images/c/cb/Hula_Doll_%28Green%29_NH_Icon.png
furniture,292ea8d13c209b09,https://dodo.ac/np/images/a/a0/Ironwood_Kitchenette_%28Birch%29_NH_Icon.png
furniture,2930172c9ca5fe68,https://dodo.ac/np/images/b/bc/Metal-and-Wood_Chair_%28Light_Wood%29_NH_Icon.png
furniture,2978b3423c9c7e06,https://dodo.ac/np/images/b/b2/Matryoshka_%28Red%29_NH_Icon.png
furniture,298640c3258cac9e,https://dodo.ac/np/images/d/de/Clarinet_NH_Icon.png
furniture,29b109e5ed4d0306,https://dodo.ac/np/images/6/68/Squid-Ink_Spaghetti_NH_Icon.png
furniture,29b8c1ea95e4457b,https://dodo.ac/np/images/9/9e/Thank-You_Dad_Mug_NH_Icon.png
furniture,29f8829f874770a6,https://dodo.ac/np/images/f/f4/Small_Wooden_Partition_%28Light_Wood%29_NH_Icon.png
furniture,2a1f1850fec0dcdc,https://dodo.ac/np/images/0/0f/Brick_Well_%28Red%29_NH_Icon.png
furniture,2a5ea8374f195301,https://dodo.ac/np/images/c/cd/Standard_Umbrella_Stand_%28Black_-_Stripes%29_NH_Icon.png
furniture,2a6ad0a4ce2c0d9e,https://dodo.ac/np/images/1/15/Hay_Bed_%28Brown%29_NH_Icon.png
furniture,2a705a8c0468c20c,https://dodo.ac/np/images/5/55/Mysterious_Painting_NH_Icon.png
furniture,2a8731905f0b8c8d,https://dodo.ac/np/images/9/93/Steel_Fence_%28Blue%29_NH_Icon.png
furniture,2a8a4b7c2b63ced1,https://dodo.ac/np/images/d/d4/Rodeo-Style_Springy_Ride-On_NH_Icon.png
furniture,2a8db9a4c91159af,https://dodo.ac/np/images/7/7e/Tokonoma_%28Green_-_Calligraphy%29_NH_Icon.png
furniture,2a95a1a1c2d8e728,https://dodo.ac/np/images/c/c7/Basketball_Hoop_%28Blue%29_NH_Icon.png
furniture,2a9b865845f70d88,https://dodo.ac/np/images/c/c7/Throwback_Rocket_%28Silver%29_NH_Icon.png
furniture,2ab231b0a690331c,https://dodo.ac/np/images/3/3b/Artsy_Chair_%28Silver_-_Red%29_NH_Icon.png
furniture,2aed282d877c8863,https://dodo.ac/np/images/d/d3/Mermaid_Lamp_NH_Icon.png
furniture,2b12306843076a91,https://dodo.ac/np/images/3/31/Tricycle_%28Red%29_NH_Icon.png
furniture,2b1ed1f0e1f02e5d,https://dodo.ac/np/images/2/20/Pear_Smoothie_NH_Icon.png
furniture,2b1f8e7fecd74300,https://dodo.ac/np/images/3/32/Quaint_Painting_NH_Icon.png
furniture,2b2b90a70f262b11,https://dodo.ac/np/images/a/ae/Playground_Gym_%28Colorful%29_NH_Icon.png
furniture,2b381167009aefdf,https://dodo.ac/np/images/4/42/Kitchen_Stove_NH_Icon.png
furniture,2b8551eaceb6df92,https://dodo.ac/np/images/8/8f/Cans_%28Canned_Fruits_%26_Veggies%29_NH_Icon.png
furniture,2b8d2f8804bfd071,https://dodo.ac/np/images/a/a2/Barreleye_Model_NH_Icon.png
furniture,2bdd1249f2717651,https://dodo.ac/np/images/5/59/Backlit_Sign_%28Black_-_ON_AIR%29_NH_Icon.png
furniture,2bf31eeb33cf010c,https://dodo.ac/np/images/d/d6/Inflatable_Bird_Ring_%28Pink%29_NH_Icon.png
furniture,2bfc2dc23835c70c,https://dodo.ac/np/images/0/06/Tiger_Beetle_Model_NH_Icon.png
furniture,2c02bb75554718b0,https://dodo.ac/np/images/1/17/Kiddie_Slide_%28Pop%29_NH_Icon.png
furniture,2c25bfc7b228257b,https://dodo.ac/np/images/1/13/Plaza_Teacup_Ride_%28Vivid%29_NH_Icon.png
furniture,2c2dcee1f476cc85,https://dodo.ac/np/images/7/71/Synthesizer_%28Black%29_NH_Icon.png
furniture,2c52970d1842b9de,https://dodo.ac/np/images/8/8d/Mermaid_Table_NH_Icon.png
furniture,2cc3081e07434352,https://dodo.ac/np/images/0/02/Aroma_Pot_%28White%29_NH_Icon.png
furniture,2d0e21a3dd9016bb,https://dodo.ac/np/images/d/d3/Cinnamoroll_Table_NH_Icon.png
furniture,2d387b5971b95e70,https://dodo.ac/np/images/9/96/Japanese_Dresser_%28Empress-Tree_Wood%29_NH_Icon.png
furniture,2dbbf6142b9f4627,https://dodo.ac/np/images/5/5b/Moroccan_Tray_Table_%28Ash_Brown%29_NH_Icon.png
furniture,2dbf9fc4343d2b7b,https://dodo.ac/np/images/5/58/Paint_Cans_%28Red%2C_Blue_%26_Yellow%29_NH_Icon.png
furniture,2dd6b10df3df2f74,https://dodo.ac/np/images/7/74/Shoyu_Ramen_NH_Icon.png
furniture,2e30b354e575d8b0,https://dodo.ac/np/images/a/a7/Salmon_Model_NH_Icon.png
furniture,2e63bf86485ba993,https://dodo.ac/np/images/b/be/Sewing_Machine_%28White%29_NH_Icon.png
furniture,2e6581ef2a5c6b5f,https://dodo.ac/np/images/4/42/Patchwork_Bed_%28Colorful%29_NH_Icon.png
furniture,2e66778fad898466,https://dodo.ac/np/images/4/4f/Exit_Sign_%28%E2%86%90%29_NH_Icon.png
furniture,2ea431cbe53ea551,https://dodo.ac/np/images/e/e1/Mantis_Model_NH_Icon.png
furniture,2eabf9c6d2a5c63e,https://dodo.ac/np/images/f/f9/Pill_Bug_Model_NH_Icon.png
furniture,2ebdee33171b3eab,https://dodo.ac/np/images/5/56/Decorative_Bottles_%28Green_-_None%29_NH_Icon.png
furniture,2ec55caebef8097f,https://dodo.ac/np/images/f/fc/Exam_Table_%28White%29_NH_Icon.png
furniture,2ee0a0c2b8ae460b,https://dodo.ac/np/images/0/0a/Castle_Wall_%28Gray_-_None%29_NH_Icon.png
furniture,2ee3f85caa9157d1,https://dodo.ac/np/images/8/8b/Warrior_Statue_%28Fake%29_NH_Icon.png
furniture,2f0920bda340889f,https://dodo.ac/np/images/6/68/Grand_Piano_%28Black%29_NH_Icon.png
furniture,2f1182daffa2d7f6,https://dodo.ac/np/images/4/40/Paradise_Planning_Candles_NH_Icon.png
furniture,2f2a7b6ff2776770,https://dodo.ac/np/images/c/c9/Ball_Catcher_%28Basketballs%29_NH_Icon.png
furniture,2f3b30601f458af0,https://dodo.ac/np/images/9/92/Frosted_Pretzels_NH_Icon.png
furniture,2f53b72cff8ec20f,https://dodo.ac/np/images/f/fe/Springy_Ride-On_%28White%29_NH_Icon.png
furniture,2f5b02ca9de5680f,https://dodo.ac/np/images/a/a8/Decorative_Pillar_%28Brick%29_NH_Icon.png
furniture,2fa6c364643f6298,https://dodo.ac/np/images/c/c9/Den_Chair_%28Black%29_NH_Icon.png
furniture,2fbf652618cc8747,https://dodo.ac/np/images/4/41/Camp_Stove_%28Yellow%29_NH_Icon.png
furniture,2fd14bd3f7201273,https://dodo.ac/np/images/9/9c/Lucky_Cat_%28White%29_NH_Icon.png
furniture,304022c50e788eb7,https://dodo.ac/np/images/4/4c/Hinaningyo_NH_Icon.png
furniture,30b0d468b2a12670,https://dodo.ac/np/images/c/c4/Coffee_Plant_NH_Icon.png
furniture,30e335d7f3d85324,https://dodo.ac/np/images/f/f1/Crawfish_Model_NH_Icon.png
furniture,31146183dd3b3f3b,https://dodo.ac/np/images/9/94/Frozen_Mini_Snowperson_%28Ice%29_NH_Icon.png
furniture,312056abc172f544,https://dodo.ac/np/images/6/67/Red_Dragonfly_Model_NH_Icon.png
furniture,3120f54e87ade41e,https://dodo.ac/np/images/6/6f/Cosmos_Wreath_NH_Icon.png
furniture,31df9b9977b470a6,https://dodo.ac/np/images/e/ed/Heart_NH_Icon.png
furniture,320556c350782b5b,https://dodo.ac/np/images/2/21/Cool_Globe_NH_Icon.png
furniture,321913ab34fd448c,https://dodo.ac/np/images/c/c1/Minicar_%28White_-_None%29_NH_Icon.png
furniture,3238c3622a8b66db,https://dodo.ac/np/images/9/95/Kiddie_Partition_%28Pop%29_NH_Icon.png
furniture,32669b807bf520b2,https://dodo.ac/np/images/1/18/Imperial_Lamp_%28Ivory%29_NH_Icon.png
furniture,327e37cc828d20b8,https://dodo.ac/np/images/9/9f/Wild_Painting_Right_Half_NH_Icon.png
furniture,3287c8d40dbe7b55,https://dodo.ac/np/images/6/65/Seafood_Ajillo_NH_Icon.png
furniture,329ad8998ce407c8,https://dodo.ac/np/images/2/26/Outdoor_Picnic_Set_NH_Icon.png
furniture,32f5326d0216e051,https://dodo.ac/np/images/c/cf/Loft_Bed_with_Desk_%28Natural_-_White%29_NH_Icon.png
furniture,33093050b340806b,https://dodo.ac/np/images/a/a5/Sinking_Painting_NH_Icon.png
furniture,333ec2d411fab630,https://dodo.ac/np/images/8/80/Tank_%28Silver_-_Plain%29_NH_Icon.png
furniture,33625f9fe5caf009,https://dodo.ac/np/images/9/9f/Beautiful_Statue_NH_Icon.png
furniture,34637698bf6700dc,https://dodo.ac/np/images/7/78/Carrot_Bagel_Sandwich_NH_Icon.png
furniture,3496d6ee105e570e,https://dodo.ac/np/images/5/59/Eggplant_Cow_NH_Icon.png
furniture,3498b55a78cb056e,https://dodo.ac/np/images/1/1e/Tape_Deck_%28Silver%29_NH_Icon.png
furniture,34a8ec138331f8bd,https://dodo.ac/np/images/d/db/Plush_Massage_Chair_NH_Icon.png
furniture,34be3dd6fc0f45f4,https://dodo.ac/np/images/7/74/Wedding_Candle_Set_%28Cute%29_NH_Icon.png
furniture,34d542feb44900cb,https://dodo.ac/np/images/2/28/Spooky_Standing_Lamp_%28Orange%29_NH_Icon.png
furniture,34e7e5d6cd6c1258,https://dodo.ac/np/images/7/75/EKG_Machine_NH_Icon.png
furniture,3587756f49e63aaa,https://dodo.ac/np/images/d/d8/Garbage_Pail_NH_Icon.png
furniture,359c598a3052bf98,https://dodo.ac/np/images/3/38/Pansy_Wreath_NH_Icon.png
furniture,35c69d5c7d63d5b5,https://dodo.ac/np/images/8/87/Clothes_Closet_%28White%29_NH_Icon.png
furniture,35cd1c995b078106,https://dodo.ac/np/images/9/96/Spider_Model_NH_Icon.png
furniture,35d6c0539f12fffe,https://dodo.ac/np/images/b/b7/Bamboo_Grass_NH_Icon.png
furniture,35dac0a7f42b73c2,https://dodo.ac/np/images/4/40/New_Year%27s_Shimekazari_NH_Icon.png
furniture,35f2ddf1f4953c80,https://dodo.ac/np/images/e/ec/Hearty_Ramen_NH_Icon.png
furniture,35f93b715eda1b12,https://dodo.ac/np/images/d/d8/Jolly_Painting_NH_Icon.png
furniture,3612aea1f51faaba,https://dodo.ac/np/images/6/6c/Ring-Con_NH_Icon.png
furniture,3614171ad6be1166,https://dodo.ac/np/images/5/58/Pear_Pie_NH_Icon.png
furniture,36193eec29d072b6,https://dodo.ac/np/images/0/09/Cooler_Box_%28Blue%29_NH_Icon.png
furniture,361c4cbb2eb86c1f,https://dodo.ac/np/images/b/bf/Coconut_Pudding_NH_Icon.png
furniture,3626395da4da0259,https://dodo.ac/np/images/3/36/Carrot_Scones_NH_Icon.png
furniture,366c647a9d471782,https://dodo.ac/np/images/2/2b/Paradise_Planning_Planter_NH_Icon.png
furniture,36ac69e61beb0f06,https://dodo.ac/np/images/8/89/Sea_Butterfly_Model_NH_Icon.png
furniture,36b7534f50104dcd,https://dodo.ac/np/images/8/84/Tubular_Magazine_Rack_%28Silver_-_Design_Magazine%29_NH_Icon.png
furniture,36bc8eee1f7cc492,https://dodo.ac/np/images/3/33/Wedding_Flower_Stand_%28Cute%29_NH_Icon.png
furniture,36fa7628653784bb,https://dodo.ac/np/images/9/92/Operating-Room_Cart_NH_Icon.png
furniture,3703c744e45a6e93,https://dodo.ac/np/images/9/98/Elegant_Chair_%28Gold_-_Botanical%29_NH_Icon.png
furniture,3749b4c72f3fbd1b,https://dodo.ac/np/images/1/11/Cherry_Lamp_%28Cherry%29_NH_Icon.png
furniture,374e541941cc2fd3,https://dodo.ac/np/images/0/0b/Artful_Chair_%28Light_Wood_-_White%29_NH_Icon.png
furniture,37865a48362fae65,https://dodo.ac/np/images/5/5f/Quaint_Painting_%28Fake%29_NH_Icon.png
furniture,3814fd943bf93786,https://dodo.ac/np/images/8/81/Moroccan_Sofa_%28Red%29_NH_Icon.png
furniture,3850d286462e3c96,https://dodo.ac/np/images/5/5c/Cone_%28Red%29_NH_Icon.png
furniture,38723b9bb602ef9d,https://dodo.ac/np/images/8/8c/Kabu_Ankake_NH_Icon.png
furniture,3890da0cccc56622,https://dodo.ac/np/images/3/3d/Squid_Bumper_%28Yellow%29_NH_Icon.png
furniture,389b13b97ddd4c4b,https://dodo.ac/np/images/a/a4/Kerokerokeroppi_Doll_NH_Icon.png
furniture,389dca90ff9efd6b,https://dodo.ac/np/images/b/b5/Protein_Shaker_Bottle_%28Plain%29_NH_Icon.png
furniture,38b6f20bd304bd40,https://dodo.ac/np/images/4/45/Coconut_Pancakes_NH_Icon.png
furniture,38bb3330ad018527,https://dodo.ac/np/images/c/c4/Upright_Locker_%28Silver_-_None%29_NH_Icon.png
furniture,38d89fe0ab10660f,https://dodo.ac/np/images/4/49/Pro_Coffee_Grinder_NH_Icon.png
furniture,393c72e35acf6b08,https://dodo.ac/np/images/e/ef/Electric_Kick_Scooter_%28Red%29_NH_Icon.png
furniture,393c7dcd12fcb814,https://dodo.ac/np/images/7/79/Heart-Shaped_Bouquet_%28Red%29_NH_Icon.png
furniture,397f8588bdd13372,https://dodo.ac/np/images/7/77/Rocket_Lamp_%28Blue%29_NH_Icon.png
furniture,39821c69a695ba14,https://dodo.ac/np/images/d/d6/Firewood_NH_Icon.png
furniture,398e3bdc14da5707,https://dodo.ac/np/images/c/c6/Air_Conditioner_%28White%29_NH_Icon.png
furniture,39970a5dc096a20e,https://dodo.ac/np/images/5/5d/Super-Premium_Nigirizushi_NH_Icon.png
furniture,399ead3f40d6e7ff,https://dodo.ac/np/images/6/6a/Iron_Wall_Lamp_%28Black%29_NH_Icon.png
furniture,3a3ba1a20cf56cd3,https://dodo.ac/np/images/7/73/Blowfish_Model_NH_Icon.png
furniture,3a77103bcf0a5508,https://dodo.ac/np/images/6/6b/Display_Stand_%28Gray%29_NH_Icon.png
furniture,3aa485d52dd59503,https://dodo.ac/np/images/5/5a/Campsite_Sign_NH_Icon.png
furniture,3aca71c88100f351,https://dodo.ac/np/images/2/29/Peach_Chair_%28White_Peach%29_NH_Icon.png
furniture,3ad657fb20f3f10b,https://dodo.ac/np/images/8/86/Damselfly_Model_NH_Icon.png
furniture,3b71bb369eb658f2,https://dodo.ac/np/images/e/e0/Large_Cardboard_Boxes_NH_Icon.png
furniture,3b8434ab190da4c8,https://dodo.ac/np/images/5/5d/Skeleton_NH_Icon.png
furniture,3b85990cd5454e5d,https://dodo.ac/np/images/1/1f/Rock-Head_Statue_NH_Icon.png
furniture,3b966559f0fe5ee8,https://dodo.ac/np/images/0/01/Fish_Poster_NH_Icon.png
furniture,3b9f1142c9d9b7c3,https://dodo.ac/np/images/b/b9/Accessories_Stand_%28White%29_NH_Icon.png
furniture,3bdcf6a2f86c792a,https://dodo.ac/np/images/6/6b/Stone_Arch_%28Natural%29_NH_Icon.png
furniture,3c11a8ba253e6c82,https://dodo.ac/np/images/f/fe/Rainbow_Stag_Model_NH_Icon.png
furniture,3c5a0e3ceeff3880,https://dodo.ac/np/images/0/0e/Tantanmen_NH_Icon.png
furniture,3c6aa7ee90442f50,https://dodo.ac/np/images/a/a4/Dessert_Carrier_%28Plain_White%29_NH_Icon.png
furniture,3c7a544538868d6e,https://dodo.ac/np/images/d/d5/Inspection_Equipment_%28Silver_-_Wave_Data%29_NH_Icon.png
furniture,3c7de461f0a11b43,https://dodo.ac/np/images/5/59/Kerokerokeroppi_Bridge_NH_Icon.png
furniture,3ca9ee33fcf227dc,https://dodo.ac/np/images/b/b2/Sampler_%28Light_Gray%29_NH_Icon.png
furniture,3cc2b4e9bfa11770,https://dodo.ac/np/images/4/40/Three-Tiered_Snowperson_%28Blue%29_NH_Icon.png
furniture,3ccb7aaf69b3bb14,https://dodo.ac/np/images/9/91/Clackercart_%28Natural%29_NH_Icon.png
furniture,3d1e255a26b66481,https://dodo.ac/np/images/c/c9/Diner_Neon_Sign_%28Red%29_NH_Icon.png
furniture,3d2c71f1c91e9219,https://dodo.ac/np/images/5/53/Lifeguard_Chair_%28Blue%29_NH_Icon.png
furniture,3d56f71322a3c2fc,https://dodo.ac/np/images/1/12/Globe_%28Standard%29_NH_Icon.png
furniture,3d5cad4bbede2c69,https://dodo.ac/np/images/a/a8/Caged_Cart_%28White%29_NH_Icon.png
furniture,3d658875642435bb,https://dodo.ac/np/images/c/c2/Simple_Stool_%28Brown%29_NH_Icon.png
furniture,3d70b74e32b00001,https://dodo.ac/np/images/0/04/Meter_and_Pipes_%28Silver%29_NH_Icon.png
furniture,3d73d5d76062122f,https://dodo.ac/np/images/b/bc/Pear_Bed_%28La_France%29_NH_Icon.png
furniture,3da1ceedd1d0a3ec,https://dodo.ac/np/images/e/ed/Robust_Statue_%28Fake%29_NH_Icon.png
furniture,3e059a7b1c1d7329,https://dodo.ac/np/images/c/cf/Dolly_%28Red%29_NH_Icon.png
furniture,3e0c694b79da38ed,https://dodo.ac/np/images/b/b7/Stack_of_Books_%28Literature%29_NH_Icon.png
furniture,3e4c7856d0f81753,https://dodo.ac/np/images/d/d4/Upright_Vacuum_%28Silver%29_NH_Icon.png
furniture,3e4f485016dbe6eb,https://dodo.ac/np/images/7/71/Festivale_Float_NH_Icon.png
furniture,3ea27bfd67e052b7,https://dodo.ac/np/images/4/4d/Saw_Stag_Model_NH_Icon.png
furniture,3eb99e76c4dd8011,https://dodo.ac/np/images/e/e8/Utility_Pole_%28No_Ads%29_NH_Icon.png
furniture,3ecb9cbe8ceec126,https://dodo.ac/np/images/8/81/French_Fries_NH_Icon.png
furniture,3ed31dee9b48ca0b,https://dodo.ac/np/images/8/8b/Turkey_Day_Casserole_%28Fall_Harvest%29_NH_Icon.png
furniture,3f0399e25cfef10e,https://dodo.ac/np/images/b/b7/LEGO%C2%AE_Arcade_Game_%28Colorful%29_NH_Icon.png
furniture,3f0f127cc180b1db,https://dodo.ac/np/images/e/ef/Biryani_NH_Icon.png
furniture,3f6f1f1cd6bf405a,https://dodo.ac/np/images/0/0a/Thank-You_Mom_Mug_NH_Icon.png
furniture,3f87574dc7e54728,https://dodo.ac/np/images/0/09/Dormant_Volcano_%28Summer_Peak%29_NH_Icon.png
furniture,3f8ea7d833c716e9,https://dodo.ac/np/images/d/de/Cool_Pansy_Wreath_NH_Icon.png
furniture,3faccf4184506c4f,https://dodo.ac/np/images/6/60/Wall-Mounted_Neon_Lamps_%28Light_Blue%29_NH_Icon.png
furniture,3fae87295badaa8e,https://dodo.ac/np/images/f/f0/Greenhouse_Box_NH_Icon.png
furniture,3fb1e181b9cafc7f,https://dodo.ac/np/images/6/61/Sea-Bass_Pie_NH_Icon.png
furniture,3fbb8f8c4aa3f952,https://dodo.ac/np/images/3/35/Pond_Stone_%28White%29_NH_Icon.png
furniture,3fbba125ed4f996a,https://dodo.ac/np/images/9/97/Cherry_Speakers_%28Cherry%29_NH_Icon.png
furniture,3fd9de26db6881fa,https://dodo.ac/np/images/9/9b/Cordless_Phone_%28White%29_NH_Icon.png
furniture,3fe2d6cd7c6ebe40,https://dodo.ac/np/images/9/96/Desktop_Mic_NH_Icon.png
furniture,3ff593114a017df2,https://dodo.ac/np/images/6/64/Kiddie_Car_%28Pop%29_NH_Icon.png
furniture,3ffdb44fd6614149,https://dodo.ac/np/images/f/f1/Crew_Member%27s_Seat_%28Blue%29_NH_Icon.png
furniture,40052d7c5d971587,https://dodo.ac/np/images/6/66/Cat_Grass_%28White%29_NH_Icon.png
furniture,401716ac4345b507,https://dodo.ac/np/images/7/76/Walker_Cicada_Model_NH_Icon.png
furniture,4019f53d3ec06ee6,https://dodo.ac/np/images/b/b8/Tower_of_Pisa_NH_Icon.png
furniture,40285010dc05a110,https://dodo.ac/np/images/2/2a/Antique_Console_Table_%28Brown%29_NH_Icon.png
furniture,4043c79257cd4e28,https://dodo.ac/np/images/4/42/Retro_Stereo_%28Black%29_NH_Icon.png
furniture,40573c93a0592211,https://dodo.ac/np/images/9/93/Chalkboard_%28Blank%29_NH_Icon.png
furniture,405771385cf55607,https://dodo.ac/np/images/8/8a/Claw-Foot_Tub_%28White%29_NH_Icon.png
furniture,405b2792ee45fb8b,https://dodo.ac/np/images/4/46/Academic_Painting_%28Fake%29_NH_Icon.png
furniture,40683073e739022a,https://dodo.ac/np/images/9/99/Document_Stack_%28Resource_Documents%29_NH_Icon.png
furniture,407d4205913bf442,https://dodo.ac/np/images/7/76/Coelacanth_Model_NH_Icon.png
furniture,408fc045b526f117,https://dodo.ac/np/images/f/fb/Corner_Clothing_Rack_%28Light_Wood_-_Casual_Clothes%29_NH_Icon.png
furniture,40c4b3df233cdbe7,https://dodo.ac/np/images/1/1a/Heart_Doorplate_%28Pink%29_NH_Icon.png
furniture,40ed5f63508a5ef6,https://dodo.ac/np/images/4/48/Ornament_Garland_%28Red%29_NH_Icon.png
furniture,411c2476f2db0f72,https://dodo.ac/np/images/2/21/Elegant_Mirror_%28Gold%29_NH_Icon.png
furniture,4178c925b79de411,https://dodo.ac/np/images/f/f8/Phone_Box_%28Red%29_NH_Icon.png
furniture,419fd5bf2ee1e414,https://dodo.ac/np/images/d/d1/Tubular_Lamp_%28Silver_-_Blue%29_NH_Icon.png
furniture,41d9fcc530f3483b,https://dodo.ac/np/images/5/5a/Libra_Scale_NH_Icon.png
furniture,41da9f0346410d5c,https://dodo.ac/np/images/9/90/Mini_Dharma_%28Red%29_NH_Icon.png
furniture,42109514fd1820ff,https://dodo.ac/np/images/3/3c/M._Sunset_Moth_Model_NH_Icon.png
furniture,4250a3b1a9d407eb,https://dodo.ac/np/images/8/89/Telescope_NH_Icon.png
furniture,4290458f98dfd61b,https://dodo.ac/np/images/2/2f/Go_Board_NH_Icon.png
furniture,4291f25eba758086,https://dodo.ac/np/images/e/e2/Orange_Jelly_NH_Icon.png
furniture,42ae093983c03208,https://dodo.ac/np/images/9/94/Pompompurin_Bed_NH_Icon.png
furniture,42bdab45c17a39d3,https://dodo.ac/np/images/d/d0/Decoy_Duck_%28Natural%29_NH_Icon.png
furniture,42d79485ed6ff8b0,https://dodo.ac/np/images/c/ca/Fly_Model_NH_Icon.png
furniture,430d7db30b3eb899,https://dodo.ac/np/images/7/79/Nook_Inc._Poster_NH_Icon.png
furniture,43151bf3e5161a9e,https://dodo.ac/np/images/c/c9/Lily_Record_Player_%28White%29_NH_Icon.png
furniture,432495f03c9d039a,https://dodo.ac/np/images/a/a0/Pumpkin_Pound_Cake_NH_Icon.png
furniture,432abb6b15d33910,https://dodo.ac/np/images/3/30/Dark_Lily_Wreath_NH_Icon.png
furniture,432c7e9dd7c9b432,https://dodo.ac/np/images/1/1e/Mounted_Mountain_Bike_%28Lime%29_NH_Icon.png
furniture,4360e6e1b9f88bc1,https://dodo.ac/np/images/0/01/Lily_Wreath_NH_Icon.png
furniture,4361d5ba13927d07,https://dodo.ac/np/images/f/fd/Veggie_Plate_Meal_NH_Icon.png
furniture,4367767929493153,https://dodo.ac/np/images/d/dc/Pile_of_Cash_%28Gray%29_NH_Icon.png
furniture,4370347819968f8e,https://dodo.ac/np/images/9/90/Plain_Cupcakes_NH_Icon.png
furniture,43896ac6c8aeec92,https://dodo.ac/np/images/d/de/Portable_Toilet_%28Mint%29_NH_Icon.png
furniture,43b8f36f0afc4e6c,https://dodo.ac/np/images/5/5f/Tulip_Surprise_Box_%28Red%29_NH_Icon.png
furniture,43d793fbd60ab343,https://dodo.ac/np/images/2/26/Standing_Electric_Sign_%28Silver_-_Coffee%29_NH_Icon.png
furniture,43d85f6574a76828,https://dodo.ac/np/images/a/a3/Mounted_Black_Bass_NH_Icon.png
furniture,43fa6384b45797b6,https://dodo.ac/np/images/4/45/Ironing_Set_%28White%29_NH_Icon.png
furniture,43ff8b197e95ab56,https://dodo.ac/np/images/e/ed/Shaded_Floor_Lamp_%28Yellow%29_NH_Icon.png
furniture,4400ddc265fb5726,https://dodo.ac/np/images/2/2d/Camping_Cot_%28Green%29_NH_Icon.png
furniture,4408e429c6420d95,https://dodo.ac/np/images/8/8a/Mixed-Fruits_Bagel_Sandwich_NH_Icon.png
furniture,4416094f12bd8ba2,https://dodo.ac/np/images/4/4b/My_Melody_Clock_NH_Icon.png
furniture,441f542efae9667f,https://dodo.ac/np/images/3/39/Tomato_Juice_NH_Icon.png
furniture,44869227d27c5fcf,https://dodo.ac/np/images/5/54/Tangled_Cords_%28Black_%26_White%29_NH_Icon.png
furniture,44a33b38d3ae7d4b,https://dodo.ac/np/images/a/ac/Cypress_Bathtub_%28Light_Wood%29_NH_Icon.png
furniture,44c1311d51159916,https://dodo.ac/np/images/9/95/Ukulele_%28Natural%29_NH_Icon.png
furniture,44e29a0509037cf4,https://dodo.ac/np/images/5/51/Apple_Tart_NH_Icon.png
furniture,4500e568ed7109e7,https://dodo.ac/np/images/e/e4/Saut%C3%A9ed_Olive_Flounder_NH_Icon.png
furniture,4514d55aae754ab6,https://dodo.ac/np/images/9/9e/Small_Mushroom_Platform_%28Yellow%29_NH_Icon.png
furniture,451777e62f365b39,https://dodo.ac/np/images/6/62/Crane_Game_%28Red%29_NH_Icon.png
furniture,451d5483c1a0eaeb,https://dodo.ac/np/images/7/77/Virgo_Harp_NH_Icon.png
furniture,452e44c1e6122b0e,https://dodo.ac/np/images/e/e8/Wall_Fan_%28Green%29_NH_Icon.png
furniture,452f0e2fdb45fd99,https://dodo.ac/np/images/1/12/Plate_Armor_%28New%29_NH_Icon.png
furniture,45442baf9194b537,https://dodo.ac/np/images/b/bb/Power_Stone_NH_Icon.png
furniture,454ab77c007f01e3,https://dodo.ac/np/images/0/0e/Shell_Partition_%28White%29_NH_Icon.png
furniture,455d587ecdb0bdbc,https://dodo.ac/np/images/2/23/Dreamy_Bed_%28Pink%29_NH_Icon.png
furniture,456793029d4cf887,https://dodo.ac/np/images/3/31/Nook_Inc._Toilet_Paper_NH_Icon.png
furniture,456dc3e19da5c898,https://dodo.ac/np/images/0/06/Mush_Partition_%28Ordinary_Mushroom%29_NH_Icon.png
furniture,45a6d6dde6425964,https://dodo.ac/np/images/b/b8/Festival-Lantern_Set_%28Gold_-_Fuku_%28Good_Fortune%29%29_NH_Icon.png
furniture,45e4ffd742c05518,https://dodo.ac/np/images/9/92/Betta_Model_NH_Icon.png
furniture,46203f4fcbfb84b4,https://dodo.ac/np/images/e/e0/Wall-Mounted_Bookshelf_%28Natural_-_Food%29_NH_Icon.png
furniture,4630f516cc3eaf23,https://dodo.ac/np/images/4/42/Goddess_Statue_%28No_Ornamentation%29_NH_Icon.png
furniture,4659f538b7790872,https://dodo.ac/np/images/a/a6/Kitchen_Counter_NH_Icon.png
furniture,46696aed42332bd6,https://dodo.ac/np/images/2/23/Shio_Ramen_NH_Icon.png
furniture,466baf973bc5c292,https://dodo.ac/np/images/a/aa/Vine_Hanging_Chair_%28Green%29_NH_Icon.png
furniture,46bedab0b571c9fa,https://dodo.ac/np/images/8/8f/Lighted_Display_Stand_%28Gray%29_NH_Icon.png
furniture,46faa626caf39738,https://dodo.ac/np/images/2/22/Moody_Painting_NH_Icon.png
furniture,47463d2ef4236abd,https://dodo.ac/np/images/c/c9/Den_Desk_%28Dark_Wood%29_NH_Icon.png
furniture,4756994e5c336440,https://dodo.ac/np/images/9/90/Mushroom_Potage_NH_Icon.png
furniture,4767f4e369898667,https://dodo.ac/np/images/a/a8/Lawn_Chair_%28Blue%29_NH_Icon.png
furniture,4772d04467899c4d,https://dodo.ac/np/images/a/a6/Hotel_Towel_Rack_NH_Icon.png
furniture,479ee5aa988e6242,https://dodo.ac/np/images/e/eb/Small_Vase_%28Botanical%29_NH_Icon.png
furniture,47df6e13b7d2ab03,https://dodo.ac/np/images/8/8e/Holiday_Candle_%28Red%29_NH_Icon.png
furniture,47f0a073ca7d3f6f,https://dodo.ac/np/images/f/f6/Blossom-Viewing_Lantern_%28Dark_Wood%29_NH_Icon.png
furniture,4800e598693503b4,https://dodo.ac/np/images/3/3b/Squid-Ink_Curry_NH_Icon.png
furniture,48084ebda0f5eddc,https://dodo.ac/np/images/5/58/First-Anniversary_Cake_NH_Icon.png
furniture,480a9ce89ee0ee3e,https://dodo.ac/np/images/7/7d/Arcade_Combat_Game_NH_Icon.png
furniture,481da034aa9829e2,https://dodo.ac/np/images/3/38/Aries_Rocking_Chair_NH_Icon.png
furniture,485e5e86294733ae,https://dodo.ac/np/images/d/d0/South_Pole_NH_Icon.png
furniture,486092533e6204d4,https://dodo.ac/np/images/9/9b/Low_Screen_%28Light_Brown_-_Plain%29_NH_Icon.png
furniture,48630b3e54391f34,https://dodo.ac/np/images/c/c0/Study_Desk_%28Natural%29_NH_Icon.png
furniture,488d1df7b47a152f,https://dodo.ac/np/images/0/06/Horned_Dynastid_Model_NH_Icon.png
furniture,48cedd0f14ee3d0d,https://dodo.ac/np/images/f/f2/Wedding_Arch_%28Cute%29_NH_Icon.png
furniture,48ed7350801d2590,https://dodo.ac/np/images/c/c7/Ranchu_Goldfish_Model_NH_Icon.png
furniture,48fd0308466223de,https://dodo.ac/np/images/a/a5/Shell_Stool_%28White%29_NH_Icon.png
furniture,4909c540f5b769fe,https://dodo.ac/np/images/6/63/Tin_Robot_%28Silver%29_NH_Icon.png
furniture,4916f2fe943cbd54,https://dodo.ac/np/images/6/6b/Cute_Vanity_%28White%29_NH_Icon.png
furniture,4960de452cfe24aa,https://dodo.ac/np/images/c/c6/Cookies_NH_Icon.png
furniture,498ecaec8e11775c,https://dodo.ac/np/images/4/4a/Orange_Pound_Cake_NH_Icon.png
furniture,4998231c3bcac313,https://dodo.ac/np/images/1/12/Decayed_Tree_%28Brown%29_NH_Icon.png
furniture,49bc851b78b38223,https://dodo.ac/np/images/6/68/Orange_Tart_NH_Icon.png
furniture,49be1c82fe970f94,https://dodo.ac/np/images/c/c8/Grand_B._Dragonfly_Model_NH_Icon.png
furniture,49be8505b3fec2e2,https://dodo.ac/np/images/a/ab/Basic_Painting_NH_Icon.png
furniture,4a1fb41230281273,https://dodo.ac/np/images/7/74/Autograph_Cards_%28Signature_-_Musician%27s_Signature%29_NH_Icon.png
furniture,4a41919bf803e4c0,https://dodo.ac/np/images/2/24/Toilet_%28White%29_NH_Icon.png
furniture,4a4591f380cab334,https://dodo.ac/np/images/b/b2/Frozen_Partition_%28Ice%29_NH_Icon.png
furniture,4a51bd84dc513949,https://dodo.ac/np/images/5/52/Garbage_Can_NH_Icon.png
furniture,4a8fd5d7e2116589,https://dodo.ac/np/images/4/44/Snow_Globe_NH_Icon.png
furniture,4aa717b2fa011813,https://dodo.ac/np/images/3/30/Frozen_Bed_%28Ice_-_Brown%29_NH_Icon.png
furniture,4ab45da57958abb3,https://dodo.ac/np/images/3/34/Common_Painting_NH_Icon.png
furniture,4ae92468671117b1,https://dodo.ac/np/images/9/9f/Horned_Atlas_Model_NH_Icon.png
furniture,4b2cf0e69e628413,https://dodo.ac/np/images/5/57/Afternoon-Tea_Set_%28Silver%29_NH_Icon.png
furniture,4b6773d62a543b07,https://dodo.ac/np/images/4/45/Freshwater_Goby_Model_NH_Icon.png
furniture,4bb816538306301b,https://dodo.ac/np/images/b/bc/Log_Wall-Mounted_Clock_%28Dark_Wood%29_NH_Icon.png
furniture,4bc9968538e5c318,https://dodo.ac/np/images/c/c2/Ironwood_Cart_%28Birch%29_NH_Icon.png
furniture,4be39e7c627245f7,https://dodo.ac/np/images/5/57/Pants_Press_%28Brown%29_NH_Icon.png
furniture,4bfddab52a5677af,https://dodo.ac/np/images/d/d8/Golden_Decorative_Plate_NH_Icon.png
furniture,4c34813ff55b10a4,https://dodo.ac/np/images/4/4b/Nintendo_Switch_2_NH_Icon.png
furniture,4c58c2d00a1924a8,https://dodo.ac/np/images/c/c3/Flat_Garden_Rock_NH_Icon.png
furniture,4c61b52574cfadd0,https://dodo.ac/np/images/f/f2/Bamboo_Wall_Decoration_%28Green_Bamboo%29_NH_Icon.png
furniture,4c65304ff255f034,https://dodo.ac/np/images/5/52/Savory_Bread_NH_Icon.png
furniture,4c83bed14c7d2719,https://dodo.ac/np/images/b/bf/Blue_Marlin_Model_NH_Icon.png
furniture,4cd49d1da323aff9,https://dodo.ac/np/images/e/eb/Harp_%28Brown%29_NH_Icon.png
furniture,4cde9ac6d6f64bfc,https://dodo.ac/np/images/9/9c/Plaza_Ferris_Wheel_%28Vivid%29_NH_Icon.png
furniture,4cfdda41a3443a36,https://dodo.ac/np/images/7/77/Stonework_Kitchen_%28Gray%29_NH_Icon.png
furniture,4d08ff21c6c6b934,https://dodo.ac/np/images/5/59/Pocket_Vintage_Camper_%28Polka-Dot_Party%29_NH_Icon.png
furniture,4d9206b2b860fa93,https://dodo.ac/np/images/f/f5/Shell_Lamp_%28White%29_NH_Icon.png
furniture,4dada6c4ec5e18ce,https://dodo.ac/np/images/c/c3/Essay_Set_%28Blank%29_NH_Icon.png
furniture,4dc2169d528f8c9a,https://dodo.ac/np/images/7/7c/Mini_Golden_Dharma_NH_Icon.png
furniture,4dd2622fda426742,https://dodo.ac/np/images/2/29/Sleigh_%28Natural%29_NH_Icon.png
furniture,4ddc778c93ec722d,https://dodo.ac/np/images/d/d8/Gold_Bars_NH_Icon.png
furniture,4e94747c215d1c7f,https://dodo.ac/np/images/9/93/Candy_Machine_%28Red%29_NH_Icon.png
furniture,4eb599aebb7dd887,https://dodo.ac/np/images/1/19/Cutting_Board_%28No_Finish_-_Red%29_NH_Icon.png
furniture,4ec0d42299227906,https://dodo.ac/np/images/1/11/Mrs._Flamingo_%28Natural%29_NH_Icon.png
furniture,4eeeb226df9e82d5,https://dodo.ac/np/images/b/b9/Crescent-Moon_Chair_%28Yellow%29_NH_Icon.png
furniture,4f08e283cdd34185,https://dodo.ac/np/images/8/8c/Hanging_Sign_%28SPECIAL%29_NH_Icon.png
furniture,4f0defe9943e9d11,https://dodo.ac/np/images/8/8f/Volleyball_Net_%28Red%29_NH_Icon.png
furniture,4f21f75fedb5cc62,https://dodo.ac/np/images/0/09/Anchoas_al_Ajillo_NH_Icon.png
furniture,4f24a878cf0b4903,https://dodo.ac/np/images/9/9c/Hotel_Mug_NH_Icon.png
furniture,4f691ffa2499422e,https://dodo.ac/np/images/7/7b/Pisces_Lamp_NH_Icon.png
furniture,4f6ec0a862a029d4,https://dodo.ac/np/images/9/91/Box_Corner_Sofa_%28Turquoise%29_NH_Icon.png
furniture,4f76fe6e092396a4,https://dodo.ac/np/images/6/60/High_Chair_%28Natural_Wood_-_None%29_NH_Icon.png
furniture,4f7dab25a892201f,https://dodo.ac/np/images/3/37/Bird-of-Paradise_%28White%29_NH_Icon.png
furniture,4f93babedbb2f49b,https://dodo.ac/np/images/1/11/Seafood_Salad_NH_Icon.png
furniture,4f9b151684c85a98,https://dodo.ac/np/images/7/78/Chafing_Dish_%28None%29_NH_Icon.png
furniture,4fadf632809f8057,https://dodo.ac/np/images/8/89/Astronaut_Suit_NH_Icon.png
furniture,4faf1b210bf55304,https://dodo.ac/np/images/f/fc/Tarantula_Model_NH_Icon.png
furniture,4faf91efb6565ea9,https://dodo.ac/np/images/d/d2/Copy_Machine_%28White_-_Resource_Document%29_NH_Icon.png
furniture,4faf9a8469c88ea4,https://dodo.ac/np/images/d/db/Utility_Sink_NH_Icon.png
furniture,505a21f92e676010,https://dodo.ac/np/images/c/c2/Calm_Painting_NH_Icon.png
furniture,508bd6ad74c2066a,https://dodo.ac/np/images/8/8e/Weight_Bench_NH_Icon.png
furniture,5099fd6aef593355,https://dodo.ac/np/images/4/49/Director%27s_Chair_%28Light_Brown_-_Natural_White%29_NH_Icon.png
furniture,509b39b6505e6923,https://dodo.ac/np/images/2/2d/Pilaf_NH_Icon.png
furniture,50cd0727c4c643f7,https://dodo.ac/np/images/e/e4/Cute_Wall-Mounted_Clock_%28White%29_NH_Icon.png
furniture,512aea54e2282fe8,https://dodo.ac/np/images/9/94/Dreamy_Bear_Toy_%28Purple%29_NH_Icon.png
furniture,515d2e96c6fe5494,https://dodo.ac/np/images/6/64/Crab_Tank_%28Yellow%29_NH_Icon.png
furniture,518c1743e36120e6,https://dodo.ac/np/images/9/94/Plastic_Bench_%28Blue_-_None%29_NH_Icon.png
furniture,5191fb12446b6d1d,https://dodo.ac/np/images/b/b7/Shell_Wreath_NH_Icon.png
furniture,51f1e4c853e5bf6c,https://dodo.ac/np/images/6/6a/Oil_Barrel_%28Light_Green%29_NH_Icon.png
furniture,5208af648ddbfb8a,https://dodo.ac/np/images/a/aa/Manhole_Cover_%28Silver%29_NH_Icon.png
furniture,520b580f8ce05077,https://dodo.ac/np/images/a/aa/Pull-Up-Bar_Stand_%28Black%29_NH_Icon.png
furniture,5240a086854dab8f,https://dodo.ac/np/images/2/29/Dango_NH_Icon.png
furniture,528bcd2f00332aea,https://dodo.ac/np/images/c/ce/Birthday_Cake_%28Whipped-Cream_Topping%29_NH_Icon.png
furniture,528c186c79ed73c7,https://dodo.ac/np/images/5/56/Apple_Jelly_NH_Icon.png
furniture,52a327879f12a828,https://dodo.ac/np/images/6/69/Traditional_Tea_Set_%28Plain%29_NH_Icon.png
furniture,52a751d7a666e131,https://dodo.ac/np/images/d/dd/Flea_Model_NH_Icon.png
furniture,52b7114a6ff23098,https://dodo.ac/np/images/e/ea/Glowing-Moss_Stool_%28Green%29_NH_Icon.png
furniture,531708837c2334bd,https://dodo.ac/np/images/a/ac/School_Chair_%28Natural_%26_Silver%29_NH_Icon.png
furniture,5357ad43f5357c5e,https://dodo.ac/np/images/6/67/Cardboard_Box_%28Plain%29_NH_Icon.png
furniture,535cbac790672ca4,https://dodo.ac/np/images/c/c0/Pancakes_NH_Icon.png
furniture,53616d9eff4ce374,https://dodo.ac/np/images/5/50/Bunny_Day_Tree_NH_Icon.png
furniture,53ce6afd423e1cd3,https://dodo.ac/np/images/6/6c/Festivale_Balloon_Lamp_%28Green%29_NH_Icon.png
furniture,53d440e76a6a1da6,https://dodo.ac/np/images/7/79/Iron_Closet_%28Black%29_NH_Icon.png
furniture,547eba27fb6d9ee3,https://dodo.ac/np/images/d/d2/Diner_Sofa_%28Red%29_NH_Icon.png
furniture,54873ff6a83e77cb,https://dodo.ac/np/images/1/16/Unfolded_Reference_Sheet_%28Plans%29_NH_Icon.png
furniture,54ae1168b7e71740,https://dodo.ac/np/images/1/1e/ACNH_Nintendo_Switch_NH_Icon.png
furniture,54afcb953ace2ecb,https://dodo.ac/np/images/0/03/Antique_Bureau_%28Brown%29_NH_Icon.png
furniture,54f59d119810d0a2,https://dodo.ac/np/images/9/97/Cards_%28Blue%29_NH_Icon.png
furniture,550c8a3a4982ed94,https://dodo.ac/np/images/1/19/Iced_Lemon_Tea_NH_Icon.png
furniture,5524e0d40a7b5eb8,https://dodo.ac/np/images/4/4c/Pot_Rack_%28Wooden%29_NH_Icon.png
furniture,553a50be0d0e5982,https://dodo.ac/np/images/7/7f/Fresh_Cooler_NH_Icon.png
furniture,554a5b36790dabe0,https://dodo.ac/np/images/5/5a/Mushroom_Curry_NH_Icon.png
furniture,5575415de6d93ce7,https://dodo.ac/np/images/0/0b/Fancy_Rose_Wreath_NH_Icon.png
furniture,559dd426fc9daea1,https://dodo.ac/np/images/d/da/ABD_%28Silver%29_NH_Icon.png
furniture,55c9b17fbb005795,https://dodo.ac/np/images/9/9c/Fresh-Food_Trays_%28Salmon_-_None%29_NH_Icon.png
furniture,55d83decec175240,https://dodo.ac/np/images/a/a1/Bunny_Day_Wall_Clock_NH_Icon.png
furniture,5603827c0626f3fc,https://dodo.ac/np/images/e/e4/Detailed_Painting_%28Fake%29_NH_Icon.png
furniture,5619a282c54348fc,https://dodo.ac/np/images/0/0e/Ornament_Mobile_%28Colorful%29_NH_Icon.png
furniture,561f8efa19a1e8dc,https://dodo.ac/np/images/5/58/Golden_Gear_Apparatus_NH_Icon.png
furniture,5623f7603eeea164,https://dodo.ac/np/images/f/fe/Splatfest_Sign_Left_Panel_%28Bugs%29_NH_Icon.png
furniture,562820e4f8c8f83b,https://dodo.ac/np/images/7/72/Dark_Rose_Wreath_NH_Icon.png
furniture,563b42b9e60718e5,https://dodo.ac/np/images/0/08/Patchwork_Sofa_Chair_%28Colorful%29_NH_Icon.png
furniture,5645992a4ce94610,https://dodo.ac/np/images/0/0c/Standing_Shop_Sign_%28Silver_-_Pasta%29_NH_Icon.png
furniture,5682a5a9d3f15dc1,https://dodo.ac/np/images/1/10/Tea_Table_%28Natural_Wood%29_NH_Icon.png
furniture,56b17c9fd874b864,https://dodo.ac/np/images/3/31/Flying_Saucer_NH_Icon.png
furniture,56cdf41b007ef122,https://dodo.ac/np/images/a/af/Crosswalk_Signal_%28Black_-_People%29_NH_Icon.png
furniture,5721a6e90cd141b7,https://dodo.ac/np/images/4/42/Poke_NH_Icon.png
furniture,573981fdf6c0412f,https://dodo.ac/np/images/4/4d/Ski_Rack_%28Blue%29_NH_Icon.png
furniture,576ddad2ae6015f5,https://dodo.ac/np/images/7/76/Throwback_Container_%28Green%29_NH_Icon.png
furniture,5798972b644d4742,https://dodo.ac/np/images/c/cf/Ultra_Machine_NH_Icon.png
furniture,579bbe592939f85c,https://dodo.ac/np/images/4/40/Bronze_HHA_Plaque_NH_Icon.png
furniture,57d8979842374089,https://dodo.ac/np/images/f/fc/Mitten_Crab_Model_NH_Icon.png
furniture,57e50c7157e26890,https://dodo.ac/np/images/4/46/Ironing_Board_%28Stripes%29_NH_Icon.png
furniture,57fbc88da60cd2fb,https://dodo.ac/np/images/1/14/Kotatsu_%28Well-Frame_Pattern_%28Igeta%29%29_NH_Icon.png
furniture,57fdba678290332e,https://dodo.ac/np/images/a/af/Broom_and_Dustpan_%28Natural%29_NH_Icon.png
furniture,5804c1699abf173e,https://dodo.ac/np/images/d/df/Ironwood_Chair_%28Birch%29_NH_Icon.png
furniture,580bc89a3c2736c6,https://dodo.ac/np/images/2/29/Tubular_Shelves_%28Silver_-_Blue%29_NH_Icon.png
furniture,5816ed56f1823394,https://dodo.ac/np/images/f/ff/Scary_Painting_%28Fake%29_NH_Icon.png
furniture,582e42dadb10a342,https://dodo.ac/np/images/e/e7/Loom_%28Checkered%29_NH_Icon.png
furniture,5853bc8169200743,https://dodo.ac/np/images/b/b2/Log_Dining_Table_%28Dark_Wood_-_None%29_NH_Icon.png
furniture,585998824ab1119b,https://dodo.ac/np/images/d/dd/Lucky_Gold_Cat_NH_Icon.png
furniture,58787e960684c46e,https://dodo.ac/np/images/a/aa/Mermaid_Screen_NH_Icon.png
furniture,58892e50e6720f0d,https://dodo.ac/np/images/8/8c/Festival_Zongzi_NH_Icon.png
furniture,5890967e4059f341,https://dodo.ac/np/images/5/5a/Framed_Sea-Creature_Poster_NH_Icon.png
furniture,58c316e39b12aabb,https://dodo.ac/np/images/c/cc/Spooky_Cookies_NH_Icon.png
furniture,58e1f3c5f67a6dd4,https://dodo.ac/np/images/a/a5/Amazing_Painting_NH_Icon.png
furniture,590ea564bfb69e23,https://dodo.ac/np/images/9/9f/Toy_Centipede_NH_Icon.png
furniture,5915f234a3d46ca1,https://dodo.ac/np/images/8/84/Tree_Branch_Wreath_NH_Icon.png
furniture,5916b7eda225ac9a,https://dodo.ac/np/images/0/00/Modern_Hospital_Bed_%28Blue%29_NH_Icon.png
furniture,593c792c9ee87c66,https://dodo.ac/np/images/2/27/Streetlamp_%28Green%29_NH_Icon.png
furniture,5947f51c765dd169,https://dodo.ac/np/images/3/31/Mug_Shelves_%28Natural%29_NH_Icon.png
furniture,596e5aef66b43ab8,https://dodo.ac/np/images/a/a8/Hanging_Guide_Sign_%28White_-_Default%29_NH_Icon.png
furniture,59782db64303a3b7,https://dodo.ac/np/images/b/bf/Clothesline_Pole_%28Silver_-_Plain%29_NH_Icon.png
furniture,5988f9d0ada72305,https://dodo.ac/np/images/9/94/Decayed_Guardian_NH_Icon.png
furniture,5990f1b595081b11,https://dodo.ac/np/images/e/e8/Mystic_Statue_NH_Icon.png
furniture,59e4b5b0cac12e5e,https://dodo.ac/np/images/e/ee/Pool_%28White%29_NH_Icon.png
furniture,5a3e8dd071ff07f9,https://dodo.ac/np/images/b/b5/Donation_Box_%28Light_Brown_-_None%29_NH_Icon.png
furniture,5a68b8dbb4f83be6,https://dodo.ac/np/images/b/b1/Scooter_%28Ivory_-_None%29_NH_Icon.png
furniture,5b0cb4541ae751dd,https://dodo.ac/np/images/e/ec/Stained-Glass_Light_%28Colorful%29_NH_Icon.png
furniture,5b6bd77a1d2e73d1,https://dodo.ac/np/images/0/0f/Foosball_Table_%28Brown%29_NH_Icon.png
furniture,5bcb87fba349e981,https://dodo.ac/np/images/6/61/Bottled_Beverage_%28Clear_-_Blue%29_NH_Icon.png
furniture,5bd05fe724322080,https://dodo.ac/np/images/7/7f/Beach_Chair_%28White%29_NH_Icon.png
furniture,5bd736b79626e1e2,https://dodo.ac/np/images/9/99/Rice_Grasshopper_Model_NH_Icon.png
furniture,5c0b80c13dc7038c,https://dodo.ac/np/images/1/19/Antique_Radio_%28Brown%29_NH_Icon.png
furniture,5c264bb727a640c7,https://dodo.ac/np/images/4/40/Puffer_Fish_Model_NH_Icon.png
furniture,5cdba8db6099f5bd,https://dodo.ac/np/images/b/bf/Mic_Stand_NH_Icon.png
furniture,5cdd02e10e708aef,https://dodo.ac/np/images/c/c0/Framed_Art_Poster_NH_Icon.png
furniture,5ceb287121dd0d7e,https://dodo.ac/np/images/5/59/Mom%27s_Plushie_%28Bedford%29_NH_Icon.png
furniture,5cf9ba2df99f876a,https://dodo.ac/np/images/7/7b/Mole_Cricket_Model_NH_Icon.png
furniture,5cfbcb116f7a2c2c,https://dodo.ac/np/images/6/6d/Tire_Stack_%28Black%29_NH_Icon.png
furniture,5d053764bf388a58,https://dodo.ac/np/images/c/c4/Evening_Cicada_Model_NH_Icon.png
furniture,5d5a450ac96cb81c,https://dodo.ac/np/images/c/cc/Water_Bird_%28Red%29_NH_Icon.png
furniture,5d659d7e461fda6f,https://dodo.ac/np/images/d/d6/Log_Round_Table_%28Dark_Wood_-_None%29_NH_Icon.png
furniture,5dc7167b2fe07c3f,https://dodo.ac/np/images/0/01/Apple_Pie_NH_Icon.png
furniture,5ddd70e61199837d,https://dodo.ac/np/images/8/8f/Elaborate_Display_Case_%28Black%29_NH_Icon.png
furniture,5e211dc702b59a5d,https://dodo.ac/np/images/c/c3/Merchandise_Table_%28White_-_None%29_NH_Icon.png
furniture,5e271e781a1fba13,https://dodo.ac/np/images/6/6d/Mama_Panda_NH_Icon.png
furniture,5e3003a5bc6b96a2,https://dodo.ac/np/images/2/28/Mom%27s_Candle_Set_%28Cubes%29_NH_Icon.png
furniture,5e3ef212cad0bcc0,https://dodo.ac/np/images/5/5d/School_Locker_%28Silver%29_NH_Icon.png
furniture,5e8fa51c5c4541ce,https://dodo.ac/np/images/3/35/Diner_Chair_%28Red%29_NH_Icon.png
furniture,5eb6f407f360b457,https://dodo.ac/np/images/9/98/Disco_Ball_%28Silver%29_NH_Icon.png
furniture,5edcf2a8b51c7cd4,https://dodo.ac/np/images/4/45/Karaoke_System_NH_Icon.png
furniture,5f245e3a11036bcc,https://dodo.ac/np/images/e/ef/Golden_Gear_Tower_NH_Icon.png
furniture,5f4e3cf104c1d09f,https://dodo.ac/np/images/4/4e/Elaborate_Kimono_Stand_%28Cranes%29_NH_Icon.png
furniture,5f70b175f08d45f6,https://dodo.ac/np/images/1/17/Red_Corner_%28Green%29_NH_Icon.png
furniture,5f9137133e033f69,https://dodo.ac/np/images/5/57/Dessert_Case_%28White%29_NH_Icon.png
furniture,5fad37bb9c040b93,https://dodo.ac/np/images/1/18/Super_Mushroom_NH_Icon.png
furniture,5fb23ae3bb47f571,https://dodo.ac/np/images/b/bc/Pile_of_Leaves_NH_Icon.png
furniture,5fd1870da7872d19,https://dodo.ac/np/images/9/9c/Wall-Mounted_Candle_%28Gold%29_NH_Icon.png
furniture,600085405df0ea13,https://dodo.ac/np/images/0/0a/Arched_Reception_Counter_%28White%29_NH_Icon.png
furniture,601cd269c29e8541,https://dodo.ac/np/images/1/15/High-End_Stereo_NH_Icon.png
furniture,601dfe043050f29b,https://dodo.ac/np/images/8/8a/Snapping_Turtle_Model_NH_Icon.png
furniture,603c1ae063f103ea,https://dodo.ac/np/images/7/77/Castle_Gate_%28Gray%29_NH_Icon.png
furniture,60582653966e2867,https://dodo.ac/np/images/b/be/Illuminated_Reindeer_%28Yellow%29_NH_Icon.png
furniture,605bfd01324a68d7,https://dodo.ac/np/images/2/2e/Katana_%28Black%29_NH_Icon.png
furniture,6074a7717a1f5f03,https://dodo.ac/np/images/4/4c/Box_Sofa_%28Turquoise%29_NH_Icon.png
furniture,60789aec04f95f51,https://dodo.ac/np/images/1/1b/Cinnamoroll_Signage_NH_Icon.png
furniture,6083673838c701f4,https://dodo.ac/np/images/2/2a/Pompompurin_TV_NH_Icon.png
furniture,608e41c0cc52be1b,https://dodo.ac/np/images/a/a9/Barbell_%28Black%29_NH_Icon.png
furniture,60b9931c763c650f,https://dodo.ac/np/images/5/5b/Mountain_Standee_%28Spring%29_NH_Icon.png
furniture,610242e47999d7ce,https://dodo.ac/np/images/7/78/Soft-Serve_Lamp_%28Vanilla%29_NH_Icon.png
furniture,6162e6268dc7027b,https://dodo.ac/np/images/5/55/Giant_Snakehead_Model_NH_Icon.png
furniture,616a516428a8eb12,https://dodo.ac/np/images/3/31/Wild_Painting_Right_Half_%28Fake%29_NH_Icon.png
furniture,618426fbba18ab8c,https://dodo.ac/np/images/b/b6/Spooky_Scarecrow_%28Orange%29_NH_Icon.png
furniture,6192a3aca28b4c49,https://dodo.ac/np/images/9/97/Inflatable_Sofa_%28Blue%29_NH_Icon.png
furniture,61b139508b347d87,https://dodo.ac/np/images/9/96/Hotel_Snow_Globe_NH_Icon.png
furniture,61ba7d83a313645e,https://dodo.ac/np/images/7/74/Fancy_Bathroom_Vanity_%28Modern%29_NH_Icon.png
furniture,61d38e1f35bcc85e,https://dodo.ac/np/images/b/be/Pumpkin_Cupcakes_NH_Icon.png
furniture,61e373e8af24ce22,https://dodo.ac/np/images/6/6b/Smoker_%28Black%29_NH_Icon.png
furniture,61ef67d31c3095e1,https://dodo.ac/np/images/4/4f/Monarch_Butterfly_Model_NH_Icon.png
furniture,620c651099052754,https://dodo.ac/np/images/2/23/Splatoon_Locker_%28Silver_-_Pop%29_NH_Icon.png
furniture,62153efd786f58c0,https://dodo.ac/np/images/3/35/Lawn_Mower_%28Red%29_NH_Icon.png
furniture,6223aa9590a2448e,https://dodo.ac/np/images/f/f0/Pumpkin_Scones_NH_Icon.png
furniture,623b76b2015b732b,https://dodo.ac/np/images/8/8f/Fish_Print_%28Giant_Trevally%29_NH_Icon.png
furniture,627299095757fe82,https://dodo.ac/np/images/a/a4/Storage_Shed_%28Light_Blue_-_None%29_NH_Icon.png
furniture,629fffd05a7e0679,https://dodo.ac/np/images/b/bd/Fortune-Telling_Set_%28Purple%29_NH_Icon.png
furniture,62e6a6cdc7f22d51,https://dodo.ac/np/images/a/ab/Vintage_Sofa_%28Brown%29_NH_Icon.png
furniture,634cef8b99a8b0bb,https://dodo.ac/np/images/c/c8/Poster_Stand_%28Black_-_Pottery_Exhibition%29_NH_Icon.png
furniture,63730e0a199b6da0,https://dodo.ac/np/images/e/e5/Retro_Gas_Pump_%28Red_-_Yellow_Oil%29_NH_Icon.png
furniture,639ac164d39a8726,https://dodo.ac/np/images/2/20/Ranch_Wardrobe_%28Natural%29_NH_Icon.png
furniture,63d78ae3539234f4,https://dodo.ac/np/images/3/3e/Electronics_Kit_%28Green%29_NH_Icon.png
furniture,640a286249d7e687,https://dodo.ac/np/images/8/8b/Garden_Faucet_%28Red_Brick%29_NH_Icon.png
furniture,6421c656ac471bef,https://dodo.ac/np/images/0/0b/Kiki_%26_Lala_Sofa_NH_Icon.png
furniture,645b32d46d5cdd29,https://dodo.ac/np/images/9/9d/Plastic_Pool_%28Blue%29_NH_Icon.png
furniture,648fad19d39754dd,https://dodo.ac/np/images/6/62/Tremendous_Statue_NH_Icon.png
furniture,64d475628d2ee8af,https://dodo.ac/np/images/1/14/Kerokerokeroppi_Hallway_NH_Icon.png
furniture,64e91739a7a48561,https://dodo.ac/np/images/6/61/Dark_Tulip_Wreath_NH_Icon.png
furniture,6537bbe5857678fa,https://dodo.ac/np/images/e/e3/Stone_Table_NH_Icon.png
furniture,6544566c4fd04d92,https://dodo.ac/np/images/3/35/Nibble_Fish_Model_NH_Icon.png
furniture,6570f384798347a3,https://dodo.ac/np/images/9/94/Kitchen_Island_%28White%29_NH_Icon.png
furniture,65cb87a113acdfc1,https://dodo.ac/np/images/f/f9/Recycled-Paper_Bundle_%28Japanese_Newspapers%29_NH_Icon.png
furniture,660e3f576467dbbe,https://dodo.ac/np/images/8/8d/Formal_Paper_%28Brown%29_NH_Icon.png
furniture,66415afc1cb28b9b,https://dodo.ac/np/images/d/d4/Outdoor_Bath_%28Gray%29_NH_Icon.png
furniture,665064501efaaccf,https://dodo.ac/np/images/9/9f/Tabletop_Festive_Tree_%28Colorful%29_NH_Icon.png
furniture,668c9d52d5da7805,https://dodo.ac/np/images/8/8c/Stinkbug_Model_NH_Icon.png
furniture,66a87de6f83572c9,https://dodo.ac/np/images/8/80/Imperial_Dining_Table_%28Red%29_NH_Icon.png
furniture,66f5e6dff6e00fb8,https://dodo.ac/np/images/f/f2/Pirate-Ship_Helm_NH_Icon.png
furniture,670b973351a9ceb8,https://dodo.ac/np/images/6/60/Open-Frame_Kitchen_NH_Icon.png
furniture,67306358aac8e402,https://dodo.ac/np/images/0/03/Pennant_%28Sports%29_NH_Icon.png
furniture,675c3898e11ecd83,https://dodo.ac/np/images/f/ff/Karei_no_Nitsuke_NH_Icon.png
furniture,6781461eb3a0893c,https://dodo.ac/np/images/1/1b/Vintage_Low_Table_%28Natural%29_NH_Icon.png
furniture,67d577189e87c17f,https://dodo.ac/np/images/e/ed/Kettle_Bathtub_NH_Icon.png
furniture,67df97401106a2e6,https://dodo.ac/np/images/6/6e/Flowery_Painting_NH_Icon.png
furniture,68091a396222cda1,https://dodo.ac/np/images/2/29/Dreamy_Shelves_%28Pink%29_NH_Icon.png
furniture,6821bc88f38554cb,https://dodo.ac/np/images/3/33/Nook_Inc._Doorplate_NH_Icon.png
furniture,68901bd82ac5aa81,https://dodo.ac/np/images/9/9c/Great_Purple_Emperor_Model_NH_Icon.png
furniture,68958c3f4a8a9f68,https://dodo.ac/np/images/8/88/Short_File_Cabinet_%28Silver%29_NH_Icon.png
furniture,68ddba7435d02b32,https://dodo.ac/np/images/e/ee/Vintage_Stool_%28Natural%29_NH_Icon.png
furniture,68ff47b5aabbeae5,https://dodo.ac/np/images/9/9a/Carrot_Potage_NH_Icon.png
furniture,690473ae52882a58,https://dodo.ac/np/images/e/e4/Shaded_Pendant_Lamp_%28White%29_NH_Icon.png
furniture,69090fba69ef89ea,https://dodo.ac/np/images/f/f0/Tuna_Model_NH_Icon.png
furniture,695bff88d7a75e7f,https://dodo.ac/np/images/0/04/Cherry_Jam_NH_Icon.png
furniture,697c1d5ed6d36cea,https://dodo.ac/np/images/1/1b/Juicy-Apple_TV_%28Red_Apple%29_NH_Icon.png
furniture,6992e5418cd7d8cf,https://dodo.ac/np/images/f/fd/Peach_Jelly_NH_Icon.png
furniture,69971865d76c26f8,https://dodo.ac/np/images/e/ed/Veggie_Sandwich_Set_NH_Icon.png
furniture,69a049fcd29d5e5b,https://dodo.ac/np/images/5/56/Revolving_Spice_Rack_%28Brown%29_NH_Icon.png
furniture,69bc8304448706b6,https://dodo.ac/np/images/b/b1/Hermit_Crab_Model_NH_Icon.png
furniture,69be430229f264e4,https://dodo.ac/np/images/2/23/Inflatable_Plaza_Toy_%28Vivid%29_NH_Icon.png
furniture,6a088d9882271c4c,https://dodo.ac/np/images/0/0a/Lecture-Hall_Desk_%28Light_Brown%29_NH_Icon.png
furniture,6a19b9e5949cc6a7,https://dodo.ac/np/images/7/74/Rope_Partition_%28Gold_%26_Red%29_NH_Icon.png
furniture,6a48674e137e4d07,https://dodo.ac/np/images/1/12/Potato_Galette_NH_Icon.png
furniture,6a538a65e0dbd5bf,https://dodo.ac/np/images/6/65/Sleeping_Bag_%28Green%29_NH_Icon.png
furniture,6a92974dd6591625,https://dodo.ac/np/images/a/a9/Spinning_Wheel_NH_Icon.png
furniture,6a9fd8e4144af508,https://dodo.ac/np/images/e/ef/Game_Boy_%28Original%29_NH_Icon.png
furniture,6b0cb6ed363a87db,https://dodo.ac/np/images/9/92/Bamboo_Floor_Lamp_%28Green_Bamboo%29_NH_Icon.png
furniture,6b48b1493a04c477,https://dodo.ac/np/images/b/b0/Wall_Planter_%28Light_Brown%29_NH_Icon.png
furniture,6b782c7978fe5bd2,https://dodo.ac/np/images/a/aa/R._Brooke%27s_Birdwing_Model_NH_Icon.png
furniture,6bce1be1da169f15,https://dodo.ac/np/images/a/a2/Hose_Reel_%28Silver%29_NH_Icon.png
furniture,6bdedd4ff3cc0712,https://dodo.ac/np/images/a/a0/Ruined_Broken_Pillar_%28Ivory%29_NH_Icon.png
furniture,6bdf6a206029de7e,https://dodo.ac/np/images/1/18/Carpaccio_di_Salmone_NH_Icon.png
furniture,6bf3e9409ed386a5,https://dodo.ac/np/images/7/71/Hospital_Bed_%28White%29_NH_Icon.png
furniture,6c116e593106c2ac,https://dodo.ac/np/images/d/d2/Splatfest_Sign_Center_Panel_%28Fish%29_NH_Icon.png
furniture,6c609ed937d12084,https://dodo.ac/np/images/0/0b/Castle_Tower_%28Gray_-_None%29_NH_Icon.png
furniture,6c90c0b2baa841da,https://dodo.ac/np/images/1/1b/Marigold_Decoration_NH_Icon.png
furniture,6cb115b3cd1860cb,https://dodo.ac/np/images/3/30/Flower_Bed_%28Brown%29_NH_Icon.png
furniture,6ccacb774afb2547,https://dodo.ac/np/images/c/c2/Thwomp_NH_Icon.png
furniture,6cd8a4bba7c4edad,https://dodo.ac/np/images/9/9e/Clothesline_%28White%29_NH_Icon.png
furniture,6ce97cfb72ad4de9,https://dodo.ac/np/images/7/7f/Throwback_Wall_Clock_%28Yellow%29_NH_Icon.png
furniture,6d01a6885b21395d,https://dodo.ac/np/images/2/24/Paper_Tiger_NH_Icon.png
furniture,6d4b7d928642fdbe,https://dodo.ac/np/images/a/ae/Golden_Stag_Model_NH_Icon.png
furniture,6d6c8f24d4f8a367,https://dodo.ac/np/images/d/dc/Pound_Cake_NH_Icon.png
furniture,6dc41010bd2a54de,https://dodo.ac/np/images/7/7f/Gear_Tower_%28Silver%29_NH_Icon.png
furniture,6dd418d5f020395c,https://dodo.ac/np/images/d/d1/Olive-Flounder_Meuni%C3%A8re_NH_Icon.png
furniture,6de1ba0d63dd2206,https://dodo.ac/np/images/a/aa/Rocking_Chair_%28Light_Wood%29_NH_Icon.png
furniture,6e3b692cc5b75dba,https://dodo.ac/np/images/1/1f/Busing_Station_%28Silver%29_NH_Icon.png
furniture,6e4b34f2e52fca77,https://dodo.ac/np/images/0/07/Old_Sewing_Machine_%28Black%29_NH_Icon.png
furniture,6e52bfc1f8a7642c,https://dodo.ac/np/images/2/21/Stepladder_%28Silver%29_NH_Icon.png
furniture,6e5fe0ae93e08dc3,https://dodo.ac/np/images/f/fa/Moroccan_Footrest_%28Red%29_NH_Icon.png
furniture,6e7996fc53777eb8,https://dodo.ac/np/images/3/31/Hearth_NH_Icon.png
furniture,6e79d336cd1fdad5,https://dodo.ac/np/images/6/62/Cool_Dining_Table_%28Silver_-_Black%29_NH_Icon.png
furniture,6e8049037d7abc78,https://dodo.ac/np/images/4/40/Natural_Square_Table_%28Natural%29_NH_Icon.png
furniture,6e96359bcb26f844,https://dodo.ac/np/images/f/fc/Titan_Arum_NH_Icon.png
furniture,6edd0c4042a31301,https://dodo.ac/np/images/d/d0/Pile_of_Cardboard_Boxes_%28Plain%29_NH_Icon.png
furniture,6ef3a4266ad2f6e3,https://dodo.ac/np/images/d/d6/Water_Cooler_%28White%29_NH_Icon.png
furniture,6efa3d41e30f29a7,https://dodo.ac/np/images/5/5b/Rice_Cooker_%28White%29_NH_Icon.png
furniture,6f1990d84a3d3781,https://dodo.ac/np/images/b/bc/Diner_Dining_Table_%28Red%29_NH_Icon.png
furniture,6f4cc0869e051406,https://dodo.ac/np/images/e/ee/Coconut_Wall_Planter_NH_Icon.png
furniture,6f6b3ad474776cc3,https://dodo.ac/np/images/3/36/Stonehenge_NH_Icon.png
furniture,6f72010c968f792e,https://dodo.ac/np/images/1/1a/Spider_Doorplate_%28Black%29_NH_Icon.png
furniture,6f778726065ef4a4,https://dodo.ac/np/images/e/e8/Midsized_Clothing_Rack_%28Light_Wood_-_Casual_Clothes%29_NH_Icon.png
furniture,6fb56af1a6160fa3,https://dodo.ac/np/images/2/27/Pendulum_Clock_NH_Icon.png
furniture,6fb9bfe00f307140,https://dodo.ac/np/images/6/64/Wild_Log_Bench_%28Dark_Wood%29_NH_Icon.png
furniture,6fbd019c42eb0780,https://dodo.ac/np/images/1/1a/Soft-Shelled_Turtle_Model_NH_Icon.png
furniture,6fc84e76b1963c54,https://dodo.ac/np/images/e/e8/Scattered_Papers_%28Essays%29_NH_Icon.png
furniture,6fee364b9fb6f79a,https://dodo.ac/np/images/e/e4/Glass_Jar_%28Salt_-_None%29_NH_Icon.png
furniture,6ff97da2da2b1fee,https://dodo.ac/np/images/8/83/Wedding_Pipe_Organ_%28White%29_NH_Icon.png
furniture,70057fdeb8092ec3,https://dodo.ac/np/images/9/99/Stacked_Senmaizuke_Barrels_NH_Icon.png
furniture,704969b50bd4d1c6,https://dodo.ac/np/images/d/dd/Open_Wooden_Shelves_%28Natural_-_Forest_Photo%29_NH_Icon.png
furniture,70504ea190cce571,https://dodo.ac/np/images/1/19/Simple_Streetlamp_%28Silver%29_NH_Icon.png
furniture,7058999ca9cc6760,https://dodo.ac/np/images/8/8a/Log_Decorative_Shelves_%28Dark_Wood_-_None%29_NH_Icon.png
furniture,70745322b8ec85bd,https://dodo.ac/np/images/8/88/Sphinx_NH_Icon.png
furniture,708c371fa32128ed,https://dodo.ac/np/images/2/29/Film_Projector_NH_Icon.png
furniture,710693efdcf86380,https://dodo.ac/np/images/c/c5/Forbidden_Altar_%28Gray%29_NH_Icon.png
furniture,7118a84bd053cdac,https://dodo.ac/np/images/f/fc/Beekeeper%27s_Hive_%28Natural%29_NH_Icon.png
furniture,7124cee398db7803,https://dodo.ac/np/images/7/74/Earth-Boring_Dung_B._Model_NH_Icon.png
furniture,71334f329cbb58a7,https://dodo.ac/np/images/e/e4/Touchscreen_Cash_Register_%28White%29_NH_Icon.png
furniture,7147855229b8ca34,https://dodo.ac/np/images/f/f0/Examination-Room_Desk_%28Green_Mat_-_Person%29_NH_Icon.png
furniture,7168991539760c30,https://dodo.ac/np/images/6/60/Apple_Jam_NH_Icon.png
furniture,718fe0da59d8e47d,https://dodo.ac/np/images/f/f1/Antique_Phone_%28Brown%29_NH_Icon.png
furniture,71a5a172044f9a83,https://dodo.ac/np/images/4/4b/Antique_Map_%28Treasure_Map%29_NH_Icon.png
furniture,71ceafdde43dd93b,https://dodo.ac/np/images/b/ba/Glass_Showcase_%28White%29_NH_Icon.png
furniture,720964f8e86e248b,https://dodo.ac/np/images/5/5c/Warrior_Statue_NH_Icon.png
furniture,722a1823ef003038,https://dodo.ac/np/images/c/c1/Book_Stands_%28White%29_NH_Icon.png
furniture,7230dc1e2ecc8d50,https://dodo.ac/np/images/1/13/Cardboard_Sofa_%28Plain%29_NH_Icon.png
furniture,72430f929afe9e16,https://dodo.ac/np/images/2/26/Serene_Painting_%28Fake%29_NH_Icon.png
furniture,7243ac29f8d30b9d,https://dodo.ac/np/images/d/d4/Ball_%28Basketball%29_NH_Icon.png
furniture,7251c4b21dce3bb9,https://dodo.ac/np/images/3/35/Podium_NH_Icon.png
furniture,72b804990b6c13d4,https://dodo.ac/np/images/d/d7/Flower_Planter_%28Brown%29_NH_Icon.png
furniture,72ce99791e649f70,https://dodo.ac/np/images/e/e2/Iced_Caff%C3%A8_Latte_NH_Icon.png
furniture,72f7c5d76237631f,https://dodo.ac/np/images/0/05/HHA_Pennant_NH_Icon.png
furniture,731f00c920580a21,https://dodo.ac/np/images/3/3a/Stacked_Shoeboxes_%28Standard%29_NH_Icon.png
furniture,7332c61473f58243,https://dodo.ac/np/images/7/71/Moth_Model_NH_Icon.png
furniture,7334f331146c236f,https://dodo.ac/np/images/8/8c/Cool_Sofa_%28Silver_-_Black%29_NH_Icon.png
furniture,7365e192425246f8,https://dodo.ac/np/images/c/c3/Bug_Poster_NH_Icon.png
furniture,7368349ffb1dfdad,https://dodo.ac/np/images/f/f9/Futuristic_Meal_%28White%29_NH_Icon.png
furniture,7392b2c21035b6e9,https://dodo.ac/np/images/9/97/Coconut_Oil_NH_Icon.png
furniture,73c63188b4317474,https://dodo.ac/np/images/e/ee/Trumpet_%28Gold%29_NH_Icon.png
furniture,73d64c488d3d7f81,https://dodo.ac/np/images/7/76/Gold_Rose_Wreath_NH_Icon.png
furniture,73e1e1e6bc13212b,https://dodo.ac/np/images/8/8f/Kettlebell_%28Black%29_NH_Icon.png
furniture,73f4783b16bd13c4,https://dodo.ac/np/images/1/1d/Birthday_Candles_%28Colorful%29_NH_Icon.png
furniture,742cdfe3d2ccaf3d,https://dodo.ac/np/images/7/7a/Spooky_Arch_%28Orange%29_NH_Icon.png
furniture,7461265ac7d7e6fb,https://dodo.ac/np/images/1/1f/Cute_DIY_Table_%28White%29_NH_Icon.png
furniture,74612ddeca27cc3f,https://dodo.ac/np/images/9/9c/Apple_Smoothie_NH_Icon.png
furniture,746d4a7bd9fc8e2b,https://dodo.ac/np/images/8/8c/Walking_Leaf_Model_NH_Icon.png
furniture,748b19d197325668,https://dodo.ac/np/images/e/e8/Super_NES_%28PAL_Version%29_NH_Icon.png
furniture,74a0e9c7c6e0caf4,https://dodo.ac/np/images/3/3c/Stacked_Fish_Containers_%28Light_Blue_-_None%29_NH_Icon.png
furniture,74a4f63e0d0509d1,https://dodo.ac/np/images/7/76/Gong_%28Brown%29_NH_Icon.png
furniture,74c445ea6e66b310,https://dodo.ac/np/images/8/8e/Rattan_Vanity_%28Brown%29_NH_Icon.png
furniture,74e4c33af67c04f6,https://dodo.ac/np/images/d/d1/Common_Bluebottle_Model_NH_Icon.png
furniture,74f2b32f8dd20526,https://dodo.ac/np/images/e/e6/Whiteboard_%28Blank%29_NH_Icon.png
furniture,7507a3bddd8203f8,https://dodo.ac/np/images/e/e3/Sugar_Crepe_NH_Icon.png
furniture,75226c68cc6ab3e5,https://dodo.ac/np/images/1/16/Famous_Painting_%28Fake%29_NH_Icon.png
furniture,753bb4171d1c4970,https://dodo.ac/np/images/7/77/Ornament_Tree_%28Red%29_NH_Icon.png
furniture,756c1a21ef94e6af,https://dodo.ac/np/images/4/44/Dinnerware_NH_Icon.png
furniture,756fc5891d6f738e,https://dodo.ac/np/images/b/bd/Grasshopper_Model_NH_Icon.png
furniture,7575765333055444,https://dodo.ac/np/images/b/b7/Raccoon_Wall_Clock_NH_Icon.png
furniture,75c903b9eb37f55c,https://dodo.ac/np/images/5/5c/Folding_Chair_%28Blue%29_NH_Icon.png
furniture,760bbf1283435a30,https://dodo.ac/np/images/e/eb/Marble_Fireplace_%28White%29_NH_Icon.png
furniture,7615f3bd21f7282e,https://dodo.ac/np/images/9/97/Plasma_Ball_NH_Icon.png
furniture,762df91917d95b70,https://dodo.ac/np/images/e/e4/Dala_Horse_%28Red%29_NH_Icon.png
furniture,763c361eb3420ca8,https://dodo.ac/np/images/4/44/Classic_Pitcher_%28Unglazed%29_NH_Icon.png
furniture,76466a29cc324839,https://dodo.ac/np/images/9/92/Saw_Shark_Model_NH_Icon.png
furniture,7658831b8a903c7b,https://dodo.ac/np/images/4/41/Mom%27s_Pen_Stand_%28Striped_House%29_NH_Icon.png
furniture,7661cdccf69344ee,https://dodo.ac/np/images/7/7c/Lily-Pad_Table_%28Green%29_NH_Icon.png
furniture,766374a7126740d5,https://dodo.ac/np/images/a/a6/Golden_Meter_and_Pipes_NH_Icon.png
furniture,7664db01ab2cdab7,https://dodo.ac/np/images/b/b9/Stone_Lion-Dog_%28Natural%29_NH_Icon.png
furniture,76743ed1328389fa,https://dodo.ac/np/images/5/51/Hanging_Lightbulb_%28Black%29_NH_Icon.png
furniture,76902022189e59ba,https://dodo.ac/np/images/4/4a/Kerokerokeroppi_Snack_NH_Icon.png
furniture,76a0ded02cc9d812,https://dodo.ac/np/images/1/1d/Horned_Elephant_Model_NH_Icon.png
furniture,76a938c9e819e9f5,https://dodo.ac/np/images/d/dd/Cat_Plushie_%28Orange_Tabby%29_NH_Icon.png
furniture,76d76a1c803ed753,https://dodo.ac/np/images/e/e2/Grand_Q._A._Birdwing_Model_NH_Icon.png
furniture,76ebe0413784ba4e,https://dodo.ac/np/images/9/90/Spaghetti_Peperoncino_NH_Icon.png
furniture,76faee9a86652a5f,https://dodo.ac/np/images/e/ee/Soccer_Goal_NH_Icon.png
furniture,76fe61cf1e28133d,https://dodo.ac/np/images/c/ce/Metal_Pot_%28Black%29_NH_Icon.png
furniture,770515dcdf6f6877,https://dodo.ac/np/images/a/a3/Fan_%28White%29_NH_Icon.png
furniture,774f8f20f88409d0,https://dodo.ac/np/images/e/ea/Windmill_%28White%29_NH_Icon.png
furniture,7756fa78e898374e,https://dodo.ac/np/images/4/48/Rolling_Suitcase_%28Red_-_None%29_NH_Icon.png
furniture,775e6e73960361b7,https://dodo.ac/np/images/3/34/Creepy_Skeleton_%28Plain%29_NH_Icon.png
furniture,779b5828fa9cbd20,https://dodo.ac/np/images/a/ac/Shower_Booth_%28White%29_NH_Icon.png
furniture,77c1d191b24c7fba,https://dodo.ac/np/images/2/2f/Square_Bathtub_%28Blue_Tile%29_NH_Icon.png
furniture,77fd00a8171ac954,https://dodo.ac/np/images/6/68/Char_Model_NH_Icon.png
furniture,780673eb9f21d012,https://dodo.ac/np/images/5/5c/Puppy_Plushie_%28Beige%29_NH_Icon.png
furniture,7861eb5322d835d9,https://dodo.ac/np/images/4/40/Table_with_Cloth_%28White%29_NH_Icon.png
furniture,78667334006f365f,https://dodo.ac/np/images/7/73/Cyclommatus_Stag_Model_NH_Icon.png
furniture,788e667d24639035,https://dodo.ac/np/images/6/61/Capricorn_Ornament_NH_Icon.png
furniture,7891f97a246bc616,https://dodo.ac/np/images/3/31/Cypress_Plant_%28Brown%29_NH_Icon.png
furniture,78bc16e488da185e,https://dodo.ac/np/images/7/75/Wall-Mounted_Tool_Board_%28White%29_NH_Icon.png
furniture,78ca9eb030a98c3f,https://dodo.ac/np/images/1/15/Medium_Wooden_Partition_%28Light_Wood%29_NH_Icon.png
furniture,790ac1ed6f824ff7,https://dodo.ac/np/images/3/3c/Lunar_Rover_NH_Icon.png
furniture,792fcf8048e7c566,https://dodo.ac/np/images/5/5c/Fruit_Cupcakes_NH_Icon.png
furniture,79378b0be93762fc,https://dodo.ac/np/images/9/9f/Bingo_Wheel_NH_Icon.png
furniture,798dcb67bc2d5d61,https://dodo.ac/np/images/d/d7/Vintage_Dresser_%28Natural%29_NH_Icon.png
furniture,79a87aa7eba31bca,https://dodo.ac/np/images/2/20/Milkshake_NH_Icon.png
furniture,79ea0e21f896feb7,https://dodo.ac/np/images/4/4d/Artful_Lamp_%28Light_Wood%29_NH_Icon.png
furniture,7a22929f66db2e8a,https://dodo.ac/np/images/b/b8/Cherry_Jelly_NH_Icon.png
furniture,7a24d633444a6d1c,https://dodo.ac/np/images/0/03/Rattan_Bed_%28Brown%29_NH_Icon.png
furniture,7a2de6354081412d,https://dodo.ac/np/images/1/1c/Angled_Signpost_%28Home%29_NH_Icon.png
furniture,7a7003b628b2dc20,https://dodo.ac/np/images/a/ad/Round_Topiary_%28Light_Green%29_NH_Icon.png
furniture,7a8520504aab956f,https://dodo.ac/np/images/3/38/Drapery_%28Berry_Red%29_NH_Icon.png
furniture,7a9a827d8c606572,https://dodo.ac/np/images/1/1b/Pitcher_Plant_NH_Icon.png
furniture,7ab3de7579f7471c,https://dodo.ac/np/images/4/45/Mum_Wreath_NH_Icon.png
furniture,7af0b76b0f7fc2a1,https://dodo.ac/np/images/c/cd/Gnocchi_di_Carote_NH_Icon.png
furniture,7af7374aab4b4664,https://dodo.ac/np/images/0/0d/Robot_Arm_%28Silver%29_NH_Icon.png
furniture,7b054888d51c03e6,https://dodo.ac/np/images/b/b1/TV_Camera_%28Black%29_NH_Icon.png
furniture,7b20711c9f6e3e90,https://dodo.ac/np/images/d/d8/Bamboo_Doll_NH_Icon.png
furniture,7b342e854b2fdba5,https://dodo.ac/np/images/3/3c/Bathroom_Towel_Rack_%28Silver%29_NH_Icon.png
furniture,7b3b92996c5c62b3,https://dodo.ac/np/images/c/c0/Pizza_Margherita_NH_Icon.png
furniture,7babc6f4326082fe,https://dodo.ac/np/images/3/32/Simple_Well_NH_Icon.png
furniture,7bd271632662f69e,https://dodo.ac/np/images/9/94/Bitterling_Model_NH_Icon.png
furniture,7bdeb86a72522253,https://dodo.ac/np/images/5/5b/Triforce_NH_Icon.png
furniture,7be2847b94935876,https://dodo.ac/np/images/0/0e/Double-Edged_Sword_%28Brown_-_None%29_NH_Icon.png
furniture,7c3669e456125bfa,https://dodo.ac/np/images/1/1d/Golden_Casket_NH_Icon.png
furniture,7c573b244e0ce009,https://dodo.ac/np/images/d/df/Coin_NH_Icon.png
furniture,7c678d304e92065c,https://dodo.ac/np/images/d/d7/Chinese-Style_Meal_NH_Icon.png
furniture,7c81526b8235b269,https://dodo.ac/np/images/c/cf/Gold_HHA_Trophy_NH_Icon.png
furniture,7c9861c9cf624515,https://dodo.ac/np/images/c/c8/Schefflera_%28Black%29_NH_Icon.png
furniture,7c9da93960a1cecd,https://dodo.ac/np/images/6/65/Tea_Set_%28Green_-_Yellow%29_NH_Icon.png
furniture,7ca25e6c14262396,https://dodo.ac/np/images/6/66/Plain_Scones_NH_Icon.png
furniture,7cc930ca1e591fa2,https://dodo.ac/np/images/3/39/Phonograph_NH_Icon.png
furniture,7cd33be69f295809,https://dodo.ac/np/images/7/79/Futon_%28Red%29_NH_Icon.png
furniture,7cea4737f6db04ee,https://dodo.ac/np/images/8/8f/Rosalia_Batesi_Beetle_Model_NH_Icon.png
furniture,7d19b06368c5c0e6,https://dodo.ac/np/images/4/45/Silver_Bug_Trophy_NH_Icon.png
furniture,7d313079097e25ca,https://dodo.ac/np/images/9/99/Ceiling_Spotlight_%28Black%29_NH_Icon.png
furniture,7d3cc71493672d06,https://dodo.ac/np/images/a/a5/Jackhammer_%28Yellow%29_NH_Icon.png
furniture,7d76b1970778b3a8,https://dodo.ac/np/images/d/d9/Rock_Guitar_%28Sunburst_-_None%29_NH_Icon.png
furniture,7dd3f9700e2e4767,https://dodo.ac/np/images/0/03/Ocean_Sunfish_Model_NH_Icon.png
furniture,7de6919a12eda1ea,https://dodo.ac/np/images/c/cf/Boomerang_%28Natural%29_NH_Icon.png
furniture,7e0aaa452b204d91,https://dodo.ac/np/images/5/54/Imperial_Pot_%28None%29_NH_Icon.png
furniture,7e186ac2d886dcf9,https://dodo.ac/np/images/3/3d/Mug_%28White_-_Plain%29_NH_Icon.png
furniture,7e1bfc040995ba2c,https://dodo.ac/np/images/0/01/Horse_Mackerel_Model_NH_Icon.png
furniture,7e1cfb90feac98e4,https://dodo.ac/np/images/c/c3/Life_Ring_%28Red%29_NH_Icon.png
furniture,7e1d155aa5405eb3,https://dodo.ac/np/images/6/66/Ceiling_Fan_%28White%29_NH_Icon.png
furniture,7e2c623a224a9f88,https://dodo.ac/np/images/1/1c/Counter_Chair_%28Natural_Wood%29_NH_Icon.png
furniture,7e3f92cd9a0c1760,https://dodo.ac/np/images/1/12/Mochi_Pestle_NH_Icon.png
furniture,7e4e4cc4dcaebd28,https://dodo.ac/np/images/c/ce/Server_NH_Icon.png
furniture,7e9ead9da298f5e4,https://dodo.ac/np/images/d/d2/Cute_Tea_Table_%28White%29_NH_Icon.png
furniture,7eb1c8e3983db077,https://dodo.ac/np/images/e/e1/Brown-Sugar_Cupcakes_NH_Icon.png
furniture,7ebcd52fa3363170,https://dodo.ac/np/images/7/73/Tomato_Curry_NH_Icon.png
furniture,7eca2b55c43e1a27,https://dodo.ac/np/images/8/8c/Solemn_Painting_%28Fake%29_NH_Icon.png
furniture,7ed103a28457279f,https://dodo.ac/np/images/a/a2/Capsule-Toy_Machine_%28Blue%29_NH_Icon.png
furniture,7edef93fa0a130e7,https://dodo.ac/np/images/1/18/Turkey_Day_Decorations_%28Fall_Harvest%29_NH_Icon.png
furniture,7ee0bb90ff955ccd,https://dodo.ac/np/images/2/2f/Vertical_Banner_%28Black_-_Sushi%29_NH_Icon.png
furniture,7ef54d0fafcad5ec,https://dodo.ac/np/images/9/9d/Salade_de_Carottes_R%C3%A2p%C3%A9es_NH_Icon.png
furniture,7f01c2d26b2eea61,https://dodo.ac/np/images/7/70/Snazzy_Pansy_Wreath_NH_Icon.png
furniture,7fb2b22b2456ee3e,https://dodo.ac/np/images/7/71/Shopping_Bag_%28Light_Brown%29_NH_Icon.png
furniture,7fce50a861ede837,https://dodo.ac/np/images/b/b4/Cube_Light_%28White%29_NH_Icon.png
furniture,7fef4bb31ec0690f,https://dodo.ac/np/images/7/77/Twinkling_Painting_NH_Icon.png
furniture,802bbee21a1e320a,https://dodo.ac/np/images/4/41/Microscope_%28White%29_NH_Icon.png
furniture,8035bcb72a8a1562,https://dodo.ac/np/images/3/3f/Golden_Candlestick_NH_Icon.png
furniture,8057065c493abcb2,https://dodo.ac/np/images/4/48/Log_Garden_Lounge_%28Dark_Wood_-_None%29_NH_Icon.png
furniture,8080a089a65a6d71,https://dodo.ac/np/images/7/78/Glowing-Moss_Boulder_%28Green%29_NH_Icon.png
furniture,8084fa03a3519060,https://dodo.ac/np/images/4/40/Sagittarius_Arrow_NH_Icon.png
furniture,808bca0069a37c62,https://dodo.ac/np/images/8/8e/Ironwood_Dresser_%28Birch%29_NH_Icon.png
furniture,810e51b184105fa1,https://dodo.ac/np/images/4/4b/Festivale_Flag_%28Green%29_NH_Icon.png
furniture,81137734a45935e3,https://dodo.ac/np/images/5/56/Robust_Cicada_Model_NH_Icon.png
furniture,815a13b1c2a50b02,https://dodo.ac/np/images/9/9b/Hotel_Pennant_NH_Icon.png
furniture,819f112658c2dc7c,https://dodo.ac/np/images/4/45/Tubular_Chair_%28Silver%29_NH_Icon.png
furniture,81cd8cf29b4ec94a,https://dodo.ac/np/images/6/6f/Hello_Kitty_Chair_NH_Icon.png
furniture,81debc8c7902a538,https://dodo.ac/np/images/f/f0/Gemini_Closet_NH_Icon.png
furniture,81e5b3bb533c3ba0,https://dodo.ac/np/images/e/ea/Tall_Garden_Rock_NH_Icon.png
furniture,81ffc429405e2579,https://dodo.ac/np/images/a/ad/Strategic_Meeting_Table_%28Blue_-_Topography_Data%29_NH_Icon.png
furniture,821a4762bc7ef72e,https://dodo.ac/np/images/9/9b/Pompompurin_Table_NH_Icon.png
furniture,821e6cb70447cc1d,https://dodo.ac/np/images/9/90/Mom%27s_Cushion_%28Red_with_Hearts%29_NH_Icon.png
furniture,82219b3aae142c34,https://dodo.ac/np/images/b/b3/Model_Kit_%28Red%29_NH_Icon.png
furniture,8223e63d8157235e,https://dodo.ac/np/images/7/7a/Antique_Bed_%28Brown%29_NH_Icon.png
furniture,8248f12d5996489c,https://dodo.ac/np/images/0/0d/Anatomical_Model_NH_Icon.png
furniture,82495e5cbba22f3c,https://dodo.ac/np/images/2/2c/Covered_Counter_%28Dark_Wood%29_NH_Icon.png
furniture,826d7d6f99726570,https://dodo.ac/np/images/7/78/Ranch_Chair_%28Natural%29_NH_Icon.png
furniture,8281aa56007def47,https://dodo.ac/np/images/7/7d/Die_%28White%29_NH_Icon.png
furniture,82a097fa4aff5104,https://dodo.ac/np/images/a/a4/Silver_HHA_Plaque_NH_Icon.png
furniture,82afe1caf0868db0,https://dodo.ac/np/images/2/29/Spaghetti_Napolitan_NH_Icon.png
furniture,82ebb83b30b8ef96,https://dodo.ac/np/images/1/10/Judge%27s_Bell_NH_Icon.png
furniture,82f9075f430f3787,https://dodo.ac/np/images/1/12/Walking_Stick_Model_NH_Icon.png
furniture,83062a1349200be9,https://dodo.ac/np/images/6/65/Surveillance_Camera_NH_Icon.png
furniture,83062ee6d7b1830b,https://dodo.ac/np/images/4/42/Jukebox_NH_Icon.png
furniture,8314b0b305d3e740,https://dodo.ac/np/images/3/37/Japanese-Style_Meal_NH_Icon.png
furniture,83161c6cd11284fa,https://dodo.ac/np/images/1/1f/Deluxe_Washer_%28White%29_NH_Icon.png
furniture,831a5363759130de,https://dodo.ac/np/images/1/16/Lecture-Hall_Bench_%28Light_Brown%29_NH_Icon.png
furniture,8340600ffe432997,https://dodo.ac/np/images/9/91/Pull-Apart_Bread_NH_Icon.png
furniture,8340a59b149a908a,https://dodo.ac/np/images/e/e7/Old-Fashioned_Alarm_Clock_%28Light_Blue%29_NH_Icon.png
furniture,834e37ad0122dfb7,https://dodo.ac/np/images/2/2b/Tension-Pole_Rack_%28Natural%29_NH_Icon.png
furniture,835bf9334625a3ca,https://dodo.ac/np/images/c/c0/Modern_Cash_Register_%28White%29_NH_Icon.png
furniture,835d1bf7a6112fd9,https://dodo.ac/np/images/e/e2/Bronze_Bug_Trophy_NH_Icon.png
furniture,836339ab37b0f870,https://dodo.ac/np/images/0/07/Surgeonfish_Model_NH_Icon.png
furniture,83827a164f5b0398,https://dodo.ac/np/images/4/4a/Frozen_Pillar_%28Ice%29_NH_Icon.png
furniture,83c3a78835ac0b25,https://dodo.ac/np/images/f/fc/Bamboo-Shoot_Lamp_NH_Icon.png
furniture,83c4edfd29789387,https://dodo.ac/np/images/4/4c/Floral_Sconce_%28White%29_NH_Icon.png
furniture,83e9bdc667fca025,https://dodo.ac/np/images/6/67/Maypole_NH_Icon.png
furniture,840328da7de2654c,https://dodo.ac/np/images/5/5d/Motherly_Statue_NH_Icon.png
furniture,842011168699f489,https://dodo.ac/np/images/9/94/Wind_Turbine_%28Blue%29_NH_Icon.png
furniture,8460770a047b3abc,https://dodo.ac/np/images/f/fd/Gold_Fish_Trophy_NH_Icon.png
furniture,8490ed8bfbdc1857,https://dodo.ac/np/images/1/1e/Floral_Swag_%28Yellow%29_NH_Icon.png
furniture,84b690ec1dc10cf3,https://dodo.ac/np/images/a/ac/Mushroom_Salad_NH_Icon.png
furniture,855f6e596996caed,https://dodo.ac/np/images/6/66/Cool_Bed_%28Silver_-_Black%29_NH_Icon.png
furniture,8568dd6c2e9e4faf,https://dodo.ac/np/images/f/f1/Light-Bulb_Sign_%28Red%29_NH_Icon.png
furniture,8580df7894e90def,https://dodo.ac/np/images/5/5e/Theremin_%28Dark_Wood%29_NH_Icon.png
furniture,85c197b71874074b,https://dodo.ac/np/images/a/aa/Skull_Doorplate_%28Brown%29_NH_Icon.png
furniture,85c1a2a3f3de9de9,https://dodo.ac/np/images/9/9e/Throwback_Dino_Screen_NH_Icon.png
furniture,85cbdf928e302987,https://dodo.ac/np/images/0/04/Plaza_Bench_%28Vivid%29_NH_Icon.png
furniture,85dbda86cb5f39ae,https://dodo.ac/np/images/7/72/Cucumber_Horse_NH_Icon.png
furniture,85fa50e94bf761d9,https://dodo.ac/np/images/0/0a/Veggie_Crepe_NH_Icon.png
furniture,8608e7869ad52073,https://dodo.ac/np/images/9/93/Gold-Nugget_Mining_Car_NH_Icon.png
furniture,8611d45873c428b4,https://dodo.ac/np/images/1/13/Small_Caf%C3%A9_Table_%28Natural%29_NH_Icon.png
furniture,86285ca4044ae829,https://dodo.ac/np/images/8/88/Anchor_Statue_%28Black%29_NH_Icon.png
furniture,862d0b70bc4e6a68,https://dodo.ac/np/images/9/95/Bunny_Day_Vanity_NH_Icon.png
furniture,8630f95fa07b6d90,https://dodo.ac/np/images/4/41/Wedding_Bench_%28Cute%29_NH_Icon.png
furniture,863485fc0b912b2a,https://dodo.ac/np/images/8/80/Kiki_%26_Lala_Bed_NH_Icon.png
furniture,8635adabe2c6f6a0,https://dodo.ac/np/images/c/c7/Unfinished_Puzzle_%28Sunset%29_NH_Icon.png
furniture,864899c746ff8156,https://dodo.ac/np/images/d/db/Throwback_Gothic_Mirror_%28Black%29_NH_Icon.png
furniture,865a2a24a01cb50a,https://dodo.ac/np/images/b/bf/My_Melody_Table_NH_Icon.png
furniture,8667a7d70d4cab4b,https://dodo.ac/np/images/4/46/Paw-Print_Doorplate_%28Light_Wood%29_NH_Icon.png
furniture,86811ee40f22d4ff,https://dodo.ac/np/images/8/86/Sea_Horse_Model_NH_Icon.png
furniture,869657185708e7aa,https://dodo.ac/np/images/0/0e/Tree%27s_Bounty_Big_Tree_%28Brown%29_NH_Icon.png
furniture,869fd863d145abca,https://dodo.ac/np/images/c/c6/LEGO%C2%AE_Fireplace_%28Colorful_-_LEGO%C2%AE%29_NH_Icon.png
furniture,86a1fe518e77d9c2,https://dodo.ac/np/images/a/ac/Signpost_%28Home%29_NH_Icon.png
furniture,86c4947777325329,https://dodo.ac/np/images/a/a3/Pansy_Table_%28Yellow%29_NH_Icon.png
furniture,86e439d4c6078eda,https://dodo.ac/np/images/e/e9/Wall-Mounted_Phone_%28White%29_NH_Icon.png
furniture,86ea20a7dfc81a40,https://dodo.ac/np/images/f/f2/Cardboard_Table_%28Plain%29_NH_Icon.png
furniture,8710f30c7c53edf4,https://dodo.ac/np/images/3/3f/Flower_Tabletop_Mirror_%28Red%29_NH_Icon.png
furniture,8714cbedfffa4904,https://dodo.ac/np/images/4/4e/Boxy_Stool_%28White%29_NH_Icon.png
furniture,871b69eee3751dac,https://dodo.ac/np/images/8/81/Windflower_Wreath_NH_Icon.png
furniture,87324b5bc07762b0,https://dodo.ac/np/images/4/43/Drum_Set_%28Golden_Yellow_-_Smooth_White%29_NH_Icon.png
furniture,877521c40b90639b,https://dodo.ac/np/images/9/93/Public_Bench_%28Blue%29_NH_Icon.png
furniture,8792a7a6a5261df7,https://dodo.ac/np/images/4/45/Tapestry_%28Geometric_Pattern%29_NH_Icon.png
furniture,87a1c03887e601a3,https://dodo.ac/np/images/8/88/Pop-Up_Book_%28The_Ocean_Blue%29_NH_Icon.png
furniture,87aab77aaff389b6,https://dodo.ac/np/images/8/88/DJ%27s_Turntable_%28Black_-_None%29_NH_Icon.png
furniture,87f05b19399dab25,https://dodo.ac/np/images/3/3d/Gift_Pile_%28Red_%26_Green%29_NH_Icon.png
furniture,88069e1278cd9822,https://dodo.ac/np/images/7/75/Extinguisher_NH_Icon.png
furniture,887c400497b59cc1,https://dodo.ac/np/images/b/bd/Tubular_Table_%28Silver%29_NH_Icon.png
furniture,888cb64609001152,https://dodo.ac/np/images/8/8e/Aji_Fry_NH_Icon.png
furniture,88a148bc0db8b7f3,https://dodo.ac/np/images/c/c2/Siphon_NH_Icon.png
furniture,88bb69c3d9d29fdc,https://dodo.ac/np/images/7/71/Model_Kits_%28Robots%29_NH_Icon.png
furniture,88cf8e59888ef6bd,https://dodo.ac/np/images/8/82/Turkey_Day_Table_%28Fall_Harvest%29_NH_Icon.png
furniture,88d0e169f4746aaa,https://dodo.ac/np/images/c/c9/Dreamy_Wall_Rack_%28Pink%29_NH_Icon.png
furniture,88f146f98b8c89c1,https://dodo.ac/np/images/8/8c/Iron_Hanger_Stand_%28Black_-_Navy%29_NH_Icon.png
furniture,89133995c89b53d7,https://dodo.ac/np/images/c/c4/Popcorn_Snack_Set_%28Salted_%26_Cola_-_Red_Stripes%29_NH_Icon.png
furniture,892530e6b94b2cbc,https://dodo.ac/np/images/d/dd/Bunny_Day_Wreath_NH_Icon.png
furniture,893c4a8b0dcbe061,https://dodo.ac/np/images/3/30/Incense_Burner_%28Rose%29_NH_Icon.png
furniture,893de26a462375d9,https://dodo.ac/np/images/8/8a/Ironwood_Low_Table_%28Birch%29_NH_Icon.png
furniture,89915297ec3bd962,https://dodo.ac/np/images/7/7a/Ranch_Tea_Table_%28Natural_-_None%29_NH_Icon.png
furniture,89923eee7bd5b0a5,https://dodo.ac/np/images/0/03/Long_Bathtub_%28White%29_NH_Icon.png
furniture,89962579f3382bc8,https://dodo.ac/np/images/8/82/Cream_and_Sugar_%28Brown%29_NH_Icon.png
furniture,89d3da08693849e4,https://dodo.ac/np/images/6/69/Loach_Model_NH_Icon.png
furniture,89dda89609c8e1ba,https://dodo.ac/np/images/5/55/Hello_Kitty_Clock_NH_Icon.png
furniture,8a0022821221a0a6,https://dodo.ac/np/images/a/a1/Fragrance_Sticks_%28Green%29_NH_Icon.png
furniture,8a52575fa8516fc7,https://dodo.ac/np/images/a/a0/Golden_Wristwatch_NH_Icon.png
furniture,8a614725bd714341,https://dodo.ac/np/images/4/4d/Oil_Lamp_NH_Icon.png
furniture,8a731ee143d54ada,https://dodo.ac/np/images/1/14/Informative_Statue_NH_Icon.png
furniture,8a796da6d925709d,https://dodo.ac/np/images/7/74/Ringtoss_%28Natural%29_NH_Icon.png
furniture,8a902ed238028dcd,https://dodo.ac/np/images/e/ef/Tool_Shelf_%28White%29_NH_Icon.png
furniture,8a99976bba490e24,https://dodo.ac/np/images/6/6d/Glow-in-the-Dark_Stickers_%28Music_Notes%29_NH_Icon.png
furniture,8aa7076c801fa7c8,https://dodo.ac/np/images/9/97/Cancer_Table_NH_Icon.png
furniture,8ae2e38fe3ed5e92,https://dodo.ac/np/images/2/28/Nordic_Sofa_%28Light_Wood_-_Little_Flowers%29_NH_Icon.png
furniture,8b16dba81844de6b,https://dodo.ac/np/images/1/12/Butterfly-Fish_Model_NH_Icon.png
furniture,8b2d4a6b914b60f3,https://dodo.ac/np/images/f/f4/Tall_File_Cabinet_%28Silver%29_NH_Icon.png
furniture,8b45c92263202a38,https://dodo.ac/np/images/9/96/Gaming_Chair_%28Black_%26_Red%29_NH_Icon.png
furniture,8b791ff4c827c914,https://dodo.ac/np/images/c/c3/Sloppy_Bed_%28Light_Wood_-_Beige%29_NH_Icon.png
furniture,8b7e58d6934995a6,https://dodo.ac/np/images/2/2b/Snack_Machine_%28Black%29_NH_Icon.png
furniture,8bbca7c7372c6223,https://dodo.ac/np/images/7/72/Golden_Plate_Armor_NH_Icon.png
furniture,8bc24a3b1920cdac,https://dodo.ac/np/images/c/c4/Safety_Barrier_%28Yellow_-_Tiger_Stripes%29_NH_Icon.png
furniture,8bcbd84fcf53bbdb,https://dodo.ac/np/images/7/73/Football_NH_Icon.png
furniture,8bd6bd4ba03b4716,https://dodo.ac/np/images/e/ec/Arcade_Mahjong_Game_NH_Icon.png
furniture,8be1d7f86e5c15ca,https://dodo.ac/np/images/7/7f/Milk_Can_%28Silver_-_Plain%29_NH_Icon.png
furniture,8be6b8caa4213f9e,https://dodo.ac/np/images/a/a8/Small_Mannequin_%28White_-_Green%29_NH_Icon.png
furniture,8c289af65e405990,https://dodo.ac/np/images/c/c9/Robot_Hero_%28Red%29_NH_Icon.png
furniture,8c3a8da95a7445fb,https://dodo.ac/np/images/5/5d/Blue_Rose_Wreath_NH_Icon.png
furniture,8c577adf1d3ff1c8,https://dodo.ac/np/images/f/f7/Fancy_Water_Pitcher_%28Silver%29_NH_Icon.png
furniture,8c67f463b171c30d,https://dodo.ac/np/images/a/a4/Artful_Bed_%28Light_Wood_-_White%29_NH_Icon.png
furniture,8c6a5f9800dcd239,https://dodo.ac/np/images/4/44/Handwashing_Area_%28Beige%29_NH_Icon.png
furniture,8c8a6644bae5bcf0,https://dodo.ac/np/images/6/65/Tabletop_POP_Display_%28FREE%29_NH_Icon.png
furniture,8c8a7a5cfb8a3b80,https://dodo.ac/np/images/6/6f/Peach_Smoothie_NH_Icon.png
furniture,8cad0767510a0adf,https://dodo.ac/np/images/5/59/Hi-Fi_Stereo_NH_Icon.png
furniture,8cff7e4c42725b0d,https://dodo.ac/np/images/4/44/Master_Sword_NH_Icon.png
furniture,8d37a3fe7d698b5f,https://dodo.ac/np/images/e/e7/Toy_Duck_%28Yellow%29_NH_Icon.png
furniture,8d38fd4cf1360191,https://dodo.ac/np/images/6/6e/Throwback_Hat_Table_%28Red%29_NH_Icon.png
furniture,8d39877a3c1f8f8d,https://dodo.ac/np/images/0/05/Snail_Model_NH_Icon.png
furniture,8d508cf4a8b5933c,https://dodo.ac/np/images/e/eb/Stylish_Spotlight_%28White%29_NH_Icon.png
furniture,8d6173baf46a6cf9,https://dodo.ac/np/images/e/e4/Nuptial_Ring_Pillow_%28White%29_NH_Icon.png
furniture,8d71026e57c9d28b,https://dodo.ac/np/images/6/66/Turkey_Day_Wheat_Decor_%28Fall_Harvest%29_NH_Icon.png
furniture,8d91ca4153ae3d88,https://dodo.ac/np/images/6/6a/Bell_Cricket_Model_NH_Icon.png
furniture,8dfec94c1f884c78,https://dodo.ac/np/images/1/10/Winnowing_Machine_%28Blue%29_NH_Icon.png
furniture,8e18d4ae22151f95,https://dodo.ac/np/images/b/bf/Cherry-Blossom_Bonsai_NH_Icon.png
furniture,8e287a779ada1756,https://dodo.ac/np/images/4/44/Festivale_Parasol_%28Green%29_NH_Icon.png
furniture,8e45051cad2973c3,https://dodo.ac/np/images/d/d7/Kettle_NH_Icon.png
furniture,8e481b6a4c22146a,https://dodo.ac/np/images/1/17/Chocolate_Heart_%28Milk_Chocolate%29_NH_Icon.png
furniture,8e889beb0eb7fc07,https://dodo.ac/np/images/3/3e/Circle_Cushion_%28White%29_NH_Icon.png
furniture,8f19181e643437d8,https://dodo.ac/np/images/8/87/Gears_%28Silver%29_NH_Icon.png
furniture,8f1b1d06595348e8,https://dodo.ac/np/images/5/54/Bread_NH_Icon.png
furniture,8f1b5796b06e1251,https://dodo.ac/np/images/9/93/Rattan_Armchair_%28Brown%29_NH_Icon.png
furniture,8f89d6a8a6a66535,https://dodo.ac/np/images/6/69/PA_Speaker_NH_Icon.png
furniture,8fa2472144784be3,https://dodo.ac/np/images/b/b3/Fan_Palm_%28Black%29_NH_Icon.png
furniture,8fc02b726e8bd04d,https://dodo.ac/np/images/a/a8/Cherry_Tart_NH_Icon.png
furniture,8fca3492b58ab391,https://dodo.ac/np/images/3/3b/Toy_Cockroach_NH_Icon.png
furniture,8fd4faa8d0c940aa,https://dodo.ac/np/images/e/e7/Golden_Bathtub_NH_Icon.png
furniture,8ff64f7ee14d27f7,https://dodo.ac/np/images/f/f2/Double_Sofa_%28Red%29_NH_Icon.png
furniture,9008b8cdae977eca,https://dodo.ac/np/images/9/93/Rock-Head_Statue_%28Fake%29_NH_Icon.png
furniture,9043af8c06dbacb5,https://dodo.ac/np/images/6/66/Tennis_Table_NH_Icon.png
furniture,906717e00778a1fa,https://dodo.ac/np/images/a/ac/Bathroom_Sink_%28White%29_NH_Icon.png
furniture,90907b5ee285e472,https://dodo.ac/np/images/0/0c/Rocket_NH_Icon.png
furniture,90c1885ea4769fb9,https://dodo.ac/np/images/7/79/Scarecrow_NH_Icon.png
furniture,90e949db16842c1b,https://dodo.ac/np/images/c/c0/Carrot_Juice_NH_Icon.png
furniture,910e3844eca1282e,https://dodo.ac/np/images/3/31/Destinations_Signpost_%28Natural%29_NH_Icon.png
furniture,911f78a56c2ff4df,https://dodo.ac/np/images/d/d2/Portable_Record_Player_%28Red%29_NH_Icon.png
furniture,913d0ec5be8bb054,https://dodo.ac/np/images/e/ed/Kids%27_Tent_%28White%29_NH_Icon.png
furniture,9152cb23b17dd0a8,https://dodo.ac/np/images/d/da/Toy_Box_%28Green%29_NH_Icon.png
furniture,917bd793cd84955b,https://dodo.ac/np/images/8/85/Imperial_Partition_%28Red%29_NH_Icon.png
furniture,918cd121aa2e90df,https://dodo.ac/np/images/3/37/Silver_Mic_NH_Icon.png
furniture,91de1de1c3e39efd,https://dodo.ac/np/images/d/d4/Pocket_Modern_Camper_%28Ketchup_and_Mustard%29_NH_Icon.png
furniture,91e49d3bd458e153,https://dodo.ac/np/images/1/1b/Throwback_Mitt_Chair_%28Camel%29_NH_Icon.png
furniture,91f92fe66dafce20,https://dodo.ac/np/images/a/a3/My_Melody_Bed_NH_Icon.png
furniture,920a75f8336abab3,https://dodo.ac/np/images/5/55/Dollhouse_%28Red%29_NH_Icon.png
furniture,925a3bae5af0fa32,https://dodo.ac/np/images/e/ee/Leaf_Stool_%28Brown%29_NH_Icon.png
furniture,925b92e277f8feaf,https://dodo.ac/np/images/c/c0/Wall-Mounted_TV_%2820_in.%29_%28Black%29_NH_Icon.png
furniture,92e4a6f6a3aabe25,https://dodo.ac/np/images/d/d7/Patchwork_Chair_%28Colorful%29_NH_Icon.png
furniture,93315caa3a831c1b,https://dodo.ac/np/images/a/ae/Clam_Chowder_NH_Icon.png
furniture,936c272a0eb3c69f,https://dodo.ac/np/images/5/51/Picnic_Basket_%28Red%29_NH_Icon.png
furniture,938cd524d3752183,https://dodo.ac/np/images/a/ac/Curtain_Partition_%28Silver_-_Ivory%29_NH_Icon.png
furniture,938cfecb4f9203ca,https://dodo.ac/np/images/b/bc/Outdoor_Table_%28White_-_White%29_NH_Icon.png
furniture,9399583422fda5e0,https://dodo.ac/np/images/0/0c/Black_Bass_Model_NH_Icon.png
furniture,939a771fd63eba7d,https://dodo.ac/np/images/c/c6/Cinnamoroll_Sofa_NH_Icon.png
furniture,93b5c6880275df49,https://dodo.ac/np/images/b/b2/Iron_Garden_Bench_%28Green%29_NH_Icon.png
furniture,9473f59d6a329bf7,https://dodo.ac/np/images/b/b1/Minestrone_Soup_NH_Icon.png
furniture,948df5114e4d0b5f,https://dodo.ac/np/images/2/2f/Light_Switch_%28Silver%29_NH_Icon.png
furniture,9490d94e0f45411e,https://dodo.ac/np/images/7/76/Squid_Jukebox_NH_Icon.png
furniture,94b19c541418d95c,https://dodo.ac/np/images/9/98/Stringfish_Model_NH_Icon.png
furniture,94d395e0e7a71eda,https://dodo.ac/np/images/9/96/Simple_Sofa_%28Natural_-_Brown%29_NH_Icon.png
furniture,9524b114e1a59526,https://dodo.ac/np/images/d/d4/Spider_Web_NH_Icon.png
furniture,95261e347f6c14aa,https://dodo.ac/np/images/8/8c/Mushroom_Crepe_NH_Icon.png
furniture,952884d4cd5b820e,https://dodo.ac/np/images/b/bc/Ornithopter_%28White%29_NH_Icon.png
furniture,954ee284f6bcb580,https://dodo.ac/np/images/6/60/Spaghetti_Carbonara_NH_Icon.png
furniture,95535be706b6586f,https://dodo.ac/np/images/d/dd/Anthurium_Plant_%28Red%29_NH_Icon.png
furniture,957f5cf18f2f9968,https://dodo.ac/np/images/d/d0/LCD_TV_%2820_in.%29_%28Black%29_NH_Icon.png
furniture,9586598fdce5f117,https://dodo.ac/np/images/f/fb/Ornament_Table_Lamp_%28Red%29_NH_Icon.png
furniture,958804d0d1284b32,https://dodo.ac/np/images/0/0d/Modern_Office_Chair_%28Blue%29_NH_Icon.png
furniture,9589360e651e7a26,https://dodo.ac/np/images/0/05/Illuminated_Tree_%28Colorful%29_NH_Icon.png
furniture,958ce86cdee354a2,https://dodo.ac/np/images/6/6d/Western-Style_Stone_%28White%29_NH_Icon.png
furniture,95b230fbdc466e26,https://dodo.ac/np/images/4/48/Stroller_%28White%29_NH_Icon.png
furniture,95b6d2daa4e26466,https://dodo.ac/np/images/9/9d/Illuminated_Snowflakes_%28White%29_NH_Icon.png
furniture,95cb327f7ea42dd6,https://dodo.ac/np/images/5/50/Paradise_Planning_Poster_NH_Icon.png
furniture,95cdccd7bbef2669,https://dodo.ac/np/images/f/fe/Moray_Eel_Model_NH_Icon.png
furniture,95f5e4b8726db680,https://dodo.ac/np/images/4/45/OK_Motors_Sign_NH_Icon.png
furniture,9613368db75ab70a,https://dodo.ac/np/images/6/68/Imperial_Dining_Chair_%28Black%29_NH_Icon.png
furniture,963852bd1c643e2e,https://dodo.ac/np/images/a/a3/Glowing-Moss-Jar_Shelves_%28Silver%29_NH_Icon.png
furniture,9652304e4cf2be1f,https://dodo.ac/np/images/f/f2/Salad-Stuffed_Tomato_NH_Icon.png
furniture,9656e632b33955e1,https://dodo.ac/np/images/e/e4/Frozen_Table_%28Ice%29_NH_Icon.png
furniture,966511381682912f,https://dodo.ac/np/images/7/72/Potted_Starter_Plants_%28Black%29_NH_Icon.png
furniture,966fd2ca5dd0f419,https://dodo.ac/np/images/9/91/Mosquito_Model_NH_Icon.png
furniture,9670ec1cecf74e1f,https://dodo.ac/np/images/5/57/Golden_Garden_Bunny_NH_Icon.png
furniture,96767b1f35e378cb,https://dodo.ac/np/images/8/8f/Mini_Fridge_%28White%29_NH_Icon.png
furniture,968a9b624cc1ed1e,https://dodo.ac/np/images/3/35/Simple_Shaded_Lamp_%28Black%29_NH_Icon.png
furniture,968af0cb46775295,https://dodo.ac/np/images/7/7e/Bagworm_Model_NH_Icon.png
furniture,96c4130176138f78,https://dodo.ac/np/images/e/e0/Carton_Beverage_%28Milk%29_NH_Icon.png
furniture,96def9f9bac43ec4,https://dodo.ac/np/images/7/70/Festival_Lantern_%28Gold_-_Fuku_%28Good_Fortune%29%29_NH_Icon.png
furniture,96f5fa4f50559644,https://dodo.ac/np/images/7/73/Heart_Container_NH_Icon.png
furniture,973914a8b2964713,https://dodo.ac/np/images/1/1b/Digital_Alarm_Clock_%28Orange%29_NH_Icon.png
furniture,973d4e12dd30f0b4,https://dodo.ac/np/images/c/c9/Scenic_Painting_NH_Icon.png
furniture,9747f5658cd9daf6,https://dodo.ac/np/images/9/99/Breaker_NH_Icon.png
furniture,97a2dfcb4231e723,https://dodo.ac/np/images/f/f3/Elegant_Lamp_%28Gold_-_Botanical%29_NH_Icon.png
furniture,97b2c93045c3d064,https://dodo.ac/np/images/5/51/Golden_Trout_Model_NH_Icon.png
furniture,97e330a4cb709d75,https://dodo.ac/np/images/1/1a/Shell_Speaker_%28White%29_NH_Icon.png
furniture,97eed28c3556ec15,https://dodo.ac/np/images/a/aa/Detailed_Painting_NH_Icon.png
furniture,97f64ac06fdc0667,https://dodo.ac/np/images/9/93/Frosted_Cookies_NH_Icon.png
furniture,981228c91c48f750,https://dodo.ac/np/images/c/c3/Aloha-Edition_Carrying_Case_NH_Icon.png
furniture,983e5897e12184ef,https://dodo.ac/np/images/3/37/Peach_Jam_NH_Icon.png
furniture,98a5ded7dc65b78b,https://dodo.ac/np/images/7/75/Crest_Doorplate_%28Silver%29_NH_Icon.png
furniture,98c32c2f90eef472,https://dodo.ac/np/images/9/9a/Hamster_Cage_%28Blue%29_NH_Icon.png
furniture,98f35d0e98a72435,https://dodo.ac/np/images/7/75/Magazine_%28Food%29_NH_Icon.png
furniture,98fdba5d15d94c98,https://dodo.ac/np/images/1/14/Peach_Tart_NH_Icon.png
furniture,9901ef7d3143147e,https://dodo.ac/np/images/4/45/Strapped_Books_%28Red%29_NH_Icon.png
furniture,992369a69ec4513e,https://dodo.ac/np/images/b/b5/Orange_Smoothie_NH_Icon.png
furniture,9925fe567cccb45c,https://dodo.ac/np/images/5/51/Fish-Drying_Rack_%28Fish%29_NH_Icon.png
furniture,99917b9c38379265,https://dodo.ac/np/images/7/70/Blossom_Lantern_NH_Icon.png
furniture,99df22e056037bec,https://dodo.ac/np/images/4/47/Gaming_Desk_%28Black_%26_Red_-_Desktop%29_NH_Icon.png
furniture,99ec8b5456870602,https://dodo.ac/np/images/3/39/Turkey_Day_Table_Setting_%28Fall_Harvest%29_NH_Icon.png
furniture,9a1a39c8b3dc77ee,https://dodo.ac/np/images/4/42/Bottle_Crate_%28Yellow_-_None%29_NH_Icon.png
furniture,9a2196791f5cd4c8,https://dodo.ac/np/images/7/74/Tree_Standee_%28Spring%29_NH_Icon.png
furniture,9a2c941eb38e39b2,https://dodo.ac/np/images/a/a1/Cool_Side_Table_%28Silver_-_Black%29_NH_Icon.png
furniture,9a3a92c641c6d8af,https://dodo.ac/np/images/f/f7/Analog_Kitchen_Scale_%28Red%29_NH_Icon.png
furniture,9a47d0d87689c15a,https://dodo.ac/np/images/7/70/Stylish_Wall_Spotlight_%28White%29_NH_Icon.png
furniture,9a72d527de2abed1,https://dodo.ac/np/images/5/5f/Simple_Bed_%28Natural_-_Brown%29_NH_Icon.png
furniture,9ac612e2c932695c,https://dodo.ac/np/images/8/8e/Marble_Table_%28White%29_NH_Icon.png
furniture,9b0703b7fa7091e5,https://dodo.ac/np/images/d/d5/Pipe_NH_Icon.png
furniture,9b12a9f80589e889,https://dodo.ac/np/images/a/a4/Giant_Ornament_%28Red%29_NH_Icon.png
furniture,9b2c96b61c534069,https://dodo.ac/np/images/8/8d/Koi_Model_NH_Icon.png
furniture,9b4a6bd301443532,https://dodo.ac/np/images/8/88/Stage_Lights_%28White%29_NH_Icon.png
furniture,9b520640570c9236,https://dodo.ac/np/images/c/ce/Dharma_%28Red%29_NH_Icon.png
furniture,9b780caf451901ba,https://dodo.ac/np/images/7/7d/Kadomatsu_NH_Icon.png
furniture,9b790da58042d802,https://dodo.ac/np/images/8/88/Makeup_Pouch_%28Orange_-_Ivory%29_NH_Icon.png
furniture,9b8f1424cb98d46c,https://dodo.ac/np/images/b/bb/Art_Plaque_NH_Icon.png
furniture,9bd95435517cf75c,https://dodo.ac/np/images/2/21/Ventilation_Fan_%28White%29_NH_Icon.png
furniture,9beffa3d2f311f2e,https://dodo.ac/np/images/d/d0/Cello_%28Natural%29_NH_Icon.png
furniture,9c0b34d26ea959a3,https://dodo.ac/np/images/9/9f/Cushion_%28White%29_NH_Icon.png
furniture,9c0d37e0ae0cb302,https://dodo.ac/np/images/b/ba/Mermaid_Sofa_NH_Icon.png
furniture,9c2aab28326797d9,https://dodo.ac/np/images/9/9b/Cold_Sleep_Pod_%28Blue%29_NH_Icon.png
furniture,9c8b77ccf095d135,https://dodo.ac/np/images/e/e3/Washbasin_%28Silver%29_NH_Icon.png
furniture,9ccc14d3751aa865,https://dodo.ac/np/images/9/9e/Antique_Vanity_%28Brown%29_NH_Icon.png
furniture,9d592756937d2857,https://dodo.ac/np/images/0/0e/Air_Circulator_%28White%29_NH_Icon.png
furniture,9d7693a7fd6886f5,https://dodo.ac/np/images/f/fa/Iced_Coffee_NH_Icon.png
furniture,9d83b99d4969f227,https://dodo.ac/np/images/a/a9/Darner_Dragonfly_Model_NH_Icon.png
furniture,9d90faa75b48a36e,https://dodo.ac/np/images/d/dc/LEGO%C2%AE_Bed_%28Colorful%29_NH_Icon.png
furniture,9da070292293db2b,https://dodo.ac/np/images/5/53/Grand_Goliath_Beetle_Model_NH_Icon.png
furniture,9da86b2970edb793,https://dodo.ac/np/images/f/f2/Ring_%28Red%29_NH_Icon.png
furniture,9df8149255d8e33d,https://dodo.ac/np/images/4/4d/Retro_Radiator_NH_Icon.png
furniture,9e316b2db38ece54,https://dodo.ac/np/images/0/09/Timber_Doorplate_%28Natural_Wood%29_NH_Icon.png
furniture,9e7253589da8a323,https://dodo.ac/np/images/0/0a/Melon_Soda_NH_Icon.png
furniture,9ea603c27c3b98e9,https://dodo.ac/np/images/c/cf/Cutlery_%28Silver_-_Green%29_NH_Icon.png
furniture,9eaa04874ba4e2f3,https://dodo.ac/np/images/1/1e/Cricket_Model_NH_Icon.png
furniture,9ec389d8f7edcffe,https://dodo.ac/np/images/b/b9/Cat_Tower_%28Beige%29_NH_Icon.png
furniture,9f3128d7252a6e88,https://dodo.ac/np/images/2/28/Cherry_Salmon_Model_NH_Icon.png
furniture,9f3ca630a41b6c51,https://dodo.ac/np/images/f/f5/Tablet_Device_%28Black_-_Home_Menu%29_NH_Icon.png
furniture,9f5684c7b0478f53,https://dodo.ac/np/images/4/4c/Veggie_Cookies_NH_Icon.png
furniture,9f6de5d13533f93c,https://dodo.ac/np/images/7/73/Cornucopia_NH_Icon.png
furniture,9f72c60ec4090215,https://dodo.ac/np/images/c/cb/Pumpkin_Pie_NH_Icon.png
furniture,9f90239ed6393012,https://dodo.ac/np/images/c/c3/Coconut_Cookies_NH_Icon.png
furniture,9f928033516e45a3,https://dodo.ac/np/images/f/fa/Double-Sided_Wall_Clock_%28Black%29_NH_Icon.png
furniture,9fd2c8ddaeb0a6f4,https://dodo.ac/np/images/8/8d/Barred-Knifejaw_Carpaccio_NH_Icon.png
furniture,9fd2fd3deb119758,https://dodo.ac/np/images/d/d3/Bird_Mobile_%28Natural%29_NH_Icon.png
furniture,9ff15e8b7021d0df,https://dodo.ac/np/images/e/e4/Moving_Painting_NH_Icon.png
furniture,9ffabaeac20d1cdb,https://dodo.ac/np/images/2/21/Antique_Table_%28Brown%29_NH_Icon.png
furniture,a02b07cd25ae1d7e,https://dodo.ac/np/images/2/25/Rover%27s_Briefcase_NH_Icon.png
furniture,a035d21c38ac7e74,https://dodo.ac/np/images/b/b7/Kiki_%26_Lala_Table_NH_Icon.png
furniture,a046e3b90bf75b43,https://dodo.ac/np/images/7/77/Hotel_Wall_Clock_NH_Icon.png
furniture,a08a1e2149801d55,https://dodo.ac/np/images/6/6b/Surfboard_%28White%29_NH_Icon.png
furniture,a099067040994eee,https://dodo.ac/np/images/5/5a/Dung_Beetle_Model_NH_Icon.png
furniture,a0acf3dad219865d,https://dodo.ac/np/images/5/50/Fishing-Rod_Stand_%28Natural%29_NH_Icon.png
furniture,a0af31df126b2c7f,https://dodo.ac/np/images/1/1d/Wide_Display_Stand_%28Gray_-_White_Text_Plate%29_NH_Icon.png
furniture,a0c4400f1d36046a,https://dodo.ac/np/images/8/8f/Colorful-Lantern_Arch_%28Natural_-_Pop%29_NH_Icon.png
furniture,a0f551050ff51240,https://dodo.ac/np/images/2/24/Blue_Weevil_Beetle_Model_NH_Icon.png
furniture,a138dac2f5fce124,https://dodo.ac/np/images/c/c1/Festive_Wreath_NH_Icon.png
furniture,a14447ed119150b5,https://dodo.ac/np/images/6/6e/Scoreboard_%28Green_-_Yellow%29_NH_Icon.png
furniture,a171de60f6cb8987,https://dodo.ac/np/images/c/c3/Construction_Scaffolding_%28None%29_NH_Icon.png
furniture,a17a60e6cae0a338,https://dodo.ac/np/images/8/8d/Banker%27s_Lamp_%28Green%29_NH_Icon.png
furniture,a198d1618a363e71,https://dodo.ac/np/images/9/9d/Garden_Lantern_%28Black%29_NH_Icon.png
furniture,a1b120a0282b64e6,https://dodo.ac/np/images/a/a0/Spooky_Chair_%28Orange%29_NH_Icon.png
furniture,a1b1e41c9fc076eb,https://dodo.ac/np/images/f/f7/Plaza_Merry-Go-Round_%28Vivid%29_NH_Icon.png
furniture,a1de0b3dee4a03c9,https://dodo.ac/np/images/d/d6/Golden_Arowana_Model_NH_Icon.png
furniture,a21392f4c5779c41,https://dodo.ac/np/images/9/93/Candle_%28Gold%29_NH_Icon.png
furniture,a24aab96b9c90819,https://dodo.ac/np/images/a/a9/Orange_End_Table_%28Orange%29_NH_Icon.png
furniture,a2662789855f9fd0,https://dodo.ac/np/images/9/9a/Throwback_Skull_Radio_%28White%29_NH_Icon.png
furniture,a26b7082e19d1d50,https://dodo.ac/np/images/b/b8/Hammock_%28Brown_-_Colorful%29_NH_Icon.png
furniture,a26bdc36f18585b2,https://dodo.ac/np/images/e/e3/Violin_Beetle_Model_NH_Icon.png
furniture,a27b44b450691cb9,https://dodo.ac/np/images/7/78/Ice-Cream_Display_%28Blue_Stripes%29_NH_Icon.png
furniture,a284e1d6fea35e5e,https://dodo.ac/np/images/e/e4/Mush_Parasol_%28Ordinary_Mushroom%29_NH_Icon.png
furniture,a296ca283d157398,https://dodo.ac/np/images/d/d2/Gold_Turtle_Figurine_NH_Icon.png
furniture,a29aff2f55dd81a9,https://dodo.ac/np/images/0/0d/Brown_Cicada_Model_NH_Icon.png
furniture,a2aa73b34bcb592b,https://dodo.ac/np/images/c/c7/Small_LED_Display_%28Black_-_%E2%98%85%29_NH_Icon.png
furniture,a2cc256bf7f12e3b,https://dodo.ac/np/images/7/71/Great_Statue_NH_Icon.png
furniture,a2f736a98d99352c,https://dodo.ac/np/images/a/a2/Dinosaur_Toy_%28Gray%29_NH_Icon.png
furniture,a30ce38e57127940,https://dodo.ac/np/images/1/12/DAL_Model_Plane_%28Blue%29_NH_Icon.png
furniture,a32b6fa3c51ff813,https://dodo.ac/np/images/d/dd/Screen_%28Bamboo%29_NH_Icon.png
furniture,a34f356850700420,https://dodo.ac/np/images/d/d4/Fish_Doorplate_%28Light_Blue%29_NH_Icon.png
furniture,a35b556ce0b314dc,https://dodo.ac/np/images/9/9c/TV_with_VCR_%28Silver_-_Sporting_Event%29_NH_Icon.png
furniture,a36315b24dd21e42,https://dodo.ac/np/images/c/cd/Toy_Day_Sleigh_NH_Icon.png
furniture,a3678b62fbab3e47,https://dodo.ac/np/images/c/c6/Sand_Castle_%28Natural_Sand%29_NH_Icon.png
furniture,a3a549982b7571c1,https://dodo.ac/np/images/0/02/Spooky_Candy_Set_%28Orange%29_NH_Icon.png
furniture,a3a96864082f4b1d,https://dodo.ac/np/images/8/8a/Colorful_Juice_NH_Icon.png
furniture,a3b3e9e1ed20c173,https://dodo.ac/np/images/4/49/Skateboard_Wall_Rack_%28Simple%29_NH_Icon.png
furniture,a3e81e97b4ef1d02,https://dodo.ac/np/images/2/2b/Mush_Low_Stool_%28Ordinary_Mushroom%29_NH_Icon.png
furniture,a3ecc88933b909da,https://dodo.ac/np/images/3/39/Nail-Art_Set_%28Pink%29_NH_Icon.png
furniture,a3ee29c633dcb975,https://dodo.ac/np/images/b/be/Mush_Log_%28Ordinary_Mushroom%29_NH_Icon.png
furniture,a4037ebaf34ad1c9,https://dodo.ac/np/images/2/2c/Azumaya_Gazebo_%28Natural%29_NH_Icon.png
furniture,a494000b241fa3ea,https://dodo.ac/np/images/a/a9/Pear_Jam_NH_Icon.png
furniture,a4b95d8b4bf80d11,https://dodo.ac/np/images/9/92/LEGO%C2%AE_Table_%28Colorful%29_NH_Icon.png
furniture,a4c44670d0a5db08,https://dodo.ac/np/images/e/e1/Round_Pillow_%28Light_Brown%29_NH_Icon.png
furniture,a4e8b5c48192a095,https://dodo.ac/np/images/c/cc/Apple_Chair_%28Red_Apple%29_NH_Icon.png
furniture,a4fd86bbda85db16,https://dodo.ac/np/images/2/2c/Steamroller_%28Yellow%29_NH_Icon.png
furniture,a546d794acf65d05,https://dodo.ac/np/images/5/52/Senmaizuke_Barrel_NH_Icon.png
furniture,a5514b9883d4ea68,https://dodo.ac/np/images/d/de/Diner_Counter_Table_%28Red%29_NH_Icon.png
furniture,a5620739a309e8bd,https://dodo.ac/np/images/7/7f/Carpaccio_di_Capesante_NH_Icon.png
furniture,a5744c445ea21f64,https://dodo.ac/np/images/c/ca/Exercise_Bike_%28Black%29_NH_Icon.png
furniture,a5aee03b233c4830,https://dodo.ac/np/images/a/a7/Campfire_NH_Icon.png
furniture,a5b93238862686e3,https://dodo.ac/np/images/7/74/Hanging_Cube_Light_%28White%29_NH_Icon.png
furniture,a5c31f08246cfc36,https://dodo.ac/np/images/b/bc/Reception_Chair_%28Green%29_NH_Icon.png
furniture,a5deb790d42952fa,https://dodo.ac/np/images/5/56/Shoji_Divider_%28Simple%29_NH_Icon.png
furniture,a631c1c927f06ac0,https://dodo.ac/np/images/c/c0/Mush_Lamp_%28Ordinary_Mushroom%29_NH_Icon.png
furniture,a638ff7becc5f5d2,https://dodo.ac/np/images/d/d6/Stacked_Shopping_Baskets_%28Orange%29_NH_Icon.png
furniture,a64ee3f803e102e0,https://dodo.ac/np/images/8/81/Nordic_Shelves_%28Light_Wood_-_None%29_NH_Icon.png
furniture,a6789589ca62676e,https://dodo.ac/np/images/b/b7/Oil-Barrel_Bathtub_%28No_Coating%29_NH_Icon.png
furniture,a6ad3d20db7f6f59,https://dodo.ac/np/images/1/17/Brick_Oven_%28Red%29_NH_Icon.png
furniture,a6b38361f5bee13a,https://dodo.ac/np/images/5/58/Mountain_Bike_%28Green%29_NH_Icon.png
furniture,a6ee1dbe869c0844,https://dodo.ac/np/images/7/7a/Artsy_Table_%28Red%29_NH_Icon.png
furniture,a70c867e3c720a15,https://dodo.ac/np/images/c/c0/Ant_Model_NH_Icon.png
furniture,a752c156fcdee574,https://dodo.ac/np/images/f/f3/LEGO%C2%AE_Plum_Blossom_NH_Icon.png
furniture,a78f8a07a412fe11,https://dodo.ac/np/images/c/c9/Gas_Range_%28Silver%29_NH_Icon.png
furniture,a792c619ecef9fb8,https://dodo.ac/np/images/5/5b/Mounted_Blue_Marlin_NH_Icon.png
furniture,a7a595e6741ec514,https://dodo.ac/np/images/f/f0/Turkey_Day_Chair_%28Fall_Harvest%29_NH_Icon.png
furniture,a7ade869326d14fe,https://dodo.ac/np/images/a/a5/Birdhouse_%28Natural%29_NH_Icon.png
furniture,a7dd10108caab031,https://dodo.ac/np/images/1/1c/Bone_Doorplate_%28Brown%29_NH_Icon.png
furniture,a7dd3eab952fe79a,https://dodo.ac/np/images/d/d1/Cherry_Smoothie_NH_Icon.png
furniture,a7fb96fa6af4ac61,https://dodo.ac/np/images/7/77/1-Up_Mushroom_NH_Icon.png
furniture,a80af90bebe0c4a7,https://dodo.ac/np/images/7/7b/Golden_Dharma_NH_Icon.png
furniture,a8187c1a25e49aec,https://dodo.ac/np/images/8/84/Retro_Massage_Chair_NH_Icon.png
furniture,a8234845ed014e62,https://dodo.ac/np/images/2/29/Scrapbook_%28Brown%29_NH_Icon.png
furniture,a82542f42863cacf,https://dodo.ac/np/images/5/5d/Laptop_%28Black_-_Desktop%29_NH_Icon.png
furniture,a89139435e7350b8,https://dodo.ac/np/images/2/25/Western-Style_Meal_NH_Icon.png
furniture,a8b0b5e439726a00,https://dodo.ac/np/images/7/75/Bamboo_Stopblock_%28Green_Bamboo%29_NH_Icon.png
furniture,a8e377c37f5c9603,https://dodo.ac/np/images/e/e2/Baobab_%28Leafy%29_NH_Icon.png
furniture,a8fb3549f2213084,https://dodo.ac/np/images/6/6a/Mermaid_Shelf_NH_Icon.png
furniture,a91ace585bd2e290,https://dodo.ac/np/images/b/b8/Mining_Car_%28Brown%29_NH_Icon.png
furniture,a95491605e38a5bd,https://dodo.ac/np/images/e/e0/Bunny_Day_Bed_NH_Icon.png
furniture,a9b6726c2e4290fd,https://dodo.ac/np/images/3/31/Kiki_%26_Lala_Cloud_Maker_NH_Icon.png
furniture,a9b7b82546e20d6c,https://dodo.ac/np/images/2/25/Pirate-Treasure_Chest_NH_Icon.png
furniture,a9c7c76803a7029c,https://dodo.ac/np/images/a/ac/Whoopee_Cushion_%28Red%29_NH_Icon.png
furniture,a9ca6251f5476f5c,https://dodo.ac/np/images/1/15/Giant_Water_Bug_Model_NH_Icon.png
furniture,a9ed38f8c43f8259,https://dodo.ac/np/images/4/4e/Desktop_Computer_%28Black_-_Desktop%29_NH_Icon.png
furniture,aa2a399f29452a38,https://dodo.ac/np/images/a/a5/Salmon_Sandwich_NH_Icon.png
furniture,aa4ea71dda5e7b57,https://dodo.ac/np/images/a/a1/Veggie_Sandwich_NH_Icon.png
furniture,aa595fbae3ef0fd4,https://dodo.ac/np/images/6/6b/Billiard_Table_%28Green%29_NH_Icon.png
furniture,aa5bb009d6eadbd8,https://dodo.ac/np/images/4/42/Casablanca_Lilies_%28White%29_NH_Icon.png
furniture,aa6493c26a101f9e,https://dodo.ac/np/images/8/85/Termite_Mound_NH_Icon.png
furniture,aa87053d16ffc943,https://dodo.ac/np/images/5/5a/Study_Poster_%28Alphabet%29_NH_Icon.png
furniture,aa99853664df96be,https://dodo.ac/np/images/5/50/Jail_Bars_%28Silver%29_NH_Icon.png
furniture,aac054b45643c731,https://dodo.ac/np/images/a/ac/Music_Stand_%28Brown%29_NH_Icon.png
furniture,ab1674a32a37bde7,https://dodo.ac/np/images/8/87/Siren_%28Red%29_NH_Icon.png
furniture,ab38d2ad9c864af7,https://dodo.ac/np/images/3/31/Giant_Vine_%28Green%29_NH_Icon.png
furniture,ab3ec3aa4d50c2c8,https://dodo.ac/np/images/d/d3/Super_Famicom_NH_Icon.png
furniture,ab8a465e436b1af9,https://dodo.ac/np/images/e/ed/Fairy_Bottle_NH_Icon.png
furniture,ab8a8a1d7c8ea314,https://dodo.ac/np/images/2/2d/Silver_Fish_Trophy_NH_Icon.png
furniture,abceb1d6ae1e86d2,https://dodo.ac/np/images/9/92/Horizontal_Split_Curtains_%28Brown_-_Plain%29_NH_Icon.png
furniture,abcee0a6eb947699,https://dodo.ac/np/images/6/6d/Bamboo_Shelf_%28Green_Bamboo%29_NH_Icon.png
furniture,abfd19a6b65cd384,https://dodo.ac/np/images/c/c4/Silver_Confetti_Blower_%28Silver%29_NH_Icon.png
furniture,ac15cc2c5d20a57f,https://dodo.ac/np/images/3/34/Cherry-Blossom-Petal_Pile_NH_Icon.png
furniture,ac198f7ebaf46326,https://dodo.ac/np/images/6/64/Mystic_Statue_%28Fake%29_NH_Icon.png
furniture,ac2ec0ac32242f65,https://dodo.ac/np/images/8/82/Stovetop_Espresso_Maker_%28Silver%29_NH_Icon.png
furniture,ac344a84e37f9c18,https://dodo.ac/np/images/9/95/My_Melody_Chair_NH_Icon.png
furniture,ac5b3d1106d9eb9b,https://dodo.ac/np/images/e/ec/Dartboard_NH_Icon.png
furniture,ac9828324c5d4e29,https://dodo.ac/np/images/9/9d/Paper_Kite_Butterfly_Model_NH_Icon.png
furniture,acb12729217c4950,https://dodo.ac/np/images/c/c7/Carp_on_a_Cutting_Board_%28Black%29_NH_Icon.png
furniture,acb1d6d43de39707,https://dodo.ac/np/images/4/42/Hanging_Scroll_%28Green_-_Calligraphy%29_NH_Icon.png
furniture,acb9e03dcced3350,https://dodo.ac/np/images/c/c0/Cherry-Blossom_Clock_%28Pink%29_NH_Icon.png
furniture,acc6ae118964d9ab,https://dodo.ac/np/images/c/ca/Turkey_Day_Hearth_%28Fall_Harvest%29_NH_Icon.png
furniture,ace9503a64b4535b,https://dodo.ac/np/images/c/c4/Bamboo_Partition_%28Green_Bamboo%29_NH_Icon.png
furniture,ad1c425f08233bd9,https://dodo.ac/np/images/1/18/Popcorn_Machine_%28Red%29_NH_Icon.png
furniture,ad2485050bdfd4f7,https://dodo.ac/np/images/f/f1/NES_NH_Icon.png
furniture,ad5c64ecb9c14be4,https://dodo.ac/np/images/0/0b/Bunny_Day_Festive_Balloons_NH_Icon.png
furniture,ad76d9345a35ad18,https://dodo.ac/np/images/7/70/Neutral_Corner_%28Green%29_NH_Icon.png
furniture,ad81aed689555ef2,https://dodo.ac/np/images/5/52/Pedal_Board_%28Black%29_NH_Icon.png
furniture,ada5b0eb592e4bd5,https://dodo.ac/np/images/e/e8/Skateboard_%28Black_-_None%29_NH_Icon.png
furniture,adb1c60d92911775,https://dodo.ac/np/images/5/5a/Large_Magazine_Rack_%28Light_Wood%29_NH_Icon.png
furniture,adb97dcb221cae9d,https://dodo.ac/np/images/e/ed/Wedding_Table_%28Cute%29_NH_Icon.png
furniture,add606b2fccc70f0,https://dodo.ac/np/images/2/27/Tabletop_Record_Player_%28Silver%29_NH_Icon.png
furniture,adf23b9d417b6b9a,https://dodo.ac/np/images/4/43/Park_Clock_%28Black%29_NH_Icon.png
furniture,adfada796cd1fe40,https://dodo.ac/np/images/3/3a/Stack_of_Clothes_%28White_Shirts%29_NH_Icon.png
furniture,ae2bdc8d052bb3a4,https://dodo.ac/np/images/d/d3/Olivier_Salad_NH_Icon.png
furniture,aea4ff4eb204786b,https://dodo.ac/np/images/2/28/Cinnamoroll_Tray_NH_Icon.png
furniture,aeb12744a4c4b3b3,https://dodo.ac/np/images/e/ea/Fried_Rice_NH_Icon.png
furniture,aed8ace894757f53,https://dodo.ac/np/images/2/29/Round_Space_Heater_%28White%29_NH_Icon.png
furniture,aeea8b3694ae4626,https://dodo.ac/np/images/5/5c/Mossy_Garden_Rock_NH_Icon.png
furniture,aeeea546f1b9ff0f,https://dodo.ac/np/images/e/ed/Bunny_Day_Wardrobe_NH_Icon.png
furniture,aef0eed286fcba1f,https://dodo.ac/np/images/b/b4/Antique_Clock_%28Brown%29_NH_Icon.png
furniture,aef15131012a96b3,https://dodo.ac/np/images/c/c8/Arapaima_Model_NH_Icon.png
furniture,af245fe13931c307,https://dodo.ac/np/images/9/96/Bunny_Garden_Decoration_%28Ivory%29_NH_Icon.png
furniture,af52e12736685995,https://dodo.ac/np/images/8/8a/Bath_Stool_%28White%29_NH_Icon.png
furniture,af52f6a12a085386,https://dodo.ac/np/images/f/fd/Monstera_%28Black%29_NH_Icon.png
furniture,afc0a18fd87869cd,https://dodo.ac/np/images/2/2d/Floor_Seat_%28Natural_-_Pale_Grass_Green%29_NH_Icon.png
furniture,afc4163ccd0f898d,https://dodo.ac/np/images/1/18/Nigirizushi_NH_Icon.png
furniture,afdf5862a40df228,https://dodo.ac/np/images/4/42/Mini_Circuit_%28Red_%26_White%29_NH_Icon.png
furniture,afecee5820ab5cd4,https://dodo.ac/np/images/a/ad/Street_Lamp_with_Banners_%28Green_-_Yellow%29_NH_Icon.png
furniture,aff942336beafc97,https://dodo.ac/np/images/c/cf/Newton%27s_Cradle_NH_Icon.png
furniture,b01b91ed1dcfb7db,https://dodo.ac/np/images/9/91/Piggy_Bank_%28Pink%29_NH_Icon.png
furniture,b030cf17408aeb19,https://dodo.ac/np/images/c/c3/Key_Holder_%28Dark_Wood%29_NH_Icon.png
furniture,b068dc69c105b148,https://dodo.ac/np/images/5/5a/Cherry_Pie_NH_Icon.png
furniture,b099c712a2aa581a,https://dodo.ac/np/images/5/59/Graceful_Painting_NH_Icon.png
furniture,b0b87f5e19801883,https://dodo.ac/np/images/3/37/Brake_Tapper_NH_Icon.png
furniture,b0b8f6d2bdd93297,https://dodo.ac/np/images/1/12/Ancient_Statue_%28Fake%29_NH_Icon.png
furniture,b0ba7859fa6f2c2b,https://dodo.ac/np/images/e/ee/Cherry-Blossom_Pond_Stone_NH_Icon.png
furniture,b0caf3aa215b74c4,https://dodo.ac/np/images/3/38/Warm_Painting_NH_Icon.png
furniture,b0ce3a925d1eb6cb,https://dodo.ac/np/images/6/6e/Robust_Statue_NH_Icon.png
furniture,b192bf375cf3e88d,https://dodo.ac/np/images/a/a6/Kitchen_Dishwasher_NH_Icon.png
furniture,b1ab49616ead2ec4,https://dodo.ac/np/images/6/6b/Painting_Set_%28Yellow_-_Blank%29_NH_Icon.png
furniture,b1cee61b0b02cd4e,https://dodo.ac/np/images/b/bc/Hyacinth_Wreath_NH_Icon.png
furniture,b1d22d0e421d4eec,https://dodo.ac/np/images/c/c0/Campfire_Cookware_NH_Icon.png
furniture,b1ebe6cf998596ad,https://dodo.ac/np/images/6/62/Nanakusa_Gayu_NH_Icon.png
furniture,b27c57c954811f07,https://dodo.ac/np/images/0/0e/Spaghetti_Marinara_NH_Icon.png
furniture,b2998f269973f74c,https://dodo.ac/np/images/8/8b/Old-Fashioned_Washtub_NH_Icon.png
furniture,b2a1860dedb3fd5e,https://dodo.ac/np/images/e/e7/Excavator_%28Yellow%29_NH_Icon.png
furniture,b2c465b5834d59b8,https://dodo.ac/np/images/5/5b/Grilled_Sea_Bass_with_Herbs_NH_Icon.png
furniture,b2d43b6bc2e3ab1d,https://dodo.ac/np/images/1/1a/Dreamy_Unicorn_Toy_%28Pink%29_NH_Icon.png
furniture,b2ea2e225db77884,https://dodo.ac/np/images/0/07/Gallant_Statue_%28Fake%29_NH_Icon.png
furniture,b2f5e93c3f5c4618,https://dodo.ac/np/images/d/d8/Block_NH_Icon.png
furniture,b2fe2793c96eaa17,https://dodo.ac/np/images/a/a3/Cardboard_Bed_%28Plain%29_NH_Icon.png
furniture,b30b18d83c37ea4c,https://dodo.ac/np/images/4/42/Hanger_Rack_%28Silver%29_NH_Icon.png
furniture,b332dc27a91faadb,https://dodo.ac/np/images/c/c6/Gold_Bug_Trophy_NH_Icon.png
furniture,b3bb0ab6da9e73c1,https://dodo.ac/np/images/d/d8/Cool_Low_Table_%28Silver_-_Black%29_NH_Icon.png
furniture,b3bfca422d2bb44a,https://dodo.ac/np/images/2/28/Bamboo_Bench_%28Green_Bamboo%29_NH_Icon.png
furniture,b3e2f2ac754e97b2,https://dodo.ac/np/images/a/a8/Cool_Hyacinth_Wreath_NH_Icon.png
furniture,b3f430a8a74b85d9,https://dodo.ac/np/images/9/9b/Vertical_Split_Curtains_%28Brown_-_Plain%29_NH_Icon.png
furniture,b3fac1db6dbab4ed,https://dodo.ac/np/images/1/10/Magazine_Rack_%28Natural_-_Caf%C3%A9%29_NH_Icon.png
furniture,b464fa5659126dea,https://dodo.ac/np/images/3/3c/Sturdy_Sewing_Box_%28Natural%29_NH_Icon.png
furniture,b46afce81590c03e,https://dodo.ac/np/images/2/2d/Resetti_Model_NH_Icon.png
furniture,b4701bab79bf9f31,https://dodo.ac/np/images/7/7d/Cute_Chair_%28White%29_NH_Icon.png
furniture,b49a630f6f0360ab,https://dodo.ac/np/images/3/3d/Nintendo_Switch_%28Neon_Blue_%26_Neon_Red%29_NH_Icon.png
furniture,b4e071428d948e15,https://dodo.ac/np/images/9/9f/Artful_Shelves_%28Light_Wood%29_NH_Icon.png
furniture,b50236eb4a1d25ef,https://dodo.ac/np/images/b/b1/Studio_Wall_Spotlight_%28White%29_NH_Icon.png
furniture,b505b05ce6e96a7c,https://dodo.ac/np/images/9/9e/Pale_Chub_Model_NH_Icon.png
furniture,b517b8d4b8b43419,https://dodo.ac/np/images/b/b3/Serving_Cart_%28Natural%29_NH_Icon.png
furniture,b52d0d694c5bc5f2,https://dodo.ac/np/images/d/d8/Golden_Seat_NH_Icon.png
furniture,b53a3667d9566dff,https://dodo.ac/np/images/1/1b/Wild_Painting_Left_Half_%28Fake%29_NH_Icon.png
furniture,b599de74d9cd6de6,https://dodo.ac/np/images/0/0f/Basic_School_Chair_%28Blue%29_NH_Icon.png
furniture,b5b3745e5366d3d6,https://dodo.ac/np/images/b/b2/Plastic_Canister_%28Red%29_NH_Icon.png
furniture,b5df6aceaba9e070,https://dodo.ac/np/images/3/3d/Fine_Vase_%28Dragon%29_NH_Icon.png
furniture,b5e2c4d869fd8a0b,https://dodo.ac/np/images/a/a1/Hyacinth_Lamp_%28Purple%29_NH_Icon.png
furniture,b5f9e13ab8b58a06,https://dodo.ac/np/images/e/ec/Premium_Nigirizushi_NH_Icon.png
furniture,b674a79d1fc28bb0,https://dodo.ac/np/images/f/f4/Rose_Wreath_NH_Icon.png
furniture,b67a648f03bd529e,https://dodo.ac/np/images/f/fa/Small_Clothing_Rack_%28Light_Wood%29_NH_Icon.png
furniture,b67fbcb14507a052,https://dodo.ac/np/images/b/be/Small_Cardboard_Boxes_NH_Icon.png
furniture,b6a6ec393e2b5697,https://dodo.ac/np/images/a/ab/Festivale_Confetti_Machine_%28Green%29_NH_Icon.png
furniture,b6b2ed83de5b00f8,https://dodo.ac/np/images/6/60/Sloppy_Sofa_%28Beige_-_White%29_NH_Icon.png
furniture,b6ff53c7c9dbf723,https://dodo.ac/np/images/1/1f/Paradise_Planning_Cushion_NH_Icon.png
furniture,b7008b31070ece2b,https://dodo.ac/np/images/2/28/Fruit_Scones_NH_Icon.png
furniture,b70b07b0be954cde,https://dodo.ac/np/images/a/ad/Ruined_Seat_%28Ivory%29_NH_Icon.png
furniture,b712c7bc3d16957a,https://dodo.ac/np/images/b/bd/Donut_Stool_%28Silver_-_Blue%29_NH_Icon.png
furniture,b72844f1449f8786,https://dodo.ac/np/images/a/ab/Stadiometer_%28Gray%29_NH_Icon.png
furniture,b78f90e25169eac9,https://dodo.ac/np/images/c/c8/Tiki_Torch_NH_Icon.png
furniture,b7b36eb1eb2e455c,https://dodo.ac/np/images/2/25/Wall-Mounted_TV_%2850_in.%29_%28Black%29_NH_Icon.png
furniture,b7f40afc76bbb155,https://dodo.ac/np/images/4/47/Strawberry_Soda_NH_Icon.png
furniture,b80b09e0b24344eb,https://dodo.ac/np/images/6/6e/Nordic_Table_%28Light_Wood_-_None%29_NH_Icon.png
furniture,b83c7f348d9dda5e,https://dodo.ac/np/images/f/fd/Automatic_Washer_%28White%29_NH_Icon.png
furniture,b85960f615dff066,https://dodo.ac/np/images/8/8a/Scarab_Beetle_Model_NH_Icon.png
furniture,b85c7261ffe67844,https://dodo.ac/np/images/a/ae/Fossil_Doorplate_%28Gray%29_NH_Icon.png
furniture,b878763b6e04158e,https://dodo.ac/np/images/7/70/Bistro_Table_%28Light_Wood_-_Ivory%29_NH_Icon.png
furniture,b8c521f4d84f7c89,https://dodo.ac/np/images/1/19/RC_Helicopter_%28Blue%29_NH_Icon.png
furniture,b8dcc372384e143d,https://dodo.ac/np/images/8/8b/Party_Garland_%28Colorful%29_NH_Icon.png
furniture,b8f88228b68226f2,https://dodo.ac/np/images/a/a1/Vintage_Desk_%28Natural%29_NH_Icon.png
furniture,b8f8b8b9f79adb0a,https://dodo.ac/np/images/7/7c/Knife_Block_%28Natural%29_NH_Icon.png
furniture,b926e56d33e478ee,https://dodo.ac/np/images/3/35/Clipboard_%28Blue_-_Resource_Document%29_NH_Icon.png
furniture,b93c706be848bfb4,https://dodo.ac/np/images/e/e3/Surichwi_Tteok_NH_Icon.png
furniture,b98444e985e0b2ce,https://dodo.ac/np/images/3/36/Safe_%28Silver%29_NH_Icon.png
furniture,b9bdf911c5871401,https://dodo.ac/np/images/5/51/Kagamimochi_NH_Icon.png
furniture,ba034d7d9887697e,https://dodo.ac/np/images/7/7e/Elephant_Slide_%28Blue%29_NH_Icon.png
furniture,ba60797777bd3864,https://dodo.ac/np/images/d/d9/Carpaccio_di_Marlin_Blu_NH_Icon.png
furniture,ba84aeff543a8c8a,https://dodo.ac/np/images/b/be/Bidet_NH_Icon.png
furniture,ba9ef10ef6430a61,https://dodo.ac/np/images/6/68/Aquarius_Urn_NH_Icon.png
furniture,baacb89e9168c4e5,https://dodo.ac/np/images/8/8d/Train_Set_%28Spring%29_NH_Icon.png
furniture,bacb399c739ea393,https://dodo.ac/np/images/e/eb/Bunny_Day_Garden_Flag_NH_Icon.png
furniture,badc1be9bf0e0d9e,https://dodo.ac/np/images/3/3c/Diner_Counter_Chair_%28Red%29_NH_Icon.png
furniture,bae0b825eaf0490f,https://dodo.ac/np/images/1/10/Antique_Mini_Table_%28Brown%29_NH_Icon.png
furniture,bb114af7fa9dab81,https://dodo.ac/np/images/1/11/Cooking_Tools_%28Stylish%29_NH_Icon.png
furniture,bb118baf5c1a75f0,https://dodo.ac/np/images/d/d1/Bunny_Day_Planter_Box_NH_Icon.png
furniture,bb43e3c0c1c55b75,https://dodo.ac/np/images/9/9b/Space_Shuttle_NH_Icon.png
furniture,bb4f12f4b00b2708,https://dodo.ac/np/images/1/1c/Peacock_Butterfly_Model_NH_Icon.png
furniture,bb75eae486851271,https://dodo.ac/np/images/2/21/Bamboo-Shoot_Soup_NH_Icon.png
furniture,bb91e9aa4c2aa12e,https://dodo.ac/np/images/3/3b/Bamboo_Drum_%28Green_Bamboo%29_NH_Icon.png
furniture,bba2e5dedc940f45,https://dodo.ac/np/images/e/ef/Hanging_Glowing_Moss_%28Green%29_NH_Icon.png
furniture,bbc8d084a6690d20,https://dodo.ac/np/images/f/fd/Dispenser_%28White_-_None%29_NH_Icon.png
furniture,bbe9272d4a0db8b7,https://dodo.ac/np/images/e/ed/Standing_Toilet_NH_Icon.png
furniture,bbf1d4251cfdd3c4,https://dodo.ac/np/images/4/4b/Office_Materials_%28Craft_Tape%29_NH_Icon.png
furniture,bc009cba6bbeb9ec,https://dodo.ac/np/images/8/85/Reception_Counter_%28White_-_Name_List%29_NH_Icon.png
furniture,bc13050303e01ad6,https://dodo.ac/np/images/f/fe/Fossil_Plaque_NH_Icon.png
furniture,bc2f3aadd5fb15f9,https://dodo.ac/np/images/1/14/Steel_Trash_Can_%28Silver_-_None%29_NH_Icon.png
furniture,bc4e737cdccb27ff,https://dodo.ac/np/images/a/ae/Range_Hood_%28Silver%29_NH_Icon.png
furniture,bc84db81944150c1,https://dodo.ac/np/images/1/14/Log_Stool_%28Dark_Wood%29_NH_Icon.png
furniture,bca01231d4ef2bf1,https://dodo.ac/np/images/b/b2/Fluorescent_Light_%28White%29_NH_Icon.png
furniture,bcbb14fb150fb490,https://dodo.ac/np/images/5/5b/Bonfire_NH_Icon.png
furniture,bccb0343dfaa9947,https://dodo.ac/np/images/1/1c/Iron_Garden_Chair_%28Green%29_NH_Icon.png
furniture,bcd54b4c618c2175,https://dodo.ac/np/images/d/dc/Electric_Bass_%28Chic_White%29_NH_Icon.png
furniture,bd1bec5904063535,https://dodo.ac/np/images/9/9f/Ironwood_Table_%28Birch%29_NH_Icon.png
furniture,bd3c7b1750456a7c,https://dodo.ac/np/images/c/cc/Log_Bed_%28Dark_Wood_-_Southwestern_Flair%29_NH_Icon.png
furniture,bd54b2abee354c49,https://dodo.ac/np/images/9/9b/Kiddie_Seesaw_%28Pop%29_NH_Icon.png
furniture,bd6b8cc0a7a7fa9e,https://dodo.ac/np/images/e/e1/Crewed_Spaceship_NH_Icon.png
furniture,bd7e5abdf626ae5d,https://dodo.ac/np/images/3/3d/Tremendous_Statue_%28Fake%29_NH_Icon.png
furniture,bd8949bafb20eafc,https://dodo.ac/np/images/5/55/System_Kitchen_%28White%29_NH_Icon.png
furniture,bdb7f87d968ce82b,https://dodo.ac/np/images/8/8d/Mixed-Fruits_Crepe_NH_Icon.png
furniture,bdccdb26b742199c,https://dodo.ac/np/images/f/f3/Frozen_Counter_%28Ice%29_NH_Icon.png
furniture,bdd0c7ee2165a297,https://dodo.ac/np/images/4/42/Honeybee_Model_NH_Icon.png
furniture,be2a20d7381a1d61,https://dodo.ac/np/images/1/11/Shower_Set_%28Silver%29_NH_Icon.png
furniture,be2e445784d20206,https://dodo.ac/np/images/e/e5/Purple_Hyacinth_Wreath_NH_Icon.png
furniture,be3c96d756d53236,https://dodo.ac/np/images/d/d9/Pickled_Veggies_NH_Icon.png
furniture,be4a90a3bad06c9b,https://dodo.ac/np/images/3/33/Pine_Bonsai_Tree_NH_Icon.png
furniture,be4b13c82349ffa3,https://dodo.ac/np/images/0/0b/%3F_Block_NH_Icon.png
furniture,be535ee385caff0f,https://dodo.ac/np/images/e/e1/Low_Folding_Table_%28Natural_Wood%29_NH_Icon.png
furniture,be73f88aa85e04a5,https://dodo.ac/np/images/6/67/Tall_Lantern_%28Natural%29_NH_Icon.png
furniture,be99f957a1b66f1f,https://dodo.ac/np/images/6/62/Basic_Teacher%27s_Desk_%28Standard%29_NH_Icon.png
furniture,beb1cca06c4c8ce8,https://dodo.ac/np/images/1/1a/Festivale_Stall_%28Green%29_NH_Icon.png
furniture,bedaf9d8ec84853f,https://dodo.ac/np/images/5/59/2021_Celebratory_Arch_NH_Icon.png
furniture,bee5f1bbe8b58e19,https://dodo.ac/np/images/e/e8/Academic_Painting_NH_Icon.png
furniture,befa116d88cf8e43,https://dodo.ac/np/images/c/c1/Salad_NH_Icon.png
furniture,bf16e603d62de10b,https://dodo.ac/np/images/6/6f/Round_Light_Fixture_%28Black%29_NH_Icon.png
furniture,bf7a042153477ea7,https://dodo.ac/np/images/8/8f/Pagoda_%28Red%29_NH_Icon.png
furniture,bf8c452175061817,https://dodo.ac/np/images/a/a9/Metal_Can_NH_Icon.png
furniture,bfb32ae7c4e081e1,https://dodo.ac/np/images/7/76/Marble_Wall_Clock_%28White%29_NH_Icon.png
furniture,bfe049bc7ab95624,https://dodo.ac/np/images/e/ec/Scorpio_Lamp_NH_Icon.png
furniture,bfecf0d5dc954216,https://dodo.ac/np/images/d/d9/Stone_Stool_NH_Icon.png
furniture,c03dafd1ffbcdb96,https://dodo.ac/np/images/8/83/Espresso_Maker_%28Silver%29_NH_Icon.png
furniture,c075c0477dffcee7,https://dodo.ac/np/images/b/bb/Plaza_Game_Stand_%28Vivid%29_NH_Icon.png
furniture,c08052afad9c6273,https://dodo.ac/np/images/d/d0/Dish-Drying_Rack_%28White%29_NH_Icon.png
furniture,c0b1bdc244d5f355,https://dodo.ac/np/images/b/be/Chessboard_%28Brown%29_NH_Icon.png
furniture,c0bfc6b57fbba81b,https://dodo.ac/np/images/6/6d/Glowing-Moss_Pond_%28Turquoise%29_NH_Icon.png
furniture,c0cc74d5cad0f431,https://dodo.ac/np/images/0/0a/Nuptial_Doorplate_%28White_-_Gold%29_NH_Icon.png
furniture,c0d0252e10326d35,https://dodo.ac/np/images/1/14/Ranch_Kitchen_%28Natural%29_NH_Icon.png
furniture,c11279134433ce63,https://dodo.ac/np/images/3/30/Tangyuan_NH_Icon.png
furniture,c1578137c88ef88d,https://dodo.ac/np/images/6/6c/Spooky_Garland_%28Orange%29_NH_Icon.png
furniture,c15ecc41c800e6aa,https://dodo.ac/np/images/f/fb/Pot_%28Brown%29_NH_Icon.png
furniture,c160291cd16c530e,https://dodo.ac/np/images/3/30/Forsythia_NH_Icon.png
furniture,c16ec3700801fb83,https://dodo.ac/np/images/8/83/Moon_NH_Icon.png
furniture,c18bcf0021dca4f4,https://dodo.ac/np/images/8/86/Grand_H._Hercules_Model_NH_Icon.png
furniture,c1b56dafb27c1095,https://dodo.ac/np/images/5/54/Birthday_Table_%28Colorful%29_NH_Icon.png
furniture,c1c3d7af12297df8,https://dodo.ac/np/images/f/f9/Tire_Toy_%28Black%29_NH_Icon.png
furniture,c1effc9dc860061d,https://dodo.ac/np/images/0/0c/Menu_Chalkboard_%28Natural%29_NH_Icon.png
furniture,c211526aff98de76,https://dodo.ac/np/images/2/22/Clay_Furnace_NH_Icon.png
furniture,c2482ed1f60c54fb,https://dodo.ac/np/images/4/41/Tree%27s_Bounty_Arch_%28Brown%29_NH_Icon.png
furniture,c25a233cbc9dedb5,https://dodo.ac/np/images/4/46/Dace_Model_NH_Icon.png
furniture,c28be45374063c91,https://dodo.ac/np/images/5/5d/Glowing-Moss_Balloon_%28Green%29_NH_Icon.png
furniture,c29ab51467658ac3,https://dodo.ac/np/images/7/70/Golden_Dung_Beetle_NH_Icon.png
furniture,c2a3da31c6ddb7aa,https://dodo.ac/np/images/7/7b/Enamel_Lamp_%28Green%29_NH_Icon.png
furniture,c2dd6c6a540d37b4,https://dodo.ac/np/images/1/11/Parabolic_Antenna_%28Plain%29_NH_Icon.png
furniture,c311c54603ac8061,https://dodo.ac/np/images/1/1c/Ornament_Wreath_%28Blue%29_NH_Icon.png
furniture,c316fcc1bead5c15,https://dodo.ac/np/images/d/d8/Statue_of_Liberty_NH_Icon.png
furniture,c319bbf79b5dc13f,https://dodo.ac/np/images/e/e5/Risotto_NH_Icon.png
furniture,c349053fae82ea04,https://dodo.ac/np/images/5/58/Study_Chair_%28Natural_-_Yellow%29_NH_Icon.png
furniture,c372f9d5ada9a74d,https://dodo.ac/np/images/4/4f/Mermaid_Wall_Clock_NH_Icon.png
furniture,c38f4a277fe20645,https://dodo.ac/np/images/3/37/Gold_HHA_Plaque_NH_Icon.png
furniture,c3d5c9ae814c5e48,https://dodo.ac/np/images/d/d9/Snare_Drum_%28Red%29_NH_Icon.png
furniture,c3d7d2cbc6c959d3,https://dodo.ac/np/images/1/15/Ray_Model_NH_Icon.png
furniture,c3e9890a1ed9da19,https://dodo.ac/np/images/6/6d/Drinking_Fountain_%28Ivory%29_NH_Icon.png
furniture,c448853408689cd8,https://dodo.ac/np/images/7/7b/Plain_Sink_%28Natural%29_NH_Icon.png
furniture,c471867c594f2fb8,https://dodo.ac/np/images/e/e4/Cute_Floor_Lamp_%28White%29_NH_Icon.png
furniture,c4819c40fd3a3603,https://dodo.ac/np/images/b/b2/Throwback_Race-Car_Bed_%28Red%29_NH_Icon.png
furniture,c482c20355c3de9e,https://dodo.ac/np/images/2/21/Moving_Painting_%28Fake%29_NH_Icon.png
furniture,c489b82c007b3c2f,https://dodo.ac/np/images/a/af/Artful_Screen_%28Light_Wood_-_White%29_NH_Icon.png
furniture,c490d5097e4169e3,https://dodo.ac/np/images/a/a2/Pop-Up_Toaster_%28White%29_NH_Icon.png
furniture,c490d7365dd1616f,https://dodo.ac/np/images/a/a5/Cotton-Candy_Stall_%28Pink%29_NH_Icon.png
furniture,c4fef33324496444,https://dodo.ac/np/images/b/b2/Small_Covered_Round_Table_%28White_-_Plain_White%29_NH_Icon.png
furniture,c50ac7bec5ec5af9,https://dodo.ac/np/images/0/06/Frog_Model_NH_Icon.png
furniture,c54b25ec49400976,https://dodo.ac/np/images/5/5f/Upright_Piano_%28Black%29_NH_Icon.png
furniture,c5b1cbfff9103d0d,https://dodo.ac/np/images/5/56/Giant_Stag_Model_NH_Icon.png
furniture,c5b3f85c0b94a1da,https://dodo.ac/np/images/1/18/Fancy_Violin_%28Natural%29_NH_Icon.png
furniture,c5e6623fb5aeb5c1,https://dodo.ac/np/images/0/0e/Elegant_Console_Table_%28Gold_-_None%29_NH_Icon.png
furniture,c611cf77de83eb9c,https://dodo.ac/np/images/8/8b/Diner_Neon_Clock_%28Red_-_Red_Lines%29_NH_Icon.png
furniture,c645d0580971db16,https://dodo.ac/np/images/a/a0/First-Aid_Kit_%28Natural%29_NH_Icon.png
furniture,c648c148571b4bd9,https://dodo.ac/np/images/4/4e/Famicom_NH_Icon.png
furniture,c6997b48cfeeec82,https://dodo.ac/np/images/2/29/King_Salmon_Model_NH_Icon.png
furniture,c6a7cae2d56d01b8,https://dodo.ac/np/images/1/17/Sideways_Pirate_Barrel_NH_Icon.png
furniture,c6c3aa2b4b47e2d3,https://dodo.ac/np/images/3/37/Intercom_Monitor_NH_Icon.png
furniture,c6e2a0cc50ba9835,https://dodo.ac/np/images/1/1b/Thumbprint_Jam_Cookies_NH_Icon.png
furniture,c6fe358fa8762e25,https://dodo.ac/np/images/7/7b/Bubble_Machine_%28Black%29_NH_Icon.png
furniture,c702d105a27d61f9,https://dodo.ac/np/images/a/ac/Pirate-Ship_Cannon_NH_Icon.png
furniture,c71aa8fab4ab2763,https://dodo.ac/np/images/e/e8/Coffee_Beans_%28Original_Blend%29_NH_Icon.png
furniture,c72542b566c1e89a,https://dodo.ac/np/images/f/fa/Bunny_Day_Glowy_Garland_NH_Icon.png
furniture,c750f1d2a471e8a8,https://dodo.ac/np/images/7/7d/Wedding_Decoration_%28Cute%29_NH_Icon.png
furniture,c756937300ad5b25,https://dodo.ac/np/images/b/b5/Frozen_Chair_%28Ice%29_NH_Icon.png
furniture,c77fc00ba2bba3ea,https://dodo.ac/np/images/3/3e/Amp_%28Black%29_NH_Icon.png
furniture,c792abfdc2d41185,https://dodo.ac/np/images/c/ce/Samurai_Suit_%28Black%29_NH_Icon.png
furniture,c7d786641478d6e1,https://dodo.ac/np/images/b/b8/Organic_Bread_NH_Icon.png
furniture,c7d95db53b4d416e,https://dodo.ac/np/images/9/96/Garden_Table_%28White%29_NH_Icon.png
furniture,c7dd01460bef79e6,https://dodo.ac/np/images/9/93/Fruit_Pizza_NH_Icon.png
furniture,c809ae10c5516dca,https://dodo.ac/np/images/5/5b/Kiddie_House_%28Pop%29_NH_Icon.png
furniture,c818d393cad27325,https://dodo.ac/np/images/a/af/Tomato_Puree_NH_Icon.png
furniture,c850da50ee2305b3,https://dodo.ac/np/images/3/33/Log_Bench_%28Dark_Wood%29_NH_Icon.png
furniture,c8722e51e101a9e9,https://dodo.ac/np/images/8/88/Frozen_Arch_%28Ice%29_NH_Icon.png
furniture,c8ba710fc16b2cde,https://dodo.ac/np/images/8/8a/Baby_Chair_%28Red_-_Bear%29_NH_Icon.png
furniture,c8c637bc3166d4a0,https://dodo.ac/np/images/7/76/Simple_Wall_Shelf_%28Natural%29_NH_Icon.png
furniture,c9021057095ed60a,https://dodo.ac/np/images/6/65/Beautiful_Statue_%28Fake%29_NH_Icon.png
furniture,c903078aad346ab7,https://dodo.ac/np/images/8/89/Round_Streetlight_%28Black%29_NH_Icon.png
furniture,c930279e4cffa2cf,https://dodo.ac/np/images/5/5c/SLR_Camera_%28Black%29_NH_Icon.png
furniture,c94d0d9df9d3190a,https://dodo.ac/np/images/9/91/Retro_Ice-Cream_Case_%28Sun%29_NH_Icon.png
furniture,c97d09056050e9b1,https://dodo.ac/np/images/a/a9/Horseshoe_Door_Decoration_NH_Icon.png
furniture,c9850ccec70f9ad2,https://dodo.ac/np/images/3/3b/Grand_Giraffe_Stag_Model_NH_Icon.png
furniture,c9b53148e3af8696,https://dodo.ac/np/images/0/07/Fancy_Tea_Set_%28Blue%29_NH_Icon.png
furniture,ca61314b56f1f4f4,https://dodo.ac/np/images/0/0d/Goldfish_Model_NH_Icon.png
furniture,ca824379f553cc56,https://dodo.ac/np/images/0/0a/Tree%27s_Bounty_Mobile_%28Brown%29_NH_Icon.png
furniture,cac51a91910d1b97,https://dodo.ac/np/images/d/d5/Stacked_Bottle_Crates_%28Yellow_-_None%29_NH_Icon.png
furniture,cad08993a6f91887,https://dodo.ac/np/images/a/ae/Mermaid_Vanity_NH_Icon.png
furniture,caf4150aad40b49c,https://dodo.ac/np/images/d/d3/Dynamic_Painting_NH_Icon.png
furniture,cb0bd609f2379c4f,https://dodo.ac/np/images/9/97/Mop_%28Blue%29_NH_Icon.png
furniture,cb177a8231f8696e,https://dodo.ac/np/images/4/44/Ribbon_Eel_Model_NH_Icon.png
furniture,cb6e54807daaecfe,https://dodo.ac/np/images/b/bc/Wall-Mounted_LED_Display_%28%E2%98%85%29_NH_Icon.png
furniture,cb7b09111fa8719f,https://dodo.ac/np/images/8/8f/Tulip_Wreath_NH_Icon.png
furniture,cbc56e2fade9acdc,https://dodo.ac/np/images/9/98/Gear_Apparatus_%28Silver%29_NH_Icon.png
furniture,cbc8fbdb4a00b8b5,https://dodo.ac/np/images/0/03/Ancient_Statue_NH_Icon.png
furniture,cbf170ca2c118481,https://dodo.ac/np/images/a/a1/DIY_Workbench_%28Natural%29_NH_Icon.png
furniture,cc07e087700e2f32,https://dodo.ac/np/images/2/2c/Mantis-Head_Model_NH_Icon.png
furniture,cc33ce46b09d5b77,https://dodo.ac/np/images/f/f8/Arowana_Model_NH_Icon.png
furniture,cc5517f687f28d88,https://dodo.ac/np/images/7/7b/Lab-Experiments_Set_NH_Icon.png
furniture,cc6053f9eb63fc54,https://dodo.ac/np/images/2/26/Pond_Smelt_Model_NH_Icon.png
furniture,cc8d7caccfe79a21,https://dodo.ac/np/images/b/b5/Caprese_Sandwich_Set_NH_Icon.png
furniture,cca3bc9401873596,https://dodo.ac/np/images/3/3a/Iron_Garden_Table_%28Green%29_NH_Icon.png
furniture,ccafd730ef2703e5,https://dodo.ac/np/images/c/cd/Omurice_NH_Icon.png
furniture,ccc3bb972cba2501,https://dodo.ac/np/images/0/0f/Hanging_Monitor_%28Black_-_Presentation%29_NH_Icon.png
furniture,cce4014048fb69c8,https://dodo.ac/np/images/6/66/Splattershot_%28Yellow%29_NH_Icon.png
furniture,ccf79b88774b90b3,https://dodo.ac/np/images/5/54/Perfect_Painting_NH_Icon.png
furniture,cd146ea8b4d1c35f,https://dodo.ac/np/images/9/93/Crucian_Carp_Model_NH_Icon.png
furniture,cd1e52e5c84e43be,https://dodo.ac/np/images/6/62/Mobile_%28Hot_Air_Balloons%29_NH_Icon.png
furniture,cd2c631a15d07629,https://dodo.ac/np/images/a/a9/Agrias_Butterfly_Model_NH_Icon.png
furniture,cd3d8ab6f53cc73d,https://dodo.ac/np/images/5/52/Tractor_%28Red%29_NH_Icon.png
furniture,cd644dd48e1cbc19,https://dodo.ac/np/images/8/8a/Card_Tower_%28Blue%29_NH_Icon.png
furniture,cd6a1589e20633a0,https://dodo.ac/np/images/3/37/Fire_Pit_NH_Icon.png
furniture,cd6f4b1ac2c7e74d,https://dodo.ac/np/images/1/10/Glowing-Moss_Jar_%28Green%29_NH_Icon.png
furniture,cd7626b2bd4b2908,https://dodo.ac/np/images/d/d4/Tree%27s_Bounty_Lamp_%28Brown%29_NH_Icon.png
furniture,cd7926b149b3cd38,https://dodo.ac/np/images/1/1d/Wedding_Chair_%28Cute%29_NH_Icon.png
furniture,cd97149401c40290,https://dodo.ac/np/images/b/ba/Cinnamoroll_Stool_NH_Icon.png
furniture,cdc870685da1dec7,https://dodo.ac/np/images/1/14/Beach_Chairs_with_Parasol_%28White_-_Blue_%26_White%29_NH_Icon.png
furniture,cdd047881741beca,https://dodo.ac/np/images/1/1b/Fire_Hydrant_%28Red%29_NH_Icon.png
furniture,cdd858d45ef7c069,https://dodo.ac/np/images/4/48/Treadmill_%28Black%29_NH_Icon.png
furniture,ce14f41c241fde39,https://dodo.ac/np/images/0/0e/Jack%27s_Portrait_NH_Icon.png
furniture,ce1c54c3acffb70c,https://dodo.ac/np/images/2/28/Framed_Poster_%28Brown_-_Flowers%29_NH_Icon.png
furniture,ce2cd265279bc0bb,https://dodo.ac/np/images/3/33/Curved_Streetlight_%28Black%29_NH_Icon.png
furniture,ce6023693ec8c057,https://dodo.ac/np/images/1/1f/Cartoonist%27s_Set_%28Black_-_Blank%29_NH_Icon.png
furniture,cea262f2935fed2b,https://dodo.ac/np/images/5/51/Cake_Sal%C3%A9_NH_Icon.png
furniture,cec30b2fd74c58f9,https://dodo.ac/np/images/1/1a/Champion%27s_Pennant_%28Red%29_NH_Icon.png
furniture,cedf288e1a6a53c4,https://dodo.ac/np/images/7/7f/Mr._Flamingo_%28Natural%29_NH_Icon.png
furniture,cef27266ac82170e,https://dodo.ac/np/images/d/de/Ladybug_Model_NH_Icon.png
furniture,cf007d8a6cae961a,https://dodo.ac/np/images/e/e1/Super_NES_%28NTSC_Version%29_NH_Icon.png
furniture,cf2b9e22aba4cda9,https://dodo.ac/np/images/6/6c/Magnetic_Knife_Rack_%28Stainless_Steel%29_NH_Icon.png
furniture,cfe7c51427ad436b,https://dodo.ac/np/images/a/a9/Mixed-Fruits_Pie_NH_Icon.png
furniture,cff3f96d807b7da3,https://dodo.ac/np/images/8/85/Suckerfish_Model_NH_Icon.png
furniture,d00d8e0d2984aba9,https://dodo.ac/np/images/f/f0/Outdoor_Generator_%28Red%29_NH_Icon.png
furniture,d07bebf66e11a486,https://dodo.ac/np/images/2/29/Amazing_Machine_%28Silver%29_NH_Icon.png
furniture,d0a197acc8a3a05b,https://dodo.ac/np/images/d/d9/Saddled_Bichir_Model_NH_Icon.png
furniture,d0e00a0af6b2939e,https://dodo.ac/np/images/4/48/Bamboo_Sphere_%28Green_Bamboo%29_NH_Icon.png
furniture,d10c20ba0ead7f81,https://dodo.ac/np/images/5/54/Freezer_%28White%29_NH_Icon.png
furniture,d117257dedd918d0,https://dodo.ac/np/images/c/cd/Moroccan_Lights_%28Silver%29_NH_Icon.png
furniture,d1336870c58426a7,https://dodo.ac/np/images/1/19/Pompompurin_Rack_NH_Icon.png
furniture,d13e767e26f6d544,https://dodo.ac/np/images/5/5f/Gnocchi_di_Zucca_NH_Icon.png
furniture,d18879653e56c313,https://dodo.ac/np/images/b/b2/Flower_Display_Case_%28Silver%29_NH_Icon.png
furniture,d19c3a73251a76ff,https://dodo.ac/np/images/4/43/Aluminum_Briefcase_%28Stacks_of_Cash%29_NH_Icon.png
furniture,d1c420b482244bf9,https://dodo.ac/np/images/6/65/Whale_Shark_Model_NH_Icon.png
furniture,d1d483cbfb37c962,https://dodo.ac/np/images/c/ce/Studio_Spotlight_%28White%29_NH_Icon.png
furniture,d1e439679edea506,https://dodo.ac/np/images/d/de/Elegant_Dresser_%28Gold_-_None%29_NH_Icon.png
furniture,d1fe98a98e7ba3c5,https://dodo.ac/np/images/c/c5/Nutcracker_%28Red%29_NH_Icon.png
furniture,d21073e0f8c5601c,https://dodo.ac/np/images/1/18/Frozen_Sculpture_%28Ice%29_NH_Icon.png
furniture,d21b74c58bd18aa5,https://dodo.ac/np/images/5/51/Windflower_Fan_%28Red%29_NH_Icon.png
furniture,d2338152b73efc04,https://dodo.ac/np/images/2/23/Park_Fountain_NH_Icon.png
furniture,d275c3832fa41749,https://dodo.ac/np/images/4/44/Project_Table_%28Natural_Wood%29_NH_Icon.png
furniture,d280cdb7fa68b14c,https://dodo.ac/np/images/c/cd/Orange_Wall-Mounted_Clock_%28Orange%29_NH_Icon.png
furniture,d2aa25cb666fe026,https://dodo.ac/np/images/e/e8/Clown_Fish_Model_NH_Icon.png
furniture,d31c659e5e0aa016,https://dodo.ac/np/images/a/a3/Video_Camera_%28Black%29_NH_Icon.png
furniture,d37960d0ef513d57,https://dodo.ac/np/images/5/53/Gnocchi_di_Patate_NH_Icon.png
furniture,d37d0a00e4e0988a,https://dodo.ac/np/images/9/94/Meeting-Room_Table_%28White%29_NH_Icon.png
furniture,d3b461b7fa0c36be,https://dodo.ac/np/images/4/41/Gar_Model_NH_Icon.png
furniture,d40d8d367ab77df6,https://dodo.ac/np/images/7/70/Dorado_Model_NH_Icon.png
furniture,d44bcab01e66e51e,https://dodo.ac/np/images/4/42/Acoustic_Guitar_%28Natural%29_NH_Icon.png
furniture,d471deff2d15ecde,https://dodo.ac/np/images/3/3b/Anchovy_Model_NH_Icon.png
furniture,d4906190f1b58f7a,https://dodo.ac/np/images/d/dd/Raccoon_Figurine_NH_Icon.png
furniture,d4a527a40f3e16bd,https://dodo.ac/np/images/2/29/Glowing_Painting_NH_Icon.png
furniture,d4abe8e34141cd8d,https://dodo.ac/np/images/6/69/Sword_%28Black%29_NH_Icon.png
furniture,d4ac4ce1285caff0,https://dodo.ac/np/images/d/d4/Mermaid_Dresser_NH_Icon.png
furniture,d4cacd098c0b38a6,https://dodo.ac/np/images/e/e4/Deer_Decoration_%28Natural%29_NH_Icon.png
furniture,d4ce07335d668fc7,https://dodo.ac/np/images/d/d1/Hammerhead_Shark_Model_NH_Icon.png
furniture,d516001f1e653a11,https://dodo.ac/np/images/3/3f/Motherly_Statue_%28Fake%29_NH_Icon.png
furniture,d5254b2403989cb0,https://dodo.ac/np/images/7/77/Poolside_Bed_%28Light_Brown_-_White%29_NH_Icon.png
furniture,d5295944033fb965,https://dodo.ac/np/images/6/65/Maple-Leaf_Pond_Stone_NH_Icon.png
furniture,d55e4ad51704066e,https://dodo.ac/np/images/1/1d/Trophy_Case_NH_Icon.png
furniture,d5714641f4aedc29,https://dodo.ac/np/images/8/83/Antique_Wardrobe_%28Brown%29_NH_Icon.png
furniture,d584d11a24358fa7,https://dodo.ac/np/images/c/ce/Vehicle_Cabin_Seat_%28Blue_-_None%29_NH_Icon.png
furniture,d6451d5aff05f75d,https://dodo.ac/np/images/f/f0/Shopping_Cart_%28Blue%29_NH_Icon.png
furniture,d651064d3d1a7761,https://dodo.ac/np/images/2/25/Red-Leaf_Pile_NH_Icon.png
furniture,d66b12a1368cff00,https://dodo.ac/np/images/6/61/Retro_TV_%28Dark_Brown%29_NH_Icon.png
furniture,d6b071b32745a899,https://dodo.ac/np/images/7/7b/Tourist_Telescope_%28Green%29_NH_Icon.png
furniture,d73d380e21caa5dc,https://dodo.ac/np/images/c/c0/Marble_Vanity_%28White%29_NH_Icon.png
furniture,d742d933b0961b90,https://dodo.ac/np/images/a/aa/Long_Folding_Table_%28Natural_Wood%29_NH_Icon.png
furniture,d753bc94495fafe6,https://dodo.ac/np/images/1/18/Mini_DIY_Workbench_%28Natural%29_NH_Icon.png
furniture,d799bc06e7abeebf,https://dodo.ac/np/images/8/89/Mom%27s_Embroidery_%28Flowers%29_NH_Icon.png
furniture,d81bca5032f7d8a6,https://dodo.ac/np/images/a/ac/Lunar_Lander_NH_Icon.png
furniture,d844e699d60cb36a,https://dodo.ac/np/images/a/ad/Fruit_Salad_NH_Icon.png
furniture,d860ef81410d8eb3,https://dodo.ac/np/images/6/65/Dress-Up_Doll_%28Medium-Length_Gold_-_Simple%29_NH_Icon.png
furniture,d87533583be04027,https://dodo.ac/np/images/5/5d/Scary_Painting_NH_Icon.png
furniture,d8773750ab6d3ae3,https://dodo.ac/np/images/3/3c/Green-Leaf_Pile_NH_Icon.png
furniture,d8a0fc370a3f9bf3,https://dodo.ac/np/images/2/21/Plaza_Clock_%28Vivid%29_NH_Icon.png
furniture,d8a5672830771143,https://dodo.ac/np/images/f/f8/Colorful_Wheel_%28Colorful_Numbers%29_NH_Icon.png
furniture,d8be1b6baccb2a7c,https://dodo.ac/np/images/6/6e/Pondskater_Model_NH_Icon.png
furniture,d9454966e202413e,https://dodo.ac/np/images/5/59/Scenic_Painting_%28Fake%29_NH_Icon.png
furniture,d96744a0377b463a,https://dodo.ac/np/images/8/8f/Lunar_New_Year_Decoration_NH_Icon.png
furniture,d96d1c43edd83cc8,https://dodo.ac/np/images/9/90/Bamboo_Candleholder_%28Green_Bamboo%29_NH_Icon.png
furniture,d9de6abeebaca03f,https://dodo.ac/np/images/c/c9/Silo_%28Red_%26_Brown%29_NH_Icon.png
furniture,d9dfb5081b208552,https://dodo.ac/np/images/4/4a/Piano_Bench_%28Black%29_NH_Icon.png
furniture,d9f765195e2de9ff,https://dodo.ac/np/images/5/5e/Nordic_Pendant_Light_%28Green%29_NH_Icon.png
furniture,da01affc360fcbcc,https://dodo.ac/np/images/4/46/Nova_Light_%28Yellow%29_NH_Icon.png
furniture,da165138a28b4fc3,https://dodo.ac/np/images/8/8d/Kiki_%26_Lala_Clock_NH_Icon.png
furniture,da6e434220ed76ee,https://dodo.ac/np/images/9/9e/Digital_Scale_%28White_-_White%29_NH_Icon.png
furniture,da7367dd4a8a4265,https://dodo.ac/np/images/b/bb/Plaza_Balloon_Wagon_%28Vivid%29_NH_Icon.png
furniture,da8a30762e804544,https://dodo.ac/np/images/8/80/Squid_Model_NH_Icon.png
furniture,da92b88aaaa2eb61,https://dodo.ac/np/images/9/97/Nook_Inc._Yoga_Mat_NH_Icon.png
furniture,daacedfdd54ffa56,https://dodo.ac/np/images/7/75/Floor_Monitor_NH_Icon.png
furniture,dab5f21310d5438b,https://dodo.ac/np/images/c/c2/Throne_%28Gold_-_Red%29_NH_Icon.png
furniture,dab91ffdc3154e5e,https://dodo.ac/np/images/d/d0/Moai_Statue_NH_Icon.png
furniture,dabc7c36811f227c,https://dodo.ac/np/images/8/87/Potted_Ivy_%28Light_Green%29_NH_Icon.png
furniture,dad6f65780abab5a,https://dodo.ac/np/images/e/e4/Brown-Sugar_Pound_Cake_NH_Icon.png
furniture,db0799f70f1f5c5e,https://dodo.ac/np/images/f/f6/Drone_Beetle_Model_NH_Icon.png
furniture,db39b50cca6563ad,https://dodo.ac/np/images/b/b4/Seafood_Pizza_NH_Icon.png
furniture,db6feeaaedec0ef1,https://dodo.ac/np/images/9/9a/Bunny_Day_Table_NH_Icon.png
furniture,db7ea7d378e46269,https://dodo.ac/np/images/9/9c/Pumpkin_Soup_NH_Icon.png
furniture,dbf9b6b2a2d707c1,https://dodo.ac/np/images/c/ca/Golden_Toilet_NH_Icon.png
furniture,dbfbd1250653345b,https://dodo.ac/np/images/1/1f/Peach_Surprise_Box_%28White_Peach%29_NH_Icon.png
furniture,dc0b8e80e6d3bf4c,https://dodo.ac/np/images/1/10/Bread_Gratin_NH_Icon.png
furniture,dc235b1a24edb5ab,https://dodo.ac/np/images/9/92/Nuptial_Bell_%28White%29_NH_Icon.png
furniture,dc3c22607e20fd70,https://dodo.ac/np/images/e/e3/Ship-Wheel_Door_Decoration_NH_Icon.png
furniture,dc414988855efbc1,https://dodo.ac/np/images/5/5c/Water_Pump_%28Green%29_NH_Icon.png
furniture,dc74f28c68bd32e5,https://dodo.ac/np/images/9/9e/Peacock_Chair_%28Light_Brown_%26_Red%29_NH_Icon.png
furniture,dcc471011c830ce9,https://dodo.ac/np/images/6/61/Butter_Churn_%28Dark_Wood%29_NH_Icon.png
furniture,dcc4a01e958eabb8,https://dodo.ac/np/images/0/05/Fancy_Frame_%28Gold_-_Still_Life%29_NH_Icon.png
furniture,dcccb2ac2da11972,https://dodo.ac/np/images/f/f7/Snack_Bread_NH_Icon.png
furniture,dcf0ddfa521ee509,https://dodo.ac/np/images/1/17/Floating_Block_NH_Icon.png
furniture,dcf8cde1c5f475eb,https://dodo.ac/np/images/d/d7/Tin_Bucket_NH_Icon.png
furniture,dd2315578f5230c9,https://dodo.ac/np/images/d/de/Luna%27s_Bed_NH_Icon.png
furniture,dd35c439ddffa73c,https://dodo.ac/np/images/0/00/Emperor_Butterfly_Model_NH_Icon.png
furniture,dd9d0320f836a094,https://dodo.ac/np/images/1/1d/Pompompurin_Chair_NH_Icon.png
furniture,dddefdc7e501411b,https://dodo.ac/np/images/c/cb/Iron_Frame_%28Red%29_NH_Icon.png
furniture,dde4d2a95308c6ca,https://dodo.ac/np/images/6/67/Retro_Transportation_Stop_%28Gray_-_Blue%29_NH_Icon.png
furniture,ddf480ba6566a292,https://dodo.ac/np/images/8/89/Golden_Vase_NH_Icon.png
furniture,ddf88f0153426d04,https://dodo.ac/np/images/d/d0/Rolling_Cart_%28Blue_-_Plain%29_NH_Icon.png
furniture,de40d9f1ad0b4d3b,https://dodo.ac/np/images/0/0b/Grand_Atlas_Moth_Model_NH_Icon.png
furniture,de73835a801177aa,https://dodo.ac/np/images/6/62/Festive_Top_Set_NH_Icon.png
furniture,dea44de872526b9f,https://dodo.ac/np/images/b/b0/Metronome_%28Red%29_NH_Icon.png
furniture,dee3bc2b8ff4b22b,https://dodo.ac/np/images/b/ba/Orange_Marmalade_NH_Icon.png
furniture,df0f244b00ac621a,https://dodo.ac/np/images/0/0c/Lighthouse_%28Red%29_NH_Icon.png
furniture,df1b0f076f02c7de,https://dodo.ac/np/images/e/ec/Stone_Tablet_%28Black%29_NH_Icon.png
furniture,df6c1b3ecaa19071,https://dodo.ac/np/images/0/09/Birdbath_%28Natural%29_NH_Icon.png
furniture,df7a4b513f386b09,https://dodo.ac/np/images/d/dd/Blood-Orange_Juice_NH_Icon.png
furniture,df8774a2dc5aa99a,https://dodo.ac/np/images/a/a3/2022_Celebratory_Arch_NH_Icon.png
furniture,df946b4fe4c8996a,https://dodo.ac/np/images/3/3d/Game-Show_Stand_%28Red_-_Correct_Answer_A%29_NH_Icon.png
furniture,e03b138f72485dea,https://dodo.ac/np/images/b/b3/Diving_Beetle_Model_NH_Icon.png
furniture,e0929263d6f88930,https://dodo.ac/np/images/d/d6/Fountain_%28Gray%29_NH_Icon.png
furniture,e0bf4fe1d8b9af3e,https://dodo.ac/np/images/c/cf/Book_%28Western_Literature%29_NH_Icon.png
furniture,e0d10387f1fae543,https://dodo.ac/np/images/3/3b/Grass_Standee_%28Spring%29_NH_Icon.png
furniture,e0f15d7298928a1e,https://dodo.ac/np/images/4/4c/Timpani_Drums_NH_Icon.png
furniture,e0f5c198102810a5,https://dodo.ac/np/images/1/1b/Nintendo_Switch_Lite_%28Turquoise%29_NH_Icon.png
furniture,e1241fa45961c0e5,https://dodo.ac/np/images/a/ad/Festive_Tree_%28Colorful%29_NH_Icon.png
furniture,e138a1b644c330da,https://dodo.ac/np/images/8/84/Fish_Container_%28Light_Blue_-_None%29_NH_Icon.png
furniture,e1784c9c410d2e1c,https://dodo.ac/np/images/1/16/Hourglass_%28Natural%29_NH_Icon.png
furniture,e1a4322b71fa8eab,https://dodo.ac/np/images/b/bb/Key_Tray_%28Light_Brown%29_NH_Icon.png
furniture,e1e2f7eadc493761,https://dodo.ac/np/images/9/91/Projection_Screen_%28Black%29_NH_Icon.png
furniture,e21af35a2676c898,https://dodo.ac/np/images/5/5a/Bamboo_Stool_%28Green_Bamboo%29_NH_Icon.png
furniture,e237f075656f1707,https://dodo.ac/np/images/7/70/Paradise_Planning_Mug_NH_Icon.png
furniture,e23801e743c5217a,https://dodo.ac/np/images/7/77/Pyramid_NH_Icon.png
furniture,e26b545fad373960,https://dodo.ac/np/images/5/57/Utility_Wagon_%28Black_-_Green%29_NH_Icon.png
furniture,e2800677b2da405e,https://dodo.ac/np/images/4/44/Sturdy_Paper_Bag_%28Plain_Craft_Paper%29_NH_Icon.png
furniture,e28ec5b6de573e79,https://dodo.ac/np/images/8/8e/Table_Setting_%28White_-_White%29_NH_Icon.png
furniture,e2a3c8728929f1f8,https://dodo.ac/np/images/5/57/Torii_%28Vermilion_-_Text%29_NH_Icon.png
furniture,e2a7b566906599eb,https://dodo.ac/np/images/d/dd/Sample_Case_%28Black%29_NH_Icon.png
furniture,e2c0fc448981e56d,https://dodo.ac/np/images/8/87/Famicom_Disk_System_NH_Icon.png
furniture,e31403b5175afe51,https://dodo.ac/np/images/9/9d/Folding_Floor_Lamp_%28Black%29_NH_Icon.png
furniture,e32feb7d7bd3f007,https://dodo.ac/np/images/0/0a/Berliner_NH_Icon.png
furniture,e3514feadd6f0529,https://dodo.ac/np/images/9/9d/Carrot_Cake_NH_Icon.png
furniture,e3567ff177ea71c8,https://dodo.ac/np/images/8/8e/Large_Covered_Round_Table_%28White_-_Plain_White%29_NH_Icon.png
furniture,e3920bb2236220d9,https://dodo.ac/np/images/0/04/Doghouse_%28Natural%29_NH_Icon.png
furniture,e44a6501fad7a31e,https://dodo.ac/np/images/a/a5/Natural_Garden_Table_%28Natural%29_NH_Icon.png
furniture,e468fd3e609eea6d,https://dodo.ac/np/images/f/fa/Elegant_Bed_%28Gold_-_Botanical%29_NH_Icon.png
furniture,e470f51706b093a2,https://dodo.ac/np/images/e/e3/Medium_Cardboard_Boxes_NH_Icon.png
furniture,e4a6c884aa6d50bc,https://dodo.ac/np/images/f/f5/Coconut_Juice_NH_Icon.png
furniture,e4eee44d4fd01277,https://dodo.ac/np/images/a/a5/Retro_Fan_%28Blue%29_NH_Icon.png
furniture,e52b17b6734558af,https://dodo.ac/np/images/b/be/Informative_Statue_%28Fake%29_NH_Icon.png
furniture,e5479bd7a20c2515,https://dodo.ac/np/images/e/ec/Barrel_NH_Icon.png
furniture,e54d107b4edb44f7,https://dodo.ac/np/images/f/fb/Bathtub_with_Yuzu_NH_Icon.png
furniture,e57a763ef9c89c50,https://dodo.ac/np/images/a/a1/Neon_Tetra_Model_NH_Icon.png
furniture,e5a5255a9b30ab3d,https://dodo.ac/np/images/6/6f/Rainbowfish_Model_NH_Icon.png
furniture,e5a5c65571a9bcf6,https://dodo.ac/np/images/0/06/Unknown_Machine_%28Silver%29_NH_Icon.png
furniture,e5b3c84dbfb00102,https://dodo.ac/np/images/7/72/Wasp_Model_NH_Icon.png
furniture,e5cf855c37f7f9c2,https://dodo.ac/np/images/b/b2/Imperial_Decorative_Shelves_%28Red%29_NH_Icon.png
furniture,e5d0df5a4e805800,https://dodo.ac/np/images/f/f3/Toilet-Cleaning_Set_%28Monotone%29_NH_Icon.png
furniture,e5dc910f4a20dafa,https://dodo.ac/np/images/4/45/Super_Star_NH_Icon.png
furniture,e5fe7908c60d559b,https://dodo.ac/np/images/1/1a/Chandelier_%28Gold%29_NH_Icon.png
furniture,e62759334062b904,https://dodo.ac/np/images/4/41/Diced-Salad_Sandwich_Set_NH_Icon.png
furniture,e6294885dbcb9c7e,https://dodo.ac/np/images/e/ec/Hanging_Clothing_Rack_%28Light_Wood%29_NH_Icon.png
furniture,e67585706e31ae38,https://dodo.ac/np/images/f/f3/Big_Festive_Tree_%28Colorful%29_NH_Icon.png
furniture,e6787554e92f21a4,https://dodo.ac/np/images/c/c0/Log_Extra-Long_Sofa_%28Dark_Wood_-_None%29_NH_Icon.png
furniture,e67d3173cb6e9be4,https://dodo.ac/np/images/5/5e/Napoleonfish_Model_NH_Icon.png
furniture,e6857f4edbb7b0aa,https://dodo.ac/np/images/8/89/Tissue_Box_%28Red%29_NH_Icon.png
furniture,e6ded10f8ce8509a,https://dodo.ac/np/images/1/11/Jarred_Bamboo_Shoots_NH_Icon.png
furniture,e6eedd974c61529f,https://dodo.ac/np/images/4/4e/Shell_%28Green%29_NH_Icon.png
furniture,e6fc366dec86d705,https://dodo.ac/np/images/e/e1/Iron_Wall_Rack_%28Black%29_NH_Icon.png
furniture,e70acb1197f6ee1f,https://dodo.ac/np/images/9/95/Street_Piano_%28Graffiti%29_NH_Icon.png
furniture,e73e56f2d3d7cb13,https://dodo.ac/np/images/e/e7/Mahi-Mahi_Model_NH_Icon.png
furniture,e77144c5acee0250,https://dodo.ac/np/images/0/07/Spooky_Trick_Lamp_%28Orange%29_NH_Icon.png
furniture,e78091a454a9cbcb,https://dodo.ac/np/images/6/6b/Board_Game_%28Simple_Path_Game%29_NH_Icon.png
furniture,e79fad6eb8721bff,https://dodo.ac/np/images/2/21/Rattan_Waste_Bin_%28Brown%29_NH_Icon.png
furniture,e7b385b428548336,https://dodo.ac/np/images/0/02/Golden_Urn_NH_Icon.png
furniture,e7cb9c27d695b2b6,https://dodo.ac/np/images/9/9a/Papa_Panda_NH_Icon.png
furniture,e7e127219ebd223b,https://dodo.ac/np/images/1/19/Bottled_Ship_%28Trading_Ship%29_NH_Icon.png
furniture,e7ee27e88c87f1d4,https://dodo.ac/np/images/d/df/Rotary_Phone_%28Black%29_NH_Icon.png
furniture,e82500edf1eb94a7,https://dodo.ac/np/images/7/72/Jarred_Mushrooms_NH_Icon.png
furniture,e95e37309fd7f66f,https://dodo.ac/np/images/1/1b/Fish-and-Chips_NH_Icon.png
furniture,e976fd72357f3062,https://dodo.ac/np/images/6/69/Outdoor_Folding_Table_%28Silver_-_Silver%29_NH_Icon.png
furniture,e9919839fa392827,https://dodo.ac/np/images/a/ad/Bunny_Day_Candy_NH_Icon.png
furniture,e9a676302256f48c,https://dodo.ac/np/images/f/f9/Paradise_Planning_Tissues_NH_Icon.png
furniture,e9ea52aa4dd4a667,https://dodo.ac/np/images/a/aa/Nearly_Busted_Radio_%28Black%29_NH_Icon.png
furniture,ea1351b12ad36a92,https://dodo.ac/np/images/7/74/Mini-Cactus_Set_NH_Icon.png
furniture,ea2256cf785ee1f4,https://dodo.ac/np/images/b/bf/Bunny_Day_Merry_Balloons_NH_Icon.png
furniture,ea4313dd7c0c4c72,https://dodo.ac/np/images/e/e5/Cute_Wardrobe_%28White%29_NH_Icon.png
furniture,ea94f99fd2a12b89,https://dodo.ac/np/images/6/67/Fire_Flower_NH_Icon.png
furniture,ea96d5ebbf32d843,https://dodo.ac/np/images/0/00/Hedge_Standee_%28Spring%29_NH_Icon.png
furniture,eabba4fef63cd831,https://dodo.ac/np/images/d/d8/Drying_Rack_%28Silver%29_NH_Icon.png
furniture,eac2d19b6e0e579c,https://dodo.ac/np/images/7/7d/IV_Drip_%28Silver%29_NH_Icon.png
furniture,eae4e80befe00ddd,https://dodo.ac/np/images/3/30/Floor_Lamp_%28Natural_-_White%29_NH_Icon.png
furniture,eaf3af3a77db33b7,https://dodo.ac/np/images/8/85/Bronze_Fish_Trophy_NH_Icon.png
furniture,eb062e603882cbba,https://dodo.ac/np/images/4/48/Basic_Painting_%28Fake%29_NH_Icon.png
furniture,eb3b56fba6d8e065,https://dodo.ac/np/images/2/21/Imperial_Bed_%28Red%29_NH_Icon.png
furniture,eb3c444823bff3b7,https://dodo.ac/np/images/5/56/Shell_Table_%28White%29_NH_Icon.png
furniture,eb7828af79bbeace,https://dodo.ac/np/images/7/7c/Golden_Samurai_Suit_NH_Icon.png
furniture,eb787fd3e647c604,https://dodo.ac/np/images/f/fc/Bonsai_Shelf_NH_Icon.png
furniture,eb90aa1c6d5be8f4,https://dodo.ac/np/images/6/6d/Mixed-Fruits_Sandwich_NH_Icon.png
furniture,ebe85a7f52f906fe,https://dodo.ac/np/images/1/1b/Tadpole_Model_NH_Icon.png
furniture,ec1efe21e58fc8b0,https://dodo.ac/np/images/3/3a/Potato_Curry_NH_Icon.png
furniture,ec5b303f2be68052,https://dodo.ac/np/images/f/f2/Bathroom_Stall_%28White_-_Nothing%29_NH_Icon.png
furniture,ecb6def93aeae60b,https://dodo.ac/np/images/2/28/Man-Faced_Stink_Bug_Model_NH_Icon.png
furniture,ecb827bccae57701,https://dodo.ac/np/images/2/21/Carp_Banner_NH_Icon.png
furniture,ecca41df2db7fc4a,https://dodo.ac/np/images/2/2d/Trash_Bags_%28Black%29_NH_Icon.png
furniture,ecfb2d9002a73575,https://dodo.ac/np/images/9/92/Humidifier_%28White%29_NH_Icon.png
furniture,ed096c73fa10ef60,https://dodo.ac/np/images/7/72/Simple_Kettle_%28Red%29_NH_Icon.png
furniture,ed35f234de28dad7,https://dodo.ac/np/images/b/bd/Hello_Kitty_Planter_NH_Icon.png
furniture,ed43fffaad0b8372,https://dodo.ac/np/images/8/8d/Fish_Plaque_NH_Icon.png
furniture,ed97db35b9fb03a7,https://dodo.ac/np/images/6/63/Plant_Partition_%28White%29_NH_Icon.png
furniture,eda54559e1e52bbe,https://dodo.ac/np/images/f/f5/Pad_Krapow_NH_Icon.png
furniture,edb3ec033e703fe7,https://dodo.ac/np/images/e/e9/Sauna_Heater_NH_Icon.png
furniture,edc31770c6bc08c6,https://dodo.ac/np/images/e/e1/Powder-Room_Booth_%28Standard%29_NH_Icon.png
furniture,edf07c68a2fc851b,https://dodo.ac/np/images/2/20/Baby_Panda_NH_Icon.png
furniture,ee23218e7b0fe131,https://dodo.ac/np/images/f/f2/Sewing_Project_%28Yellow%29_NH_Icon.png
furniture,ee27589e97dfe697,https://dodo.ac/np/images/9/99/Pike_Model_NH_Icon.png
furniture,ee325d41a97da51f,https://dodo.ac/np/images/8/88/Spiral_Chandelier_%28Silver%29_NH_Icon.png
furniture,ee4f4e5adacbbef0,https://dodo.ac/np/images/7/7e/Giant_Trevally_Model_NH_Icon.png
furniture,ee67bffb76bfa140,https://dodo.ac/np/images/3/30/Microwave_%28White%29_NH_Icon.png
furniture,ee82fde78a99ca1b,https://dodo.ac/np/images/7/7c/Rattan_Towel_Basket_%28Brown%29_NH_Icon.png
furniture,eeaacdc9140396c8,https://dodo.ac/np/images/7/73/Citrus_Long-Horned_B._Model_NH_Icon.png
furniture,eecda054d11f71fa,https://dodo.ac/np/images/a/a3/Refrigerator_%28White_-_None%29_NH_Icon.png
furniture,eed32468ec7e3384,https://dodo.ac/np/images/e/ef/Storefront_%28Brown_-_WANTED%29_NH_Icon.png
furniture,eed3b6fa8c9e3442,https://dodo.ac/np/images/f/f0/Cuckoo_Clock_%28Natural%29_NH_Icon.png
furniture,ef19174304e81b7d,https://dodo.ac/np/images/8/8f/Golden_Egg_NH_Icon.png
furniture,ef2375a2a6c7b37d,https://dodo.ac/np/images/6/6d/Lantern_%28Red%29_NH_Icon.png
furniture,ef50956d72b11a0c,https://dodo.ac/np/images/5/57/Toothbrush-and-Cup_Set_%28White_-_Plain%29_NH_Icon.png
furniture,ef56ed194b76c91e,https://dodo.ac/np/images/1/18/Imperial_Low_Table_%28Red%29_NH_Icon.png
furniture,ef7e9bc25e8933d6,https://dodo.ac/np/images/4/49/Dual_Hanging_Monitors_%28Black_-_Caf%C3%A9_Menu%29_NH_Icon.png
furniture,ef838cabf9ccce32,https://dodo.ac/np/images/4/44/Pergola_%28Ivy%29_NH_Icon.png
furniture,efae1c0493b4593f,https://dodo.ac/np/images/1/12/Nordic_Lowboard_%28Light_Wood_-_None%29_NH_Icon.png
furniture,efc1c59e489242df,https://dodo.ac/np/images/7/72/Giant_Teddy_Bear_%28Cream_-_None%29_NH_Icon.png
furniture,efd45d466178c737,https://dodo.ac/np/images/2/27/Sea_Bass_Model_NH_Icon.png
furniture,efe19e3ed1c3860a,https://dodo.ac/np/images/6/67/Simple_Small_Dresser_%28Natural_-_None%29_NH_Icon.png
furniture,effb2dece377fd43,https://dodo.ac/np/images/8/8a/Cool_Windflower_Wreath_NH_Icon.png
furniture,effc054595591a6d,https://dodo.ac/np/images/b/b4/Professional_Headphones_%28Black_-_None%29_NH_Icon.png
furniture,f0e04106fd0df9b0,https://dodo.ac/np/images/5/55/LEGO%C2%AE_DIY_Workbench_%28Colorful%29_NH_Icon.png
furniture,f10bf4dd6f0823fc,https://dodo.ac/np/images/3/39/Plain_Party-Lights_Arch_%28Dark_Wood%29_NH_Icon.png
furniture,f12e71de19277439,https://dodo.ac/np/images/1/13/Simple_Table_%28Natural_-_None%29_NH_Icon.png
furniture,f1af89b4cdcaefec,https://dodo.ac/np/images/f/f7/Serene_Painting_NH_Icon.png
furniture,f1da242a8217a9f7,https://dodo.ac/np/images/5/56/Grasshopper-Head_Model_NH_Icon.png
furniture,f1f5ec632dfdec58,https://dodo.ac/np/images/5/52/Mermaid_Bed_NH_Icon.png
furniture,f20f9f1c59989c49,https://dodo.ac/np/images/e/e3/Pampas_Grass_%28Light_Blue%29_NH_Icon.png
furniture,f21200673e18e4c6,https://dodo.ac/np/images/5/53/My_Melody_Dresser_NH_Icon.png
furniture,f21d066e20d4cc18,https://dodo.ac/np/images/e/e3/Plain_Wooden_Shop_Sign_%28Natural_-_Pet%29_NH_Icon.png
furniture,f2492cf1c554acb4,https://dodo.ac/np/images/a/a3/Mushroom_Pizza_NH_Icon.png
furniture,f283f156e54074d9,https://dodo.ac/np/images/6/6e/Paradise_Planning_Hammock_NH_Icon.png
furniture,f2906c4822c15bd1,https://dodo.ac/np/images/f/f6/Gratin_NH_Icon.png
furniture,f2de2c39dd21aaee,https://dodo.ac/np/images/a/a1/Traditional_Balancing_Toy_NH_Icon.png
furniture,f2e40b3341df1f58,https://dodo.ac/np/images/f/f5/Pet_Food_Bowl_%28Blue%29_NH_Icon.png
furniture,f2ebf4175696d4c7,https://dodo.ac/np/images/e/ee/Ruined_Arch_%28Ivory%29_NH_Icon.png
furniture,f3027fb4e3793d01,https://dodo.ac/np/images/f/f5/Alto_Saxophone_NH_Icon.png
furniture,f32f04d53e9e36f8,https://dodo.ac/np/images/4/4c/Ironwood_Cupboard_%28Birch%29_NH_Icon.png
furniture,f35a49e5b353514f,https://dodo.ac/np/images/f/f8/Study_Carrel_%28Light_Brown_-_None%29_NH_Icon.png
furniture,f35d568bdf55f0ec,https://dodo.ac/np/images/e/e2/Portable_Radio_%28White%29_NH_Icon.png
furniture,f365ebbcb717a031,https://dodo.ac/np/images/5/50/Stall_%28Natural_-_None%29_NH_Icon.png
furniture,f392c1f22e1764e0,https://dodo.ac/np/images/5/54/Cave_%28Brown%29_NH_Icon.png
furniture,f39fb8ec15234bc8,https://dodo.ac/np/images/e/ec/Carnations_NH_Icon.png
furniture,f3b37ae963408ff5,https://dodo.ac/np/images/2/2d/Bamboo_Lunch_Box_%28Green_Bamboo%29_NH_Icon.png
furniture,f3e0f5b15508d6fd,https://dodo.ac/np/images/2/2f/Mushroom_Wreath_NH_Icon.png
furniture,f4903fcc9fa5f1f1,https://dodo.ac/np/images/0/0d/Leo_Sculpture_NH_Icon.png
furniture,f4a1c6475445059e,https://dodo.ac/np/images/1/11/Toolbox_%28Red%29_NH_Icon.png
furniture,f4ac478cc1353753,https://dodo.ac/np/images/b/b6/Golden_Piggy_Bank_NH_Icon.png
furniture,f4b9e2eab0fe278c,https://dodo.ac/np/images/c/cf/Chic_Cosmos_Wreath_NH_Icon.png
furniture,f4bcc10193614d6e,https://dodo.ac/np/images/7/70/Glass_Pitcher_%28Water%29_NH_Icon.png
furniture,f4c634b7a07a40d5,https://dodo.ac/np/images/6/6e/Catfish_Model_NH_Icon.png
furniture,f4cbf053769e9688,https://dodo.ac/np/images/8/81/Cardboard_Chair_%28Plain%29_NH_Icon.png
furniture,f4ec6ac2a8b8aac6,https://dodo.ac/np/images/b/bc/Long_Locust_Model_NH_Icon.png
furniture,f503aaf8053a064c,https://dodo.ac/np/images/2/2f/Festivale_Garland_%28Green%29_NH_Icon.png
furniture,f51a9e5ecfea5357,https://dodo.ac/np/images/c/cc/Milk-Glass_Lamp_%28White%29_NH_Icon.png
furniture,f53621312fc91723,https://dodo.ac/np/images/d/d6/Cherry-Blossom_Branches_NH_Icon.png
furniture,f5413c58901cc707,https://dodo.ac/np/images/d/df/Bunny_Day_Stool_NH_Icon.png
furniture,f560ab3b0330888f,https://dodo.ac/np/images/6/63/Beach_Towel_%28Cyan_Zigzags%29_NH_Icon.png
furniture,f57085eef0a09e5e,https://dodo.ac/np/images/3/38/Sandwich_Plate_Meal_NH_Icon.png
furniture,f5802d7b8eefe9b6,https://dodo.ac/np/images/5/5c/New_Year%27s_Noodles_NH_Icon.png
furniture,f58f440a14f0a3aa,https://dodo.ac/np/images/c/c1/Glass_Holder_with_Candle_%28White%29_NH_Icon.png
furniture,f5da2373ad51797e,https://dodo.ac/np/images/3/37/Frozen-Treat_Set_%28Soda%29_NH_Icon.png
furniture,f604cd8ad032f342,https://dodo.ac/np/images/6/64/Mom%27s_Art_%28Still_Life%29_NH_Icon.png
furniture,f62bcb543b14a8c8,https://dodo.ac/np/images/9/91/Goal_Pole_NH_Icon.png
furniture,f631964e0c1ce573,https://dodo.ac/np/images/d/d0/Decorative_Plate_%28Brown_-_Flowers%29_NH_Icon.png
furniture,f6a47cf4d75a1c69,https://dodo.ac/np/images/4/41/Bamboo_Noodle_Slide_NH_Icon.png
furniture,f6ed9636b1c6cb58,https://dodo.ac/np/images/9/98/Shell_Fountain_%28White%29_NH_Icon.png
furniture,f6edd21470973213,https://dodo.ac/np/images/8/84/Ant_Farm_NH_Icon.png
furniture,f70f6f4dd448cf08,https://dodo.ac/np/images/6/65/Celebratory_Candles_%28Brown%29_NH_Icon.png
furniture,f71cc16585459baa,https://dodo.ac/np/images/4/4f/Imperial_Dining_Lantern_%28Gold%29_NH_Icon.png
furniture,f729a1a3a1f168f3,https://dodo.ac/np/images/8/87/Pear_Jelly_NH_Icon.png
furniture,f75e7483bb7ecf36,https://dodo.ac/np/images/d/d6/Large_Caf%C3%A9_Table_%28Natural%29_NH_Icon.png
furniture,f7663035bee52237,https://dodo.ac/np/images/d/d3/Box-Shaped_Seat_%28Natural_Wood%29_NH_Icon.png
furniture,f76da26bf4ef354d,https://dodo.ac/np/images/5/58/Nordic_Low_Table_%28Light_Wood_-_None%29_NH_Icon.png
furniture,f79c296e59e0d359,https://dodo.ac/np/images/a/a6/Garden_Bench_%28Black%29_NH_Icon.png
furniture,f7afcbc25d718356,https://dodo.ac/np/images/a/aa/Swinging_Bench_%28Light_Wood%29_NH_Icon.png
furniture,f7b988e6cb288153,https://dodo.ac/np/images/6/67/Compact_Kitchen_%28Light_Wood%29_NH_Icon.png
furniture,f7b9d46450110144,https://dodo.ac/np/images/1/1d/Diner_Mini_Table_%28Red%29_NH_Icon.png
furniture,f7d63c8854471bf3,https://dodo.ac/np/images/5/52/Spray_Can_%28None%29_NH_Icon.png
furniture,f7de3cc8abe8f068,https://dodo.ac/np/images/b/bb/Suspicious_Cauldron_%28Green%29_NH_Icon.png
furniture,f7f71371c3c68592,https://dodo.ac/np/images/9/98/Bunny_Day_Lamp_NH_Icon.png
furniture,f8216c143e04a29e,https://dodo.ac/np/images/c/cf/Familiar_Statue_NH_Icon.png
furniture,f834573cf9569184,https://dodo.ac/np/images/4/41/Plaza_Arch_%28Vivid%29_NH_Icon.png
furniture,f83fd50146e47e65,https://dodo.ac/np/images/a/a0/Chic_Windflower_Wreath_NH_Icon.png
furniture,f8697d6e45de6a02,https://dodo.ac/np/images/f/f7/Snack_%28Flavored_Chips_-_Green_%26_Red%29_NH_Icon.png
furniture,f87d9fa34167890e,https://dodo.ac/np/images/8/8b/Ironwood_Bed_%28Birch_-_Navy%29_NH_Icon.png
furniture,f89ebedeed0be6cd,https://dodo.ac/np/images/b/bf/Jewel_Beetle_Model_NH_Icon.png
furniture,f8a53d94931afee6,https://dodo.ac/np/images/b/b4/Tiger_Butterfly_Model_NH_Icon.png
furniture,f8cdddcca3bfd143,https://dodo.ac/np/images/9/96/Reese_%26_Cyrus_Photo_Plate_NH_Icon.png
furniture,f8d10b75afda7fc5,https://dodo.ac/np/images/2/28/Seaweed_Soup_NH_Icon.png
furniture,f8d9e845f07367af,https://dodo.ac/np/images/e/ee/Moon_Cakes_NH_Icon.png
furniture,f90b40585b808d50,https://dodo.ac/np/images/a/a5/Shopping_Basket_%28Orange%29_NH_Icon.png
furniture,f91db3f3d8da604d,https://dodo.ac/np/images/e/e1/Osechi_%28Black%29_NH_Icon.png
furniture,f9995c41d0b6596c,https://dodo.ac/np/images/e/eb/Marble_Kitchen_Island_%28White%29_NH_Icon.png
furniture,f9a9ca498fdd3f6d,https://dodo.ac/np/images/e/ee/Iron_Shelf_%28Black%29_NH_Icon.png
furniture,f9dbcc28597fd586,https://dodo.ac/np/images/b/b9/Silver_HHA_Trophy_NH_Icon.png
furniture,fa012dbfbe3f56d0,https://dodo.ac/np/images/4/4d/Pear_Tart_NH_Icon.png
furniture,fa186030ad558100,https://dodo.ac/np/images/4/4d/Pear_Wardrobe_%28La_France%29_NH_Icon.png
furniture,fa32b3841541c040,https://dodo.ac/np/images/1/1f/Spaceship_Control_Panel_%28Blue_-_Topography_Data%29_NH_Icon.png
furniture,fa43c98a234ad1f1,https://dodo.ac/np/images/4/4f/Large_Mushroom_Platform_%28Red%29_NH_Icon.png
furniture,fa7634aa8d7b205d,https://dodo.ac/np/images/d/d5/Fancy_Mum_Wreath_NH_Icon.png
furniture,fa7daa89edfcd4a1,https://dodo.ac/np/images/f/fb/Fax_Machine_%28White_-_Document%29_NH_Icon.png
furniture,fa9b3cad5ef79792,https://dodo.ac/np/images/9/91/Mom%27s_Tissue_Box_%28Quilted_Pattern%29_NH_Icon.png
furniture,fab62ba5fbebbc78,https://dodo.ac/np/images/8/87/Turnip_Salad_NH_Icon.png
furniture,fabcc9047e8b54ab,https://dodo.ac/np/images/1/1a/Jolly_Painting_%28Fake%29_NH_Icon.png
furniture,fabdc6f055062a03,https://dodo.ac/np/images/d/dd/Kerokerokeroppi_Tray_NH_Icon.png
furniture,faf41c823e457120,https://dodo.ac/np/images/4/4f/Bluegill_Model_NH_Icon.png
furniture,faf7d25dee446a3c,https://dodo.ac/np/images/0/0d/Triangular_Topiary_%28Light_Green%29_NH_Icon.png
furniture,fb254f07c3cd2133,https://dodo.ac/np/images/c/c8/Vine_Garland_%28Green%29_NH_Icon.png
furniture,fb3cc910291c717d,https://dodo.ac/np/images/d/d0/Tankless_Toilet_%28White%29_NH_Icon.png
furniture,fb5c346ca4c7ffed,https://dodo.ac/np/images/5/5a/LEGO%C2%AE_Sofa_%28Colorful%29_NH_Icon.png
furniture,fb74936262438e8d,https://dodo.ac/np/images/b/bd/Outdoor_Folding_Chair_%28Silver_-_Green%29_NH_Icon.png
furniture,fb8fa7b157ab3190,https://dodo.ac/np/images/2/22/Red_Snapper_Model_NH_Icon.png
furniture,fbb59488ca567a0a,https://dodo.ac/np/images/d/d6/Nordic_Chair_%28Light_Wood_-_Little_Flowers%29_NH_Icon.png
furniture,fbdb207660d576dd,https://dodo.ac/np/images/b/ba/Medicine_Chest_%28Ivory%29_NH_Icon.png
furniture,fbf7e49e74f2c4d0,https://dodo.ac/np/images/4/44/Cute_Music_Player_%28White%29_NH_Icon.png
furniture,fc0bfa2478f505ab,https://dodo.ac/np/images/8/80/Silent_Princess_NH_Icon.png
furniture,fc11a646166308c6,https://dodo.ac/np/images/9/92/Deer_Scare_%28Green_Bamboo%29_NH_Icon.png
furniture,fc2bd403611f5bc9,https://dodo.ac/np/images/2/2d/Recycled-Can_Thumb_Piano_%28Unlabeled_Can%29_NH_Icon.png
furniture,fc39ac876bec4af1,https://dodo.ac/np/images/a/a3/Pretzels_NH_Icon.png
furniture,fc4217015996ebed,https://dodo.ac/np/images/a/a3/Tomato_Bagel_Sandwich_NH_Icon.png
furniture,fc4bef84af0760c4,https://dodo.ac/np/images/b/b2/Shell_Bed_%28White%29_NH_Icon.png
furniture,fca44c4637d08a91,https://dodo.ac/np/images/9/91/Store_Shelf_%28White_-_Pantry_Staples%29_NH_Icon.png
furniture,fcf26426d4dfcab2,https://dodo.ac/np/images/b/b1/Cement_Mixer_%28Yellow%29_NH_Icon.png
furniture,fd63a4ec6fb2683c,https://dodo.ac/np/images/4/4c/Stair_Dresser_%28Empress-Tree_Wood%29_NH_Icon.png
furniture,fd8acdfb44a39b8c,https://dodo.ac/np/images/4/4f/Cool_Chair_%28Silver_-_Black%29_NH_Icon.png
furniture,fd9403e8903991de,https://dodo.ac/np/images/a/a5/Ironwood_Clock_%28Birch%29_NH_Icon.png
furniture,fd9b27c5047fd0f1,https://dodo.ac/np/images/d/d8/Miyama_Stag_Model_NH_Icon.png
furniture,fdbfea256619e795,https://dodo.ac/np/images/b/b0/Gallant_Statue_NH_Icon.png
furniture,fdd9f83b4d666b5b,https://dodo.ac/np/images/b/bf/Turkey_Day_Garden_Stand_%28Fall_Harvest%29_NH_Icon.png
furniture,fde18b4938c7df0a,https://dodo.ac/np/images/0/05/Floor_Light_%28White%29_NH_Icon.png
furniture,fe087a0db7275507,https://dodo.ac/np/images/f/f7/Big_Man_Bench_NH_Icon.png
furniture,fe1fe531045e405e,https://dodo.ac/np/images/3/3a/Rupee_%28Green%29_NH_Icon.png
furniture,fe25c02cd83faa9a,https://dodo.ac/np/images/3/3f/Piranha_Model_NH_Icon.png
furniture,fe374376f6e9d98c,https://dodo.ac/np/images/3/36/Moss_Ball_NH_Icon.png
furniture,fe3cd3e86b06a672,https://dodo.ac/np/images/4/4e/Dreamy_Rabbit_Toy_%28Blue%29_NH_Icon.png
furniture,fe4a1de94fc6463e,https://dodo.ac/np/images/a/a1/Festivale_Drum_%28Green%29_NH_Icon.png
furniture,fe74d63cc9481272,https://dodo.ac/np/images/9/94/Killifish_Model_NH_Icon.png
furniture,fede5091dc35efde,https://dodo.ac/np/images/2/25/Tree%27s_Bounty_Little_Tree_%28Brown%29_NH_Icon.png
furniture,fede7c84c5863491,https://dodo.ac/np/images/4/40/Climbing_Wall_%28Natural%29_NH_Icon.png
furniture,feeae0d111e136e7,https://dodo.ac/np/images/2/28/Fortune-Cookie_Cart_NH_Icon.png
furniture,fef5a9dc2958abd0,https://dodo.ac/np/images/1/18/Stand_Mixer_%28Silver%29_NH_Icon.png
furniture,ff17cb4e0f955ca8,https://dodo.ac/np/images/2/2c/Baked_Potatoes_NH_Icon.png
furniture,ffa2b400e77cc4a7,https://dodo.ac/np/images/c/c4/Giant_Cicada_Model_NH_Icon.png
furniture,ffc9d6f842e2ec6d,https://dodo.ac/np/images/e/e8/Tatami_Bed_%28Dark_Brown%29_NH_Icon.png
furniture,ffde1525af271571,https://dodo.ac/np/images/0/04/Rose_Bed_%28Red%29_NH_Icon.png
furniture,fff9be12698efd6e,https://dodo.ac/np/images/8/8d/Antique_Cash_Register_%28Gold%29_NH_Icon.png
gyroids,04f5c320477b2c6d,https://dodo.ac/np/images/e/e1/Twangoid_%28Brown%29_NH_Icon.png
gyroids,122666afc546ec39,https://dodo.ac/np/images/5/52/Squeakoid_%28Yellow%29_NH_Icon.png
gyroids,1b45a00144288a99,https://dodo.ac/np/images/f/f1/Laseroid_%28Green%29_NH_Icon.png
gyroids,1cf288c3213882c3,https://dodo.ac/np/images/e/ed/Squeezoid_%28Beige%29_NH_Icon.png
gyroids,20d9e198f8973040,https://dodo.ac/np/images/6/65/Tremoloid_%28Blue%29_NH_Icon.png
gyroids,23c8c62d7ceb3d97,https://dodo.ac/np/images/4/44/Dootoid_%28Gray%29_NH_Icon.png
gyroids,2b4322387330b72e,https://dodo.ac/np/images/7/70/Spikenoid_%28Green%29_NH_Icon.png
gyroids,2ee28a6900b081c5,https://dodo.ac/np/images/a/a9/Stelloid_%28Green%29_NH_Icon.png
gyroids,33e2720db082f6c9,https://dodo.ac/np/images/8/86/Bendoid_%28Orange%29_NH_Icon.png
gyroids,36b7658a7d90ea49,https://dodo.ac/np/images/8/86/Boomoid_%28Brown%29_NH_Icon.png
gyroids,3af03733cc7274a7,https://dodo.ac/np/images/c/cd/Whirroid_%28Blue%29_NH_Icon.png
gyroids,5407d72e1f51e9ac,https://dodo.ac/np/images/e/ed/Thwopoid_%28Pink%29_NH_Icon.png
gyroids,5a27bff44d99cb44,https://dodo.ac/np/images/6/60/Boioingoid_%28Orange%29_NH_Icon.png
gyroids,61452bad89099646,https://dodo.ac/np/images/b/bf/Bloopoid_%28Blue%29_NH_Icon.png
gyroids,6bd3f181e44d1ad8,https://dodo.ac/np/images/7/78/Arfoid_%28Yellow%29_NH_Icon.png
gyroids,6ee39f8a43e09ffb,https://dodo.ac/np/images/5/5c/Crumploid_%28Yellow%29_NH_Icon.png
gyroids,7423b70eb66f535e,https://dodo.ac/np/images/9/9f/Babbloid_%28Blue%29_NH_Icon.png
gyroids,7ee3c89c89b15d8f,https://dodo.ac/np/images/8/83/Flutteroid_%28Orange%29_NH_Icon.png
gyroids,80a28a704c0f0469,https://dodo.ac/np/images/9/97/Aluminoid_%28Silver%29_NH_Icon.png
gyroids,84db86e7b290e708,https://dodo.ac/np/images/9/92/Rumbloid_%28Purple%29_NH_Icon.png
gyroids,8d34fa18b60c5807,https://dodo.ac/np/images/3/3b/Bubbloid_%28Brown%29_NH_Icon.png
gyroids,8f83400e157b1271,https://dodo.ac/np/images/9/95/Brewstoid_NH_Icon.png
gyroids,90e1078ed1719add,https://dodo.ac/np/images/d/dd/Bwongoid_%28Brown%29_NH_Icon.png
gyroids,939fa779a8888334,https://dodo.ac/np/images/8/88/Whistloid_%28Blue%29_NH_Icon.png
gyroids,a81ab9a4be5b0f6d,https://dodo.ac/np/images/c/c7/Oinkoid_%28Beige%29_NH_Icon.png
gyroids,aff032ad4cbb998e,https://dodo.ac/np/images/1/1c/Clatteroid_%28Pop%29_NH_Icon.png
gyroids,b341894812f7e122,https://dodo.ac/np/images/b/b0/Sproingoid_%28Camel%29_NH_Icon.png
gyroids,bd258dd6cff91718,https://dodo.ac/np/images/5/55/Jingloid_%28Purple%29_NH_Icon.png
gyroids,c13815a9a49a443d,https://dodo.ac/np/images/4/44/Drummoid_%28Blue%29_NH_Icon.png
gyroids,de95fbf8c0a921b1,https://dodo.ac/np/images/4/44/Xylophoid_%28Yellow%29_NH_Icon.png
gyroids,e1f9dada827a8238,https://dodo.ac/np/images/d/dd/Rattloid_%28Red%29_NH_Icon.png
gyroids,ec14cdf607b582a3,https://dodo.ac/np/images/c/cb/Scatteroid_%28Light_Brown%29_NH_Icon.png
gyroids,ee10f8c000d071b0,https://dodo.ac/np/images/3/3d/Petaloid_%28Green%29_NH_Icon.png
gyroids,f8824916fc3b6012,https://dodo.ac/np/images/a/af/Tockoid_%28Pop%29_NH_Icon.png
gyroids,fdd5c2e3bead7903,https://dodo.ac/np/images/f/fb/Wallopoid_%28Camel%29_NH_Icon.png
gyroids,ff26aafb6ba544b1,https://dodo.ac/np/images/9/99/Ringoid_%28Red%29_NH_Icon.png
interior,0064889d7c5a8b4b,https://dodo.ac/np/images/e/e6/Peach_Two-Toned_Tile_Wall_NH_Icon.png
interior,0082f0a565bdeccd,https://dodo.ac/np/images/d/d2/Graveyard_Wall_NH_Icon.png
interior,013680a2e29adac5,https://dodo.ac/np/images/b/bc/Earth_Rug_NH_Icon.png
interior,014cc4225481a089,https://dodo.ac/np/images/6/68/Honeycomb_Flooring_NH_Icon.png
interior,018cf7493b0f0682,https://dodo.ac/np/images/f/f8/Hello_Kitty_Wall_NH_Icon.png
interior,01974d6779bb452c,https://dodo.ac/np/images/c/c7/Rustic-Stone_Wall_NH_Icon.png
interior,023ae0009964c64c,https://dodo.ac/np/images/0/0c/Cherry-Blossom_Flooring_NH_Icon.png
interior,0314b36cfe951ffa,https://dodo.ac/np/images/6/6d/Starry-Sky_Wall_NH_Icon.png
interior,03effcb6cb359886,https://dodo.ac/np/images/c/c6/Red_Delicate-Blooms_Wall_NH_Icon.png
interior,040fb31728f9decc,https://dodo.ac/np/images/4/48/Starry_Wall_NH_Icon.png
interior,041539ea90f82261,https://dodo.ac/np/images/3/3e/Monochromatic-Tile_Wall_NH_Icon.png
interior,0493a133da387329,https://dodo.ac/np/images/e/eb/Bell-Bag_Rug_NH_Icon.png
interior,04c926bf6d93d821,https://dodo.ac/np/images/0/06/Turkey_Day_Rug_NH_Icon.png
interior,051394aadf63d9de,https://dodo.ac/np/images/5/58/Simple_Medium_Black_Mat_NH_Icon.png
interior,051d199d127aafe4,https://dodo.ac/np/images/a/a2/Iceberg_Flooring_NH_Icon.png
interior,05ccfe39e61fc012,https://dodo.ac/np/images/9/9b/White_European-Style_Wall_NH_Icon.png
interior,0635489652c2d6cc,https://dodo.ac/np/images/1/12/Straw_Wall_NH_Icon.png
interior,066a2e8df37ff2c1,https://dodo.ac/np/images/2/20/Dark-Chocolate_Wall_NH_Icon.png
interior,0772c99e7b373c73,https://dodo.ac/np/images/b/b0/Red-Brick_Wall_NH_Icon.png
interior,078edea7a510ec8b,https://dodo.ac/np/images/c/c2/Aqua_Tile_Wall_NH_Icon.png
interior,07c1f8795a124233,https://dodo.ac/np/images/b/ba/Rough_Rug_NH_Icon.png
interior,08162d6a9f2dd9d0,https://dodo.ac/np/images/f/f4/Mom%27s_Lively_Kitchen_Mat_NH_Icon.png
interior,097354d493c69fd9,https://dodo.ac/np/images/2/22/Construction-Site_Flooring_NH_Icon.png
interior,098dffb9eff56775,https://dodo.ac/np/images/2/27/Green_Exquisite_Rug_NH_Icon.png
interior,09afdc09c0f18d64,https://dodo.ac/np/images/c/c4/Simple_Blue_Flooring_NH_Icon.png
interior,0a37411c796eaac9,https://dodo.ac/np/images/8/84/Blue_Shaggy_Rug_NH_Icon.png
interior,0b10d669ec92ff40,https://dodo.ac/np/images/9/91/Starry-Skies_Rug_NH_Icon.png
interior,0b78e3a76a4caba7,https://dodo.ac/np/images/3/39/Yellow_Bamboo_Mat_NH_Icon.png
interior,0bc42b648477dbe4,https://dodo.ac/np/images/9/9a/Sci-Fi_Wall_NH_Icon.png
interior,0d82a1c296905590,https://dodo.ac/np/images/c/cf/Mortar_Wall_NH_Icon.png
interior,0db6814b6b72d5fc,https://dodo.ac/np/images/3/37/Red_Two-Toned_Tile_Wall_NH_Icon.png
interior,0dc3e9d23368e4e2,https://dodo.ac/np/images/d/dd/Green_Bamboo_Mat_NH_Icon.png
interior,0e2ad605c7d37eba,https://dodo.ac/np/images/4/4b/White-Chocolate_Wall_NH_Icon.png
interior,0e3626c1a95fabc5,https://dodo.ac/np/images/7/73/Orange_Camo_Flooring_NH_Icon.png
interior,0eb58296b7ba5da2,https://dodo.ac/np/images/3/39/Dark_Square_Tile_NH_Icon.png
interior,0f5cf5e37868da13,https://dodo.ac/np/images/3/32/Ice_Flooring_NH_Icon.png
interior,0fe7141b6bbb2a51,https://dodo.ac/np/images/7/71/Peach_Wall_NH_Icon.png
interior,100f1389055f2c73,https://dodo.ac/np/images/5/59/Light_Stones_Rug_NH_Icon.png
interior,10327c50704f8c54,https://dodo.ac/np/images/e/e5/Saharah%27s_Desert_NH_Icon.png
interior,10ad0122e4eac3d2,https://dodo.ac/np/images/a/a4/Pirate_Rug_NH_Icon.png
interior,111cbc34542faaf9,https://dodo.ac/np/images/d/d0/Ruins_Wall_NH_Icon.png
interior,112dfa607988e13b,https://dodo.ac/np/images/a/aa/Light_Bamboo_Bath_Mat_NH_Icon.png
interior,11b7ee677720826a,https://dodo.ac/np/images/b/b0/Butterflies_Wall_NH_Icon.png
interior,121971ca350f8689,https://dodo.ac/np/images/a/a8/Tree-Stump_Rug_NH_Icon.png
interior,128b6abf3242a602,https://dodo.ac/np/images/9/9b/Underwater_Flooring_NH_Icon.png
interior,12a5693f481ab428,https://dodo.ac/np/images/9/9b/Gray_Shanty_Wall_NH_Icon.png
interior,12da71ddd653a7e0,https://dodo.ac/np/images/d/d6/Red-and-Black_Vinyl_Flooring_NH_Icon.png
interior,1410939bdf2f17e3,https://dodo.ac/np/images/2/21/Purple_Puzzle_Flooring_NH_Icon.png
interior,142e0f851b29dc1d,https://dodo.ac/np/images/d/dc/Cute_Yellow_Wall_NH_Icon.png
interior,14857077ef226543,https://dodo.ac/np/images/9/93/Laboratory_Wall_NH_Icon.png
interior,15294c86259cbaf7,https://dodo.ac/np/images/6/6f/Apple_Rug_NH_Icon.png
interior,156e24519b0fe7fd,https://dodo.ac/np/images/8/83/White_Wooden-Deck_Rug_NH_Icon.png
interior,157511a47591bd3d,https://dodo.ac/np/images/9/9d/Dark_Parquet_Flooring_NH_Icon.png
interior,15beae0b71c7bdc2,https://dodo.ac/np/images/8/81/Chain-Link_Fence_NH_Icon.png
interior,15c470239858a35d,https://dodo.ac/np/images/a/a7/Kitschy_Tile_NH_Icon.png
interior,15f6e62440dccd2d,https://dodo.ac/np/images/9/98/Hopscotch_Flooring_NH_Icon.png
interior,16d023212dbe3995,https://dodo.ac/np/images/2/27/Bamboo-Grove_Wall_NH_Icon.png
interior,171e7148e5255e6f,https://dodo.ac/np/images/b/bf/Terra-Cotta_Flooring_NH_Icon.png
interior,173f83e646f72393,https://dodo.ac/np/images/5/5c/White_Rose_Rug_NH_Icon.png
interior,17aa161477aacff0,https://dodo.ac/np/images/6/65/Olive_Moroccan_Flooring_NH_Icon.png
interior,17f465dc739ee926,https://dodo.ac/np/images/4/4d/Flowing-River_Flooring_NH_Icon.png
interior,180110e6d5b16060,https://dodo.ac/np/images/1/1d/Blue_Delicate-Blooms_Wall_NH_Icon.png
interior,18473d1a0cd03cfe,https://dodo.ac/np/images/6/64/Wavy-Tile_Wall_NH_Icon.png
interior,190b2390f0a910b9,https://dodo.ac/np/images/d/d9/Oasis_Flooring_NH_Icon.png
interior,194af63fd28f258a,https://dodo.ac/np/images/7/74/Botanical_Rug_NH_Icon.png
interior,19f4d93752ac1e16,https://dodo.ac/np/images/b/b4/Sci-Fi_Flooring_NH_Icon.png
interior,1a01559c49f4a9c0,https://dodo.ac/np/images/1/16/Football_Rug_NH_Icon.png
interior,1a0f3ca33ef921cb,https://dodo.ac/np/images/9/96/Patient-Ward_Flooring_NH_Icon.png
interior,1abda6a9fdca015b,https://dodo.ac/np/images/7/7b/Ivory_Medium_Round_Mat_NH_Icon.png
interior,1b0bbde591560f28,https://dodo.ac/np/images/f/f7/Orange_Wall_NH_Icon.png
interior,1b1763cd61365fdd,https://dodo.ac/np/images/5/5b/Green_Wedding_Wall_NH_Icon.png
interior,1b17d514bbd75af4,https://dodo.ac/np/images/3/3b/Circuit-Board_Flooring_NH_Icon.png
interior,1b5cccd75ed48e2c,https://dodo.ac/np/images/0/0f/Sepia_Puzzle_Flooring_NH_Icon.png
interior,1bca5168883935d8,https://dodo.ac/np/images/7/76/Black_Hallway_Wall_NH_Icon.png
interior,1cb1a5fdc5f30926,https://dodo.ac/np/images/7/78/Cinnamoroll_Rug_NH_Icon.png
interior,1d367ab8ccd14c6e,https://dodo.ac/np/images/d/d2/Snowflake_Wall_NH_Icon.png
interior,1e2f7aece7b671b8,https://dodo.ac/np/images/4/41/Antique_Brick_Wall_NH_Icon.png
interior,1e5ff9418b717e19,https://dodo.ac/np/images/4/48/Brown_Shanty_Wall_NH_Icon.png
interior,1e7f60c9da3fa579,https://dodo.ac/np/images/0/03/Gray_Floor_Tiles_NH_Icon.png
interior,1e9e309411f2abf0,https://dodo.ac/np/images/1/1f/Summit_Wall_NH_Icon.png
interior,1ec2cd53b5c5e133,https://dodo.ac/np/images/5/50/Glowing-Moss_Flooring_NH_Icon.png
interior,1eca27cfcc72e1d2,https://dodo.ac/np/images/3/37/Green_Floral_Flooring_NH_Icon.png
interior,1ecd49a90e6086a5,https://dodo.ac/np/images/2/23/Tree-Lined_Wall_NH_Icon.png
interior,1f02116dc072062c,https://dodo.ac/np/images/9/99/Red_Art-Deco_Wall_NH_Icon.png
interior,1f227598463aa015,https://dodo.ac/np/images/4/45/Rope-Net_Flooring_NH_Icon.png
interior,1f734ca686fb0ec9,https://dodo.ac/np/images/3/31/Shell_Rug_NH_Icon.png
interior,203c10833ee1d434,https://dodo.ac/np/images/8/8e/Kerokerokeroppi_Rug_NH_Icon.png
interior,203d0b7a0586c7c8,https://dodo.ac/np/images/1/10/Rattan_Flooring_NH_Icon.png
interior,205fd0f95ded0c8e,https://dodo.ac/np/images/8/83/Racetrack_Flooring_NH_Icon.png
interior,209d10dca6362358,https://dodo.ac/np/images/4/4f/Pink_Painted-Wood_Wall_NH_Icon.png
interior,20d6fdf5ff553f53,https://dodo.ac/np/images/7/70/Green_Checked_Rug_NH_Icon.png
interior,215695af4743019a,https://dodo.ac/np/images/e/ef/Gray_Brick_Rug_NH_Icon.png
interior,21a42c69361fd6ef,https://dodo.ac/np/images/8/85/Garbage-Heap_Wall_NH_Icon.png
interior,21c5938d00852b67,https://dodo.ac/np/images/a/ac/White_Hallway_Wall_NH_Icon.png
interior,21c665700be7cfb0,https://dodo.ac/np/images/4/48/Green_Wedding_Flooring_NH_Icon.png
interior,21e7e4cddddd73c0,https://dodo.ac/np/images/b/ba/Colored-Leaves_Flooring_NH_Icon.png
interior,220e5fc2b204cbca,https://dodo.ac/np/images/a/a2/Blue_Persian_Rug_NH_Icon.png
interior,224663d8667f94e8,https://dodo.ac/np/images/c/c3/Green_Stripes_Rug_NH_Icon.png
interior,226b9a42aeabac46,https://dodo.ac/np/images/6/60/Blue_Hawaiian_Quilt_Rug_NH_Icon.png
interior,227a99fae3399ff2,https://dodo.ac/np/images/1/11/Black_European-Style_Wall_NH_Icon.png
interior,22a9d24ac2862002,https://dodo.ac/np/images/4/4c/Colorful_Tile_Flooring_NH_Icon.png
interior,23be0fc1e4584857,https://dodo.ac/np/images/e/e1/Dark_Bamboo_Bath_Mat_NH_Icon.png
interior,23bfdc79a9415580,https://dodo.ac/np/images/8/88/Daisy_Meadow_NH_Icon.png
interior,23c64a2f445fcf17,https://dodo.ac/np/images/8/88/Stately_Wall_NH_Icon.png
interior,24b8638d6f51ee51,https://dodo.ac/np/images/6/68/White_Simple-Cloth_Wall_NH_Icon.png
interior,251869dcc0162cea,https://dodo.ac/np/images/6/68/Strawberry-Chocolate_Wall_NH_Icon.png
interior,252068af71800fc7,https://dodo.ac/np/images/0/0a/Aluminum_Rug_NH_Icon.png
interior,2562900615bf15c8,https://dodo.ac/np/images/d/d7/Red-Design_Kitchen_Mat_NH_Icon.png
interior,25d610f2addb5a4c,https://dodo.ac/np/images/6/69/Broken_Stone-Path_Flooring_NH_Icon.png
interior,26014e3ecbab3b30,https://dodo.ac/np/images/d/d6/Floral_Mosaic-Tile_Flooring_NH_Icon.png
interior,26747b4d6b7667e7,https://dodo.ac/np/images/7/77/Light_Wood-Pattern_Flooring_NH_Icon.png
interior,26e2d3a2f606c639,https://dodo.ac/np/images/6/65/Manga-Library_Wall_NH_Icon.png
interior,26f5d2e423be9278,https://dodo.ac/np/images/f/f1/Stage_Rug_NH_Icon.png
interior,26ff2a1e8f129c15,https://dodo.ac/np/images/4/44/Lattice_Wall_NH_Icon.png
interior,272f11e3d8fb9424,https://dodo.ac/np/images/5/57/Purple-Rose_Wall_NH_Icon.png
interior,274d69cf4d2ed8c0,https://dodo.ac/np/images/7/74/Yellow_Kilim-Style_Carpet_NH_Icon.png
interior,2775aad9e7b8bf45,https://dodo.ac/np/images/e/ef/My_Melody_Flooring_NH_Icon.png
interior,2814199745987c89,https://dodo.ac/np/images/6/62/Standard_Tearoom_Wall_NH_Icon.png
interior,2856bde9d73029b3,https://dodo.ac/np/images/c/c5/Light_Bamboo_Rug_NH_Icon.png
interior,28d185737e79be26,https://dodo.ac/np/images/b/bf/Hello_Kitty_Flooring_NH_Icon.png
interior,29148b4ce67490e0,https://dodo.ac/np/images/2/2e/White_Square_Tile_NH_Icon.png
interior,29577b9009b2e5ea,https://dodo.ac/np/images/2/2b/Yellow_Rose_Rug_NH_Icon.png
interior,2a24973d356e3119,https://dodo.ac/np/images/0/05/Blue_Camo_Wall_NH_Icon.png
interior,2a90e95d77cd3ab7,https://dodo.ac/np/images/a/aa/Blue-Crown_Wall_NH_Icon.png
interior,2b3bd202f8c5f492,https://dodo.ac/np/images/6/61/Honeycomb_Wall_NH_Icon.png
interior,2bba40ac3fb5ba5f,https://dodo.ac/np/images/b/b8/Elegant_Blue_Rug_NH_Icon.png
interior,2bbe3ff5a8d00070,https://dodo.ac/np/images/3/39/Yellow_Vinyl_Sheet_NH_Icon.png
interior,2ec6fcf5c2d1dcba,https://dodo.ac/np/images/4/4d/Pink_Diner_Wall_NH_Icon.png
interior,2ec7dbb73f3aac0f,https://dodo.ac/np/images/9/96/Cityscape_Wall_NH_Icon.png
interior,2f403b353d98cd5d,https://dodo.ac/np/images/a/a7/Western_Desert_NH_Icon.png
interior,2fc1d5e6a9d72dba,https://dodo.ac/np/images/b/bb/Steampunk_Wall_NH_Icon.png
interior,3006d292a6a9c63f,https://dodo.ac/np/images/a/a3/Old_Stone-Tile_Flooring_NH_Icon.png
interior,30468ad72a10dcd3,https://dodo.ac/np/images/9/9e/Palace_Tile_NH_Icon.png
interior,305149a10bce10f2,https://dodo.ac/np/images/5/59/Kiki_%26_Lala_Rug_NH_Icon.png
interior,3104e1e7d9ff01de,https://dodo.ac/np/images/5/5f/Slate_Flooring_NH_Icon.png
interior,31c627a3d801fbba,https://dodo.ac/np/images/0/08/Peach_Stripes_Rug_NH_Icon.png
interior,31df03fc60039005,https://dodo.ac/np/images/3/32/Red_Kilim-Style_Carpet_NH_Icon.png
interior,31f648802b51b481,https://dodo.ac/np/images/d/db/Natural_Wooden-Deck_Rug_NH_Icon.png
interior,32654925233e544a,https://dodo.ac/np/images/f/f8/Dungeon_Wall_NH_Icon.png
interior,326c99433b04c9d0,https://dodo.ac/np/images/a/a3/Simple_Small_Brown_Mat_NH_Icon.png
interior,32e2d3238f2fd191,https://dodo.ac/np/images/8/88/Cabin_Wall_NH_Icon.png
interior,33924a70c47f3444,https://dodo.ac/np/images/b/bc/White_Honeycomb-Tile_Wall_NH_Icon.png
interior,33eb178f5591588e,https://dodo.ac/np/images/2/24/Robo-Flooring_NH_Icon.png
interior,341b25cc796a8c59,https://dodo.ac/np/images/e/e8/Train-Window_Wall_NH_Icon.png
interior,3488f0ea26704bd2,https://dodo.ac/np/images/5/5b/Orange_Retro_Flooring_NH_Icon.png
interior,351c9f558e3d5131,https://dodo.ac/np/images/f/fd/Wild-Wood_Wall_NH_Icon.png
interior,3579f50603efe1ff,https://dodo.ac/np/images/3/34/Monochromatic_Dotted_Wall_NH_Icon.png
interior,35ef6b36ed6ed801,https://dodo.ac/np/images/c/c5/Cute_Red-Tile_Flooring_NH_Icon.png
interior,3602f6a8a55e80b0,https://dodo.ac/np/images/5/5d/Boxing-Ring_Mat_NH_Icon.png
interior,3609c5e156fb9478,https://dodo.ac/np/images/8/83/Orange_Camo_Wall_NH_Icon.png
interior,3698c9a49c5518ff,https://dodo.ac/np/images/7/72/Pink_Shanty_Wall_NH_Icon.png
interior,36a8097a3fe952bb,https://dodo.ac/np/images/9/99/Operating-Room_Wall_NH_Icon.png
interior,3705f384264a5b99,https://dodo.ac/np/images/2/27/Ladybug_Rug_NH_Icon.png
interior,37eb751334ed0998,https://dodo.ac/np/images/8/8a/Operating-Room_Flooring_NH_Icon.png
interior,38b188dff4b91c85,https://dodo.ac/np/images/e/ef/Red_Intricate_Wall_NH_Icon.png
interior,395d9fd3f1ae5fff,https://dodo.ac/np/images/3/32/Black_Iron-Parquet_Flooring_NH_Icon.png
interior,396ad000c792630a,https://dodo.ac/np/images/2/2c/Mermaid_Flooring_NH_Icon.png
interior,39af060dafa2fecf,https://dodo.ac/np/images/1/15/Cute_Red_Wall_NH_Icon.png
interior,39d774e9231cab96,https://dodo.ac/np/images/a/a9/Greenhouse_Wall_NH_Icon.png
interior,3a314d4d58c6460c,https://dodo.ac/np/images/9/95/Pear_Rug_NH_Icon.png
interior,3ac8a1d4ccefd017,https://dodo.ac/np/images/0/0c/Cinnamoroll_Flooring_NH_Icon.png
interior,3b1cea764ec84385,https://dodo.ac/np/images/d/d4/Magic-Circle_Rug_NH_Icon.png
interior,3b31e51f1b6f206f,https://dodo.ac/np/images/8/85/Pirate_Flooring_NH_Icon.png
interior,3bc29f50e88e6774,https://dodo.ac/np/images/e/ea/Kerokerokeroppi_Flooring_NH_Icon.png
interior,3bc32c0ecabf7226,https://dodo.ac/np/images/5/53/Yellow_Intricate_Wall_NH_Icon.png
interior,3c1c22b451d44558,https://dodo.ac/np/images/a/ad/Pink_Playroom_Wall_NH_Icon.png
interior,3cb440c123fbea8e,https://dodo.ac/np/images/8/8a/Blackboard_Wall_NH_Icon.png
interior,3cc430ecec56d6eb,https://dodo.ac/np/images/2/2d/Desert_Vista_NH_Icon.png
interior,3ccb8add8f1fbe6a,https://dodo.ac/np/images/3/3b/Red_Persian_Rug_NH_Icon.png
interior,3d13d82802919fd6,https://dodo.ac/np/images/c/cb/Perforated-Board_Wall_NH_Icon.png
interior,3d26a8670dcb89d8,https://dodo.ac/np/images/c/c7/Yellow-Design_Kitchen_Mat_NH_Icon.png
interior,3d536a80f524cb98,https://dodo.ac/np/images/2/29/Groovy_Wall_NH_Icon.png
interior,3dcbf7d8813961c2,https://dodo.ac/np/images/c/c5/Wedding-Party_Wall_NH_Icon.png
interior,3dd4592d29214a8d,https://dodo.ac/np/images/9/94/Cute_Yellow-Tile_Flooring_NH_Icon.png
interior,3ec4ab6a65483d53,https://dodo.ac/np/images/4/4f/Simple_Green_Bath_Mat_NH_Icon.png
interior,3ecfcf0267f16e00,https://dodo.ac/np/images/2/20/Yellow_Kitchen_Mat_NH_Icon.png
interior,3f1984e4c69b34ea,https://dodo.ac/np/images/2/2b/Exquisite_Wall_NH_Icon.png
interior,3fc559d0636cb2e1,https://dodo.ac/np/images/7/72/Marine_Pop_Wall_NH_Icon.png
interior,4002e8677558e833,https://dodo.ac/np/images/7/78/Cork_Flooring_NH_Icon.png
interior,4031579229de7581,https://dodo.ac/np/images/2/2e/Ski-Slope_Wall_NH_Icon.png
interior,403396596369ae3d,https://dodo.ac/np/images/5/57/Bunny_Day_Wall_NH_Icon.png
interior,4036ebef01d1e3c3,https://dodo.ac/np/images/7/75/My_Melody_Wall_NH_Icon.png
interior,406042b1dec0f299,https://dodo.ac/np/images/8/83/Korok_Forest_Flooring_NH_Icon.png
interior,40cbc96605a06490,https://dodo.ac/np/images/f/fd/Brown_Wedding_Flooring_NH_Icon.png
interior,40edecbb4b3c871f,https://dodo.ac/np/images/a/a4/Black_Perforated-Board_Wall_NH_Icon.png
interior,40ff41f8e0181b16,https://dodo.ac/np/images/5/5b/Nook_Inc._Botanical_Rug_NH_Icon.png
interior,418c9bb0b10ae385,https://dodo.ac/np/images/9/90/Wooden-Mosaic_Wall_NH_Icon.png
interior,42056ef44a03eb2d,https://dodo.ac/np/images/b/b0/Blue_Message_Mat_NH_Icon.png
interior,42a8cd05852713db,https://dodo.ac/np/images/0/0e/Black_Blocks_Rug_NH_Icon.png
interior,433fdc8a1167f764,https://dodo.ac/np/images/5/55/Korok_Forest_Wall_NH_Icon.png
interior,43925541672ded7a,https://dodo.ac/np/images/d/d7/Green_Kilim-Style_Carpet_NH_Icon.png
interior,43a95ac1fde03cba,https://dodo.ac/np/images/f/fc/Spooky_Rug_NH_Icon.png
interior,43d84e118e7df7ad,https://dodo.ac/np/images/f/fa/Natural-Wood_Square_Tile_NH_Icon.png
interior,445ccda6a9d6b5a1,https://dodo.ac/np/images/4/44/Black-Brick_Flooring_NH_Icon.png
interior,4483de0b3055dc4a,https://dodo.ac/np/images/7/72/Blue_Honeycomb_Tile_NH_Icon.png
interior,448b5705ca6bc8ba,https://dodo.ac/np/images/a/ad/Simple_Medium_Brown_Mat_NH_Icon.png
interior,448e7ee4cfd1e720,https://dodo.ac/np/images/e/ef/Blue_Stripes_Rug_NH_Icon.png
interior,44b4369889fd7139,https://dodo.ac/np/images/f/f2/Light_Parquet_Flooring_NH_Icon.png
interior,44f23a29eafaeacd,https://dodo.ac/np/images/0/07/Construction-Site_Wall_NH_Icon.png
interior,45720278c8820c4d,https://dodo.ac/np/images/e/e3/Train-Station_Flooring_NH_Icon.png
interior,45be808ffad3085f,https://dodo.ac/np/images/4/41/Black-Design_Kitchen_Mat_NH_Icon.png
interior,45d9f750c244ae1b,https://dodo.ac/np/images/8/84/Brown_Botanical-Tile_Wall_NH_Icon.png
interior,45f5ade527082735,https://dodo.ac/np/images/4/4a/Simple_Small_Blue_Mat_NH_Icon.png
interior,46b1300844727e2a,https://dodo.ac/np/images/e/e1/Water_Flooring_NH_Icon.png
interior,4756c5c48667729e,https://dodo.ac/np/images/6/62/Crosswalk_Flooring_NH_Icon.png
interior,48103160a6b0dc32,https://dodo.ac/np/images/4/4c/Botanical-Tile_Wall_NH_Icon.png
interior,48622e6c40b27e13,https://dodo.ac/np/images/e/e3/Rose_Flooring_NH_Icon.png
interior,48adea57d1c77bd9,https://dodo.ac/np/images/7/75/Room_Sketch_Wall_NH_Icon.png
interior,4928a016c6159f19,https://dodo.ac/np/images/f/f3/Airplane_Wall_NH_Icon.png
interior,492f9bb984f63dc8,https://dodo.ac/np/images/5/59/Backyard-Fence_Wall_NH_Icon.png
interior,4965874124c16cf2,https://dodo.ac/np/images/3/3a/Ramshackle_Flooring_NH_Icon.png
interior,49cadda94fafd2ae,https://dodo.ac/np/images/e/e9/Blue_Diner_Wall_NH_Icon.png
interior,49e62134c26e955d,https://dodo.ac/np/images/5/5d/White_Iron-Parquet_Flooring_NH_Icon.png
interior,4a3333ed46319b14,https://dodo.ac/np/images/0/0c/Orange_Moroccan-Style_Wall_NH_Icon.png
interior,4a56869020e11872,https://dodo.ac/np/images/f/fb/Steel_Flooring_NH_Icon.png
interior,4aa37a909cd62bb9,https://dodo.ac/np/images/c/c7/Circus_Flooring_NH_Icon.png
interior,4abd4c2d1a197807,https://dodo.ac/np/images/3/3d/Club_Flooring_NH_Icon.png
interior,4b630b500dc46abf,https://dodo.ac/np/images/4/40/Simple_Medium_Avocado_Mat_NH_Icon.png
interior,4b63345d04fda11d,https://dodo.ac/np/images/6/65/Black_Botanical-Tile_Wall_NH_Icon.png
interior,4b8af76f2000ec43,https://dodo.ac/np/images/1/16/Paradise_Planning_Wall_NH_Icon.png
interior,4bbb2f2104846d2e,https://dodo.ac/np/images/7/70/Stadium_Wall_NH_Icon.png
interior,4c169017268efeb4,https://dodo.ac/np/images/f/f6/Paw-Print_Wall_NH_Icon.png
interior,4c64cb836b1b041a,https://dodo.ac/np/images/1/11/Pastel_Dotted_Wall_NH_Icon.png
interior,4c8da708ccfa8fb2,https://dodo.ac/np/images/3/38/White_Mosaic-Tile_Flooring_NH_Icon.png
interior,4cc177824a2130a7,https://dodo.ac/np/images/a/ad/Moroccan_Art-Tile_Flooring_NH_Icon.png
interior,4d5122dc2957a3a3,https://dodo.ac/np/images/0/01/Green_Playroom_Wall_NH_Icon.png
interior,4dae41012cb67ed7,https://dodo.ac/np/images/1/18/Ice_Wall_NH_Icon.png
interior,4daea19112b6f7dc,https://dodo.ac/np/images/1/18/Imperial_Rug_NH_Icon.png
interior,4dbaa6c84360bbb2,https://dodo.ac/np/images/8/82/Underwater_Wall_NH_Icon.png
interior,4e1fd1b5f5bb5ad8,https://dodo.ac/np/images/7/74/White-Rose_Wall_NH_Icon.png
interior,4e5c66694cd37077,https://dodo.ac/np/images/1/10/Cherry_Wall_NH_Icon.png
interior,4eb80b0d9f7012a9,https://dodo.ac/np/images/1/1e/Moon_Rug_NH_Icon.png
interior,4ee2ad8148f1ec6e,https://dodo.ac/np/images/9/9a/Blue_Floral_Flooring_NH_Icon.png
interior,4f1c6acf282b6972,https://dodo.ac/np/images/9/95/Beige_Moroccan_Wall_NH_Icon.png
interior,4f30fa24588ee3f9,https://dodo.ac/np/images/4/4c/Blue_Playroom_Wall_NH_Icon.png
interior,4f60697239cd0e6b,https://dodo.ac/np/images/5/5f/Hallway_Wall_NH_Icon.png
interior,4fc37594d09ce19f,https://dodo.ac/np/images/f/f7/Brown_Cow-Print_Rug_NH_Icon.png
interior,50a5b122cce7fd56,https://dodo.ac/np/images/c/c4/Peach_Checked_Rug_NH_Icon.png
interior,51a7313e2f0cfcd0,https://dodo.ac/np/images/4/40/Green_Honeycomb_Tile_NH_Icon.png
interior,51f1f392cfb07292,https://dodo.ac/np/images/d/d2/Simple_Purple_Flooring_NH_Icon.png
interior,5252657efe98316a,https://dodo.ac/np/images/8/8b/Sea_View_NH_Icon.png
interior,528f5ec1cc910433,https://dodo.ac/np/images/1/17/Mossy-Garden_Wall_NH_Icon.png
interior,537ac09f90c254a3,https://dodo.ac/np/images/a/a6/Round_Glowing-Moss_Rug_NH_Icon.png
interior,5424f66e0bfbc59e,https://dodo.ac/np/images/0/06/Olive_Moroccan_Wall_NH_Icon.png
interior,5425107adf5b08c1,https://dodo.ac/np/images/3/3d/Glowing-Moss_Rug_NH_Icon.png
interior,5442ddf0afb3f86a,https://dodo.ac/np/images/6/6e/Pompompurin_Flooring_NH_Icon.png
interior,54ed45854b3f5c7b,https://dodo.ac/np/images/9/99/Bank-Vault_Wall_NH_Icon.png
interior,551cbfdc856a435f,https://dodo.ac/np/images/7/7b/White-Paint_Flooring_NH_Icon.png
interior,55467aa6c4c716b9,https://dodo.ac/np/images/f/f4/Turkey_Day_Flooring_NH_Icon.png
interior,55e8a1019501fb09,https://dodo.ac/np/images/8/86/Green_Flower-Print_Wall_NH_Icon.png
interior,55f183b2920248f3,https://dodo.ac/np/images/8/83/Black-Crown_Wall_NH_Icon.png
interior,5846244f9602ae61,https://dodo.ac/np/images/1/10/Green_Blossoming_Wall_NH_Icon.png
interior,58899fb6e75317a3,https://dodo.ac/np/images/5/52/Brown_Argyle_Rug_NH_Icon.png
interior,5889eff6e0d02673,https://dodo.ac/np/images/6/6c/Tricolor_Turf_War_Flooring_NH_Icon.png
interior,58b9aa8bd2f8c1df,https://dodo.ac/np/images/b/b0/Green_Hawaiian_Quilt_Rug_NH_Icon.png
interior,5954b57950b5ec91,https://dodo.ac/np/images/6/6e/Bunny_Day_Flooring_NH_Icon.png
interior,59a47d072402d5c9,https://dodo.ac/np/images/b/b8/Birch_Flooring_NH_Icon.png
interior,5a07463e039121d9,https://dodo.ac/np/images/5/5a/Mermaid_Rug_NH_Icon.png
interior,5a7a5303acb02a57,https://dodo.ac/np/images/d/df/Brown_Floral_Flooring_NH_Icon.png
interior,5ac87a134f02c07c,https://dodo.ac/np/images/5/50/Tropical_Vista_NH_Icon.png
interior,5ae897dcb95e2daa,https://dodo.ac/np/images/a/a8/Cute_Blue-Tile_Flooring_NH_Icon.png
interior,5b283b45a2cf472f,https://dodo.ac/np/images/e/ee/Blue_Kitchen_Mat_NH_Icon.png
interior,5b318b1b8c395859,https://dodo.ac/np/images/e/e6/Jungle_Flooring_NH_Icon.png
interior,5b9a517d7efc6338,https://dodo.ac/np/images/a/a5/Blue-Striped_Wall_NH_Icon.png
interior,5babb54a6f0b409a,https://dodo.ac/np/images/1/1f/Simple_Small_Black_Mat_NH_Icon.png
interior,5bc2c6a3bb687729,https://dodo.ac/np/images/b/bd/Blue_Flower-Print_Wall_NH_Icon.png
interior,5ca128e9ca8464c8,https://dodo.ac/np/images/a/ab/Fluffy_Rug_NH_Icon.png
interior,5d0423fd0f09e6b9,https://dodo.ac/np/images/f/f6/Argyle_Tile_Flooring_NH_Icon.png
interior,5d889d129bf89334,https://dodo.ac/np/images/b/b9/Supermarket_Wall_NH_Icon.png
interior,5e6a9741d3fadb36,https://dodo.ac/np/images/c/c2/Sandy-Beach_Flooring_NH_Icon.png
interior,5efed0e6c0165224,https://dodo.ac/np/images/1/12/Forest_Flooring_NH_Icon.png
interior,5f78c0e8203ee21b,https://dodo.ac/np/images/b/bf/Magma-Cavern_Wall_NH_Icon.png
interior,5f81ca13e3ce574e,https://dodo.ac/np/images/6/6b/Mush_Wall_NH_Icon.png
interior,5f9dde7ce4e48b18,https://dodo.ac/np/images/1/1d/Yellow_Blocks_Rug_NH_Icon.png
interior,5fe62307a10b481a,https://dodo.ac/np/images/a/a0/Yellow_Argyle_Rug_NH_Icon.png
interior,5ff1953b32d98e13,https://dodo.ac/np/images/c/c0/Classic-Library_Wall_NH_Icon.png
interior,6075a81049e64ede,https://dodo.ac/np/images/1/17/Candles_Wall_NH_Icon.png
interior,614694c9bbb73939,https://dodo.ac/np/images/9/9c/Kiki_%26_Lala_Flooring_NH_Icon.png
interior,61880fabf006ec4a,https://dodo.ac/np/images/9/9e/Stacked-Wood_Wall_NH_Icon.png
interior,61b3827a1683fb5a,https://dodo.ac/np/images/4/48/Red_Medium_Round_Mat_NH_Icon.png
interior,61b50eb7671e95d4,https://dodo.ac/np/images/2/22/Light-Brown_Cow-Print_Rug_NH_Icon.png
interior,629f169dec1a0be4,https://dodo.ac/np/images/e/eb/Modern_Wood_Wall_NH_Icon.png
interior,62bda328fe3b3594,https://dodo.ac/np/images/4/40/Natural_Flooring_NH_Icon.png
interior,62c6277805bd7c74,https://dodo.ac/np/images/4/43/Red_Brick_Rug_NH_Icon.png
interior,62cf32eb60b3c237,https://dodo.ac/np/images/e/eb/Green_Vinyl_Flooring_NH_Icon.png
interior,62cf6bf985a13124,https://dodo.ac/np/images/6/6e/Meadow_Vista_NH_Icon.png
interior,632c7ed35b5dd6e4,https://dodo.ac/np/images/e/e3/Skull-Print_Flooring_NH_Icon.png
interior,6333fadef7af3de8,https://dodo.ac/np/images/2/25/Magic-Circle_Flooring_NH_Icon.png
interior,637236d1dde58a37,https://dodo.ac/np/images/e/e7/Prom_Flooring_NH_Icon.png
interior,63cfd1e6c7ba6869,https://dodo.ac/np/images/f/f4/Simple_Medium_Red_Mat_NH_Icon.png
interior,64dc714739030ea2,https://dodo.ac/np/images/f/fe/Red_Wavy_Rug_NH_Icon.png
interior,6560e8a0ead0ee0d,https://dodo.ac/np/images/5/58/Simple_Medium_Blue_Mat_NH_Icon.png
interior,6585d4c5c56acc6f,https://dodo.ac/np/images/3/34/Starry-Sands_Flooring_NH_Icon.png
interior,65a3bb118012b105,https://dodo.ac/np/images/3/32/Wooden-Knot_Flooring_NH_Icon.png
interior,6623755b1e5c31db,https://dodo.ac/np/images/5/5e/Pompompurin_Wall_NH_Icon.png
interior,6702a2db33a0878c,https://dodo.ac/np/images/6/6f/Pink_Simple-Cloth_Wall_NH_Icon.png
interior,677b007fec9a1018,https://dodo.ac/np/images/0/0c/Pink-Striped_Wall_NH_Icon.png
interior,679ec1f8c872f798,https://dodo.ac/np/images/1/17/Yellow_Medium_Round_Mat_NH_Icon.png
interior,67e83c2457336f61,https://dodo.ac/np/images/7/74/Monochromatic_Dotted_Rug_NH_Icon.png
interior,680ba064e5581a2d,https://dodo.ac/np/images/e/ed/Steampunk_Flooring_NH_Icon.png
interior,682622ac16e09a58,https://dodo.ac/np/images/1/1d/Orange_Rug_NH_Icon.png
interior,6a03afdbde49dd06,https://dodo.ac/np/images/a/a3/Security-Monitors_Wall_NH_Icon.png
interior,6a149311b2f60c39,https://dodo.ac/np/images/1/1d/Imperial_Tile_NH_Icon.png
interior,6aad3735726bc75b,https://dodo.ac/np/images/5/5d/Misty-Garden_Wall_NH_Icon.png
interior,6aaed3eb2351fb8d,https://dodo.ac/np/images/b/b6/Yellow_Small_Round_Mat_NH_Icon.png
interior,6ad612296e041dc4,https://dodo.ac/np/images/9/91/Glowing-Moss_Forest_Wall_NH_Icon.png
interior,6af600491224d894,https://dodo.ac/np/images/a/a6/Wooden-Knot_Wall_NH_Icon.png
interior,6b3551eca0d4a70b,https://dodo.ac/np/images/5/5f/Gym_Flooring_NH_Icon.png
interior,6b3c076346e25694,https://dodo.ac/np/images/4/40/Glowing-Moss_Ruins_Wall_NH_Icon.png
interior,6b6d8bb365e03ef7,https://dodo.ac/np/images/8/80/Peach_Rug_NH_Icon.png
interior,6b9b3be3ba7c68a0,https://dodo.ac/np/images/1/1b/Yellow-Paint_Wall_NH_Icon.png
interior,6c4c062692514ffb,https://dodo.ac/np/images/5/55/Blue-Paint_Flooring_NH_Icon.png
interior,6c5e9609cfa7ccb6,https://dodo.ac/np/images/6/68/Office_Wall_NH_Icon.png
interior,6d040ffa03d73db4,https://dodo.ac/np/images/7/7f/Sunflower_Rug_NH_Icon.png
interior,6df3f13c9961adec,https://dodo.ac/np/images/0/06/Chic_Wall_NH_Icon.png
interior,6dfda49a614fc756,https://dodo.ac/np/images/9/94/Shamrock_Rug_NH_Icon.png
interior,6e27458edc1d1f76,https://dodo.ac/np/images/4/49/Jointed-Mat_Flooring_NH_Icon.png
interior,6e54843cb818da94,https://dodo.ac/np/images/8/81/White_Botanical-Tile_Wall_NH_Icon.png
interior,6e585618d8dafadc,https://dodo.ac/np/images/8/86/Dark-Chocolates_Flooring_NH_Icon.png
interior,6e5d951f54a52ebc,https://dodo.ac/np/images/2/21/Blue_Exercise_Mat_NH_Icon.png
interior,6e697d0e01d95278,https://dodo.ac/np/images/3/35/Purple_Persian_Rug_NH_Icon.png
interior,6ef0cce63e8fa91c,https://dodo.ac/np/images/4/48/Blue_Painted-Wood_Wall_NH_Icon.png
interior,6ef5eb942a0e1e5c,https://dodo.ac/np/images/7/72/Old_Wallpaper_NH_Icon.png
interior,6fbebdba430585c6,https://dodo.ac/np/images/9/9a/Galaxy_Flooring_NH_Icon.png
interior,70438608fb5ec714,https://dodo.ac/np/images/5/5e/Heavy-Curtain_Wall_NH_Icon.png
interior,709ad8f980b04b31,https://dodo.ac/np/images/0/0a/Stone_Tile_NH_Icon.png
interior,710033fa073ebbdc,https://dodo.ac/np/images/4/48/Ivory_Small_Round_Mat_NH_Icon.png
interior,71009513a1182d6e,https://dodo.ac/np/images/f/f4/Brown_Shaggy_Rug_NH_Icon.png
interior,71307d0e1a3337a1,https://dodo.ac/np/images/5/5c/Green_Delicate-Blooms_Wall_NH_Icon.png
interior,719edbc20aa5c0a0,https://dodo.ac/np/images/f/fe/Green-Paint_Wall_NH_Icon.png
interior,725497e5710355b5,https://dodo.ac/np/images/7/70/Elegant_Beige_Rug_NH_Icon.png
interior,727292917926264d,https://dodo.ac/np/images/2/2c/White_Simple_Small_Mat_NH_Icon.png
interior,7276f54acb13e7ca,https://dodo.ac/np/images/a/af/Yellow_Star_Rug_NH_Icon.png
interior,72ac48c695fe6110,https://dodo.ac/np/images/7/76/Red_Dot_Flooring_NH_Icon.png
interior,73005fed29315c82,https://dodo.ac/np/images/a/a4/Pink_Heart-Pattern_Wall_NH_Icon.png
interior,73203473a8caf936,https://dodo.ac/np/images/a/a8/Cute_Blue_Wall_NH_Icon.png
interior,737e8867a7771f1e,https://dodo.ac/np/images/2/27/Skull_Rug_NH_Icon.png
interior,73a659a5c1e479a0,https://dodo.ac/np/images/3/3b/Blue_Shanty_Wall_NH_Icon.png
interior,759fad9daf3f1e52,https://dodo.ac/np/images/9/9c/Kisses_Wall_NH_Icon.png
interior,760912225aeef953,https://dodo.ac/np/images/9/94/Common_Flooring_NH_Icon.png
interior,76383f1d3a3296d5,https://dodo.ac/np/images/6/6c/Mossy-Garden_Flooring_NH_Icon.png
interior,7771d990eeebe12c,https://dodo.ac/np/images/2/2d/Turquoise_Heart_Rug_NH_Icon.png
interior,77a6fce65bbf4454,https://dodo.ac/np/images/e/e2/Stormy-Night_Wall_NH_Icon.png
interior,77c7c364cf64b7b9,https://dodo.ac/np/images/8/83/White_Painted-Wood_Wall_NH_Icon.png
interior,784cc80d8584b867,https://dodo.ac/np/images/b/b2/Blue_Wavy_Rug_NH_Icon.png
interior,78713e876cc2590d,https://dodo.ac/np/images/2/28/Blue_Quilt_Wall_NH_Icon.png
interior,7922c7c6b47e27aa,https://dodo.ac/np/images/8/86/Field_Flooring_NH_Icon.png
interior,7930e3bfb3335143,https://dodo.ac/np/images/6/6a/Blue_Dotted_Rug_NH_Icon.png
interior,796644f931e05853,https://dodo.ac/np/images/e/e5/Ancient_Wall_NH_Icon.png
interior,797c801a4a771d1e,https://dodo.ac/np/images/7/7e/Red_Rose_Rug_NH_Icon.png
interior,7a13eff9a8fd5cc6,https://dodo.ac/np/images/7/72/White_Window-Panel_Wall_NH_Icon.png
interior,7a6feef044b5f98d,https://dodo.ac/np/images/9/9a/Purple_Moroccan_Wall_NH_Icon.png
interior,7a7ea959b525c435,https://dodo.ac/np/images/9/98/Red_Perforated-Board_Wall_NH_Icon.png
interior,7aeb6c590d565ad3,https://dodo.ac/np/images/9/98/Aurora_Wall_NH_Icon.png
interior,7b00166dc8c1d470,https://dodo.ac/np/images/a/ab/Sepia_Puzzle_Wall_NH_Icon.png
interior,7b2b9ecf07b7070a,https://dodo.ac/np/images/2/2a/Robo-Wall_NH_Icon.png
interior,7bd61b8702097777,https://dodo.ac/np/images/d/dd/Blue_Two-Toned_Tile_Wall_NH_Icon.png
interior,7c0f3d1440a623e7,https://dodo.ac/np/images/9/9b/White_Exercise_Mat_NH_Icon.png
interior,7c1d04e1b4ee290f,https://dodo.ac/np/images/4/4f/Blue_Small_Round_Mat_NH_Icon.png
interior,7c5e8988175e2d35,https://dodo.ac/np/images/7/74/Skyscraper_Wall_NH_Icon.png
interior,7c8d7a25e699e5c2,https://dodo.ac/np/images/2/2e/Purple_Camo_Wall_NH_Icon.png
interior,7d07e699fefc68be,https://dodo.ac/np/images/d/d5/Circuit-Board_Wall_NH_Icon.png
interior,7d20fdbe434985f8,https://dodo.ac/np/images/b/be/Artsy_Parquet_Flooring_NH_Icon.png
interior,7d567789a1529977,https://dodo.ac/np/images/a/a5/Red_Watermelon_Rug_NH_Icon.png
interior,7d99dd8435a19581,https://dodo.ac/np/images/1/1c/Pirate_Wall_NH_Icon.png
interior,7e50e90cd125fd5f,https://dodo.ac/np/images/d/d4/Dark-Wood_Flooring_Sheet_NH_Icon.png
interior,7ee4fc4a39e7e46a,https://dodo.ac/np/images/6/69/Ocean-Horizon_Wall_NH_Icon.png
interior,7f1673cc2f818885,https://dodo.ac/np/images/b/b1/Yellow_Flower-Print_Wall_NH_Icon.png
interior,7fb67a53a3cd5258,https://dodo.ac/np/images/6/65/Blue_Molded-Panel_Wall_NH_Icon.png
interior,8005c73457ad77ff,https://dodo.ac/np/images/c/c0/Green-Paint_Flooring_NH_Icon.png
interior,800a88bd7af26240,https://dodo.ac/np/images/5/59/Pink_Heart_Rug_NH_Icon.png
interior,803dc42e240a8b96,https://dodo.ac/np/images/4/4a/Black_Two-Toned_Tile_Wall_NH_Icon.png
interior,809d7d9b0b859ae5,https://dodo.ac/np/images/b/b7/Red_Exquisite_Rug_NH_Icon.png
interior,80f481e380a8f204,https://dodo.ac/np/images/4/42/Pastel_Puzzle_Wall_NH_Icon.png
interior,811e994acd18a787,https://dodo.ac/np/images/9/9e/Gray_Molded-Panel_Wall_NH_Icon.png
interior,8126a4d9ed9275bf,https://dodo.ac/np/images/6/6c/Stone_Wall_NH_Icon.png
interior,8168d18ec197841c,https://dodo.ac/np/images/b/bd/Elegant_Brown_Rug_NH_Icon.png
interior,820a4a0e67caf52d,https://dodo.ac/np/images/a/a6/Old_Board_Flooring_NH_Icon.png
interior,82b9f28e1496eed0,https://dodo.ac/np/images/f/f7/Mom%27s_Reliable_Kitchen_Mat_NH_Icon.png
interior,82ef1cf6fde331b8,https://dodo.ac/np/images/d/dd/Cherry_Rug_NH_Icon.png
interior,82fc9aca09c9a423,https://dodo.ac/np/images/f/f2/Lunar_Surface_NH_Icon.png
interior,832cca2b6ef9b706,https://dodo.ac/np/images/6/60/Black-Brick_Wall_NH_Icon.png
interior,833d3f17ba2c2e0c,https://dodo.ac/np/images/6/62/Pink_Flower-Print_Wall_NH_Icon.png
interior,83b64ff10d479b22,https://dodo.ac/np/images/2/26/Dark_Wooden-Mosaic_Wall_NH_Icon.png
interior,84c95622eb54f00a,https://dodo.ac/np/images/8/8d/Ramshackle_Wall_NH_Icon.png
interior,854fa1253dd40b07,https://dodo.ac/np/images/a/ae/Red_Wedding_Rug_NH_Icon.png
interior,85f680f9499cc21f,https://dodo.ac/np/images/5/59/Simple_Red_Flooring_NH_Icon.png
interior,85f8904f24555ed6,https://dodo.ac/np/images/0/00/Mint_Dot_Flooring_NH_Icon.png
interior,861d5945a8c1fbab,https://dodo.ac/np/images/7/7d/Red_Vinyl_Sheet_NH_Icon.png
interior,867259a91d3caafa,https://dodo.ac/np/images/5/5d/Cute_White-Tile_Flooring_NH_Icon.png
interior,86b2252c82804443,https://dodo.ac/np/images/a/a4/Blue_Camo_Flooring_NH_Icon.png
interior,876d9c73bc281631,https://dodo.ac/np/images/e/e8/Rocky-Mountain_Flooring_NH_Icon.png
interior,87a81d473ee0a6c2,https://dodo.ac/np/images/7/7f/Sakura-Wood_Wall_NH_Icon.png
interior,88bfbf422125bdcd,https://dodo.ac/np/images/d/d5/Gray-Shelving_Wall_NH_Icon.png
interior,88cf74399e00fa22,https://dodo.ac/np/images/3/36/Wildflower_Meadow_NH_Icon.png
interior,8900b8ec8d9c2cd4,https://dodo.ac/np/images/e/eb/Money_Flooring_NH_Icon.png
interior,8991394c18c6f93b,https://dodo.ac/np/images/5/52/Light_Herringbone_Flooring_NH_Icon.png
interior,8a9a56df29aec107,https://dodo.ac/np/images/1/12/White_Wedding_Wall_NH_Icon.png
interior,8aab0d529e8b5e68,https://dodo.ac/np/images/3/37/Bamboo-Screen_Wall_NH_Icon.png
interior,8ab9c94101953ab0,https://dodo.ac/np/images/4/4e/Crepe-Design_Wall_NH_Icon.png
interior,8b96545ab79e42f2,https://dodo.ac/np/images/1/12/Spooky_Wall_NH_Icon.png
interior,8be7073c891e84f4,https://dodo.ac/np/images/b/ba/Autumn_Wall_NH_Icon.png
interior,8de353b2e2e46d5c,https://dodo.ac/np/images/d/d1/Common_Wall_NH_Icon.png
interior,8e30618f67a5d4b3,https://dodo.ac/np/images/d/d6/Red_Blocks_Rug_NH_Icon.png
interior,8ebe2376a03540fa,https://dodo.ac/np/images/3/3e/Purple_Dotted_Wall_NH_Icon.png
interior,8f2c890173a19710,https://dodo.ac/np/images/9/92/Restaurant-Kitchen_Flooring_NH_Icon.png
interior,8f70f9eeb9252fc8,https://dodo.ac/np/images/9/99/Chocolate_Herringbone_Wall_NH_Icon.png
interior,8f95b7c67052a41d,https://dodo.ac/np/images/4/4e/Gray_Diner_Wall_NH_Icon.png
interior,8ff25eddf89531e5,https://dodo.ac/np/images/6/65/Chic_LEGO%C2%AE_Wall_NH_Icon.png
interior,9010a8a45aa6fc88,https://dodo.ac/np/images/4/46/Yellow_Persian_Rug_NH_Icon.png
interior,913db299cc0d29a3,https://dodo.ac/np/images/1/14/Monochromatic_Dot_Flooring_NH_Icon.png
interior,9199a8ffa6b8e3e3,https://dodo.ac/np/images/d/d4/Green_Painted-Wood_Wall_NH_Icon.png
interior,919fa6f6360f486e,https://dodo.ac/np/images/6/6e/Blue_Subway-Tile_Wall_NH_Icon.png
interior,91a1742b12858047,https://dodo.ac/np/images/f/f6/Cool_Vinyl_Flooring_NH_Icon.png
interior,91d6f06d993de8c4,https://dodo.ac/np/images/1/1d/Light-Wood_Flooring_Tile_NH_Icon.png
interior,920b64c2d3bd1a7c,https://dodo.ac/np/images/8/80/White_Perforated-Board_Wall_NH_Icon.png
interior,9271ed858cd8f78e,https://dodo.ac/np/images/4/4d/Future-Tech_Flooring_NH_Icon.png
interior,9292cf8387a144f7,https://dodo.ac/np/images/d/d1/Leopard-Print_Flooring_NH_Icon.png
interior,92debdff9a7093f9,https://dodo.ac/np/images/a/a6/Palace_Wall_NH_Icon.png
interior,92e70b25b9e8d2f1,https://dodo.ac/np/images/0/0c/Oval_Entrance_Mat_NH_Icon.png
interior,9350851ca891ffbb,https://dodo.ac/np/images/b/b1/Cute_White_Wall_NH_Icon.png
interior,939366da60bb4644,https://dodo.ac/np/images/5/54/Chic_LEGO%C2%AE_Flooring_NH_Icon.png
interior,93d2595c3cbeaed3,https://dodo.ac/np/images/2/2f/Blue_Argyle_Rug_NH_Icon.png
interior,93ee7fac765d0f8d,https://dodo.ac/np/images/a/a1/Chocolate_Hallway_Wall_NH_Icon.png
interior,956967947ddd6927,https://dodo.ac/np/images/7/7a/Pink-Crown_Wall_NH_Icon.png
interior,9572786caa78116e,https://dodo.ac/np/images/5/51/Blue_Heart-Pattern_Wall_NH_Icon.png
interior,9592a23c4b7b1e88,https://dodo.ac/np/images/6/6c/White-Wood_Flooring_Sheet_NH_Icon.png
interior,95c84d6b47092566,https://dodo.ac/np/images/c/c8/Blue-Design_Kitchen_Mat_NH_Icon.png
interior,95f2d2a7b722aea5,https://dodo.ac/np/images/d/da/Gray_Locker-Room_Wall_NH_Icon.png
interior,964c7e0c77a8e6e5,https://dodo.ac/np/images/2/29/Jingle_Wall_NH_Icon.png
interior,96b0b8f197b7c5c1,https://dodo.ac/np/images/a/ab/Caf%C3%A9-Curtain_Wall_NH_Icon.png
interior,96c0600c31121078,https://dodo.ac/np/images/2/2e/Cloud_Flooring_NH_Icon.png
interior,97d20470e2e31225,https://dodo.ac/np/images/8/8d/Green_Honeycomb-Tile_Wall_NH_Icon.png
interior,97e7f57587df4a33,https://dodo.ac/np/images/5/50/Yellow_Checked_Rug_NH_Icon.png
interior,97f4c59e8109f3b4,https://dodo.ac/np/images/a/a1/Monochromatic_Wavy_Rug_NH_Icon.png
interior,9805dc8982505f41,https://dodo.ac/np/images/5/57/Blue_Wedding_Rug_NH_Icon.png
interior,984ed5b3153bdef6,https://dodo.ac/np/images/5/52/Pastel_Puzzle_Flooring_NH_Icon.png
interior,98c4b54c058b335c,https://dodo.ac/np/images/c/c8/Monochromatic_Tile_Flooring_NH_Icon.png
interior,98f8a83869e0b6d6,https://dodo.ac/np/images/4/47/Red-Brick_Flooring_NH_Icon.png
interior,991dc1c4c797d7d8,https://dodo.ac/np/images/8/8a/Sloppy_Rug_NH_Icon.png
interior,994aab3c7f4ab432,https://dodo.ac/np/images/5/53/LEGO%C2%AE_Space_Logo_Rug_NH_Icon.png
interior,995dd9437fce1efd,https://dodo.ac/np/images/8/8c/White_Delicate-Blooms_Wall_NH_Icon.png
interior,9a2247c23796edbc,https://dodo.ac/np/images/3/30/Elegant_Black_Rug_NH_Icon.png
interior,9a34a0b85b782b2c,https://dodo.ac/np/images/f/f1/Falling-Snow_Wall_NH_Icon.png
interior,9a438ad1fa0902de,https://dodo.ac/np/images/f/fa/Kerokerokeroppi_Wall_NH_Icon.png
interior,9a980f7f1bf8626f,https://dodo.ac/np/images/c/cb/Blue_Blossoming_Wall_NH_Icon.png
interior,9ac442fc73e32ab6,https://dodo.ac/np/images/8/87/Rush_Tatami_Flooring_NH_Icon.png
interior,9af3a3a3f0dfb60e,https://dodo.ac/np/images/a/a5/Yellow_Message_Mat_NH_Icon.png
interior,9b6f7b5a3acba5b7,https://dodo.ac/np/images/b/b9/Purple_Camo_Flooring_NH_Icon.png
interior,9c7a17dc3bede901,https://dodo.ac/np/images/a/a0/White_Message_Mat_NH_Icon.png
interior,9c90496cb19f4263,https://dodo.ac/np/images/3/3a/Blue_Moroccan_Wall_NH_Icon.png
interior,9ce2ece12a0cc702,https://dodo.ac/np/images/f/f1/Yellow_Watermelon_Rug_NH_Icon.png
interior,9ce34d243565b06c,https://dodo.ac/np/images/7/7d/Soothing_Tearoom_Wall_NH_Icon.png
interior,9cf25f1fc0a252bc,https://dodo.ac/np/images/b/be/Black_Wooden-Deck_Rug_NH_Icon.png
interior,9d262618170ea350,https://dodo.ac/np/images/c/cf/Colorful_Vinyl_Sheet_NH_Icon.png
interior,9d6d4e176e044391,https://dodo.ac/np/images/9/97/Dirt-Clod_Wall_NH_Icon.png
interior,9d872e419f284848,https://dodo.ac/np/images/6/63/Blue_Kilim-Style_Carpet_NH_Icon.png
interior,9da7af0ebac8bb3f,https://dodo.ac/np/images/8/83/Cherry-Blossom-Trees_Wall_NH_Icon.png
interior,9f618b6cdbff6dae,https://dodo.ac/np/images/0/05/Floral_Rush-Mat_Flooring_NH_Icon.png
interior,9f86419e44b25dc4,https://dodo.ac/np/images/6/68/Modern_Wood_Flooring_NH_Icon.png
interior,9f9f017a14fdf9d1,https://dodo.ac/np/images/6/6e/Hello_Kitty_Rug_NH_Icon.png
interior,9fafbb33b708b3d5,https://dodo.ac/np/images/e/ed/Frozen_Floor_Tiles_NH_Icon.png
interior,9fe4c4d9cc08d836,https://dodo.ac/np/images/5/58/Blue_Moroccan_Flooring_NH_Icon.png
interior,a027add31d44e4fe,https://dodo.ac/np/images/9/94/Pink-Paint_Flooring_NH_Icon.png
interior,a1a081dd510f9e95,https://dodo.ac/np/images/5/5a/Tent_Flooring_NH_Icon.png
interior,a1aeef995fdfd362,https://dodo.ac/np/images/9/94/Blue_Mosaic-Tile_Flooring_NH_Icon.png
interior,a1b1dacf5c36b2ba,https://dodo.ac/np/images/0/08/Turkey_Day_Wall_NH_Icon.png
interior,a1ca2d340b9656d1,https://dodo.ac/np/images/8/81/Ice-Cream-Shoppe_Wall_NH_Icon.png
interior,a1dc34942e534ee3,https://dodo.ac/np/images/d/d3/Natural-Wood_Flooring_Tile_NH_Icon.png
interior,a1fb9b19ea7d5a1a,https://dodo.ac/np/images/b/b9/Red-and-Blue_Checked_Rug_NH_Icon.png
interior,a2209d7d437c759a,https://dodo.ac/np/images/0/0e/Yellow_Stripes_Rug_NH_Icon.png
interior,a308b4f431d2ed2f,https://dodo.ac/np/images/4/4a/Rubber_Mud_Mat_NH_Icon.png
interior,a3e81703d489d620,https://dodo.ac/np/images/6/6f/Red_Exercise_Mat_NH_Icon.png
interior,a44f24f26942ad8b,https://dodo.ac/np/images/8/8e/My_Melody_Rug_NH_Icon.png
interior,a44f7c279f8e9904,https://dodo.ac/np/images/a/aa/Round_Vine_Rug_NH_Icon.png
interior,a4d7b0e019771bea,https://dodo.ac/np/images/a/ab/Pear_Wall_NH_Icon.png
interior,a62c273730b4d49d,https://dodo.ac/np/images/c/c9/Woodland_Wall_NH_Icon.png
interior,a68748ebb134a891,https://dodo.ac/np/images/d/db/Purple_Puzzle_Wall_NH_Icon.png
interior,a689a191a3b2bc3d,https://dodo.ac/np/images/f/f4/Colorful_LEGO%C2%AE_Wall_NH_Icon.png
interior,a7094a96346872d8,https://dodo.ac/np/images/5/51/Lobby_Flooring_NH_Icon.png
interior,a74341740022e3f7,https://dodo.ac/np/images/7/7f/White_Heart_Rug_NH_Icon.png
interior,a7749cbb06f82bb9,https://dodo.ac/np/images/1/11/Yellow_Quilt_Wall_NH_Icon.png
interior,a7872b9a778efc99,https://dodo.ac/np/images/9/99/Highway_Flooring_NH_Icon.png
interior,a8222c3068d55117,https://dodo.ac/np/images/f/fc/Kiki_%26_Lala_Wall_NH_Icon.png
interior,a8d4a89f3895719d,https://dodo.ac/np/images/2/2d/Tatami_NH_Icon.png
interior,a8dc7a29da1be5b9,https://dodo.ac/np/images/2/20/Rush_Tatami_NH_Icon.png
interior,a920d64a80b1bba1,https://dodo.ac/np/images/f/fd/Chic_Tearoom_Wall_NH_Icon.png
interior,a955603e436fc8bf,https://dodo.ac/np/images/0/0e/Mosaic-Tile_Wall_NH_Icon.png
interior,a99814cb99aba6f9,https://dodo.ac/np/images/5/58/Mush_Rug_NH_Icon.png
interior,a99f1cfab859107f,https://dodo.ac/np/images/d/d0/Pink_Blossoming_Wall_NH_Icon.png
interior,aa3194b127a8f788,https://dodo.ac/np/images/1/18/Beaded-Curtain_Wall_NH_Icon.png
interior,aa7760823a626d31,https://dodo.ac/np/images/0/06/Red_Small_Round_Mat_NH_Icon.png
interior,aac8117065553691,https://dodo.ac/np/images/5/5a/Cubic_Parquet_Flooring_NH_Icon.png
interior,aafe03cc65b26d72,https://dodo.ac/np/images/c/c7/Modern_Tearoom_Wall_NH_Icon.png
interior,ab3f3c0cd2ae4f37,https://dodo.ac/np/images/9/93/Outdoor-Window_Wall_NH_Icon.png
interior,abc876a2abedeb56,https://dodo.ac/np/images/e/e2/Dark_Stones_Rug_NH_Icon.png
interior,ac06f384cfe6b9b4,https://dodo.ac/np/images/7/7e/Brown_Honeycomb_Tile_NH_Icon.png
interior,ac586deac4d448f4,https://dodo.ac/np/images/3/32/Cute_LEGO%C2%AE_Flooring_NH_Icon.png
interior,acc10e4afb1ca75b,https://dodo.ac/np/images/e/ed/Shutter_Wall_NH_Icon.png
interior,acea18a97509e647,https://dodo.ac/np/images/f/f7/Spooky_Flooring_NH_Icon.png
interior,ad759be5e45b04ca,https://dodo.ac/np/images/1/12/Dark-Block_Flooring_NH_Icon.png
interior,ada7ba64aafbe4d8,https://dodo.ac/np/images/8/89/Simple_Medium_Orange_Mat_NH_Icon.png
interior,ae657fa5d871c044,https://dodo.ac/np/images/2/2d/Iceberg_Wall_NH_Icon.png
interior,aec4d0fc2e7b7103,https://dodo.ac/np/images/6/62/Simple_Pink_Bath_Mat_NH_Icon.png
interior,aec7a29f4bf502b9,https://dodo.ac/np/images/9/9d/Large_Paradise_Planning_Rug_NH_Icon.png
interior,aed7f51e1cbd9e99,https://dodo.ac/np/images/1/1c/White-Brick_Flooring_NH_Icon.png
interior,af4dcdd224665b85,https://dodo.ac/np/images/0/06/Gravel_Flooring_NH_Icon.png
interior,b01a0ff57f785b9a,https://dodo.ac/np/images/d/d8/Beige_Blossoming_Wall_NH_Icon.png
interior,b06df5118398dec6,https://dodo.ac/np/images/b/b2/Limestone-Cave_Wall_NH_Icon.png
interior,b09890c3d41c46f7,https://dodo.ac/np/images/1/1d/Blue-Paint_Wall_NH_Icon.png
interior,b0ee56cd4d73de0d,https://dodo.ac/np/images/f/f9/Green_Kitchen_Mat_NH_Icon.png
interior,b13c57cb1db4fcf2,https://dodo.ac/np/images/8/8d/Purple_Heart_Rug_NH_Icon.png
interior,b183c932c8b5ed3f,https://dodo.ac/np/images/8/8a/Shoji_Screen_NH_Icon.png
interior,b18dcee54796f3e2,https://dodo.ac/np/images/d/d7/Pharmacy-Shelving_Wall_NH_Icon.png
interior,b19ff5d08906b0d0,https://dodo.ac/np/images/d/d6/Rosewood_Flooring_NH_Icon.png
interior,b1e6f08f663cb521,https://dodo.ac/np/images/a/af/Mom%27s_Cool_Kitchen_Mat_NH_Icon.png
interior,b25b26ba10ad0f59,https://dodo.ac/np/images/3/3d/Tropical_Rug_NH_Icon.png
interior,b2a606051cad22f8,https://dodo.ac/np/images/9/9f/White-Wood_Flooring_Tile_NH_Icon.png
interior,b2c10f763ae4bdb9,https://dodo.ac/np/images/d/dd/Arched-Window_Wall_NH_Icon.png
interior,b2e9576c423d86e2,https://dodo.ac/np/images/3/3d/Room_Sketch_Flooring_NH_Icon.png
interior,b30f5c81f7c19f9e,https://dodo.ac/np/images/9/93/Mushroom_Mural_NH_Icon.png
interior,b364b39373e614b5,https://dodo.ac/np/images/1/10/Patchwork-Tile_Flooring_NH_Icon.png
interior,b3caf8459eedb1d0,https://dodo.ac/np/images/9/94/Yellow_Floral_Flooring_NH_Icon.png
interior,b4ace0a70a67704c,https://dodo.ac/np/images/8/89/Green_Intricate_Wall_NH_Icon.png
interior,b4de9c6b2121978e,https://dodo.ac/np/images/d/d5/Yoshi%27s_Egg_Rug_NH_Icon.png
interior,b51751d809af359e,https://dodo.ac/np/images/0/0c/Yellow_Simple-Cloth_Wall_NH_Icon.png
interior,b565bcc753b34ee1,https://dodo.ac/np/images/b/b7/Fast-Food_Flooring_NH_Icon.png
interior,b59225d260ce886e,https://dodo.ac/np/images/0/0e/Green_Rubber_Flooring_NH_Icon.png
interior,b6a4d1127dd53f65,https://dodo.ac/np/images/3/32/Brick_Garden_Wall_NH_Icon.png
interior,b6e9e16f3c38e38e,https://dodo.ac/np/images/d/d8/Red_Dotted_Rug_NH_Icon.png
interior,b715e141ae1bde89,https://dodo.ac/np/images/e/ee/Snowflake_Rug_NH_Icon.png
interior,b85242c7a236348b,https://dodo.ac/np/images/4/40/Sidewalk_Flooring_NH_Icon.png
interior,b903153e7343a0e2,https://dodo.ac/np/images/0/04/Red_Message_Mat_NH_Icon.png
interior,b94a25150c0b1af9,https://dodo.ac/np/images/9/9a/Rope-Net_Wall_NH_Icon.png
interior,b94e6b7972d92e34,https://dodo.ac/np/images/3/32/Prom_Wall_NH_Icon.png
interior,b95dba13318a62a3,https://dodo.ac/np/images/f/f9/Cute-Paint_Flooring_NH_Icon.png
interior,b9f2b0b3fc880d01,https://dodo.ac/np/images/2/22/Rubber-Tile_Flooring_NH_Icon.png
interior,ba27acc97109e58f,https://dodo.ac/np/images/d/d6/Yellow_Heart-Pattern_Wall_NH_Icon.png
interior,ba43505dee176bff,https://dodo.ac/np/images/7/70/Dark_Bamboo_Rug_NH_Icon.png
interior,ba6e33c233f7d650,https://dodo.ac/np/images/0/02/Simple_Small_Red_Mat_NH_Icon.png
interior,ba8e98c98478a7d2,https://dodo.ac/np/images/e/ef/Giraffe-Print_Flooring_NH_Icon.png
interior,ba97729211d2f8f3,https://dodo.ac/np/images/e/e6/Industrial_Wall_NH_Icon.png
interior,bacdbd9c43101067,https://dodo.ac/np/images/1/1e/Acorn_Rug_NH_Icon.png
interior,bb814abd5422e348,https://dodo.ac/np/images/4/46/Blue_Dot_Flooring_NH_Icon.png
interior,bb8a001b68227cb6,https://dodo.ac/np/images/9/9b/Brown_Iron-Parquet_Flooring_NH_Icon.png
interior,bc152db2a4e45012,https://dodo.ac/np/images/1/12/Dig-Site_Wall_NH_Icon.png
interior,bc2e017e5bfea1ff,https://dodo.ac/np/images/3/3c/Club_Wall_NH_Icon.png
interior,bc8d655f26bbe568,https://dodo.ac/np/images/9/96/Beige_Moroccan_Flooring_NH_Icon.png
interior,bcf47cfcc34fb3b8,https://dodo.ac/np/images/f/fd/Concrete_Wall_NH_Icon.png
interior,bdabefa001863afa,https://dodo.ac/np/images/c/cf/Purple_Shaggy_Rug_NH_Icon.png
interior,be647a9ac676cfd2,https://dodo.ac/np/images/4/42/Cool-Paint_Flooring_NH_Icon.png
interior,be8d3368078cb46b,https://dodo.ac/np/images/d/d2/Bunny_Day_Rug_NH_Icon.png
interior,bf5795c6d2aae1a5,https://dodo.ac/np/images/6/65/Blue_Honeycomb-Tile_Wall_NH_Icon.png
interior,c012970fdfe4d6b5,https://dodo.ac/np/images/4/4d/Sakura-Wood_Flooring_NH_Icon.png
interior,c07378588663c6f4,https://dodo.ac/np/images/4/41/Pink_Quilt_Wall_NH_Icon.png
interior,c12970e150cc19b9,https://dodo.ac/np/images/8/86/Dig-Site_Flooring_NH_Icon.png
interior,c1393f1a275a92a6,https://dodo.ac/np/images/b/be/Orange_Molded-Panel_Wall_NH_Icon.png
interior,c1897fa7a7c15736,https://dodo.ac/np/images/7/7f/Red_Locker-Room_Wall_NH_Icon.png
interior,c1a769dfedf41ff0,https://dodo.ac/np/images/7/71/Ship_Deck_NH_Icon.png
interior,c2195dd8d628e4cb,https://dodo.ac/np/images/8/89/Green_Retro_Flooring_NH_Icon.png
interior,c39148466490ae24,https://dodo.ac/np/images/e/ea/Concession-Stand_Wall_NH_Icon.png
interior,c4823afb9db54f10,https://dodo.ac/np/images/7/7c/Screen_Wall_NH_Icon.png
interior,c49ef796f9e0ec76,https://dodo.ac/np/images/7/71/Brown_Hallway_Wall_NH_Icon.png
interior,c4b06c6b540f28c1,https://dodo.ac/np/images/e/e9/Ski-Slope_Flooring_NH_Icon.png
interior,c4cdca9239e6a13a,https://dodo.ac/np/images/f/fe/White-Brick_Wall_NH_Icon.png
interior,c54a589895982adf,https://dodo.ac/np/images/7/73/Red_Carpet_NH_Icon.png
interior,c5f3ffd4a86aefad,https://dodo.ac/np/images/6/6f/Festive_Rug_NH_Icon.png
interior,c67ee35d564aea35,https://dodo.ac/np/images/8/86/Blue_Simple-Cloth_Wall_NH_Icon.png
interior,c6c1ad39bbccdbbe,https://dodo.ac/np/images/6/6a/Brown_Kitchen_Mat_NH_Icon.png
interior,c6db0bfe921f1990,https://dodo.ac/np/images/9/99/Modern_LEGO%C2%AE_Wall_NH_Icon.png
interior,c6e32920bf0ca7d2,https://dodo.ac/np/images/f/f8/White-Shelving_Wall_NH_Icon.png
interior,c719bc1152ac104f,https://dodo.ac/np/images/3/3f/Purple_Quilt_Wall_NH_Icon.png
interior,c74466f1dc411859,https://dodo.ac/np/images/b/bb/Red_Argyle_Rug_NH_Icon.png
interior,c750ec1b9fcaf2a6,https://dodo.ac/np/images/3/3d/Block_Flooring_NH_Icon.png
interior,c77de73b5764a8da,https://dodo.ac/np/images/f/fb/Brown_Argyle-Tile_Flooring_NH_Icon.png
interior,c8761cd9ec24c545,https://dodo.ac/np/images/b/be/Golden_Wall_NH_Icon.png
interior,c876e22ac2d64883,https://dodo.ac/np/images/f/fc/Dark-Wood_Flooring_Tile_NH_Icon.png
interior,c87fe8eab8f4f445,https://dodo.ac/np/images/3/30/Cute_LEGO%C2%AE_Wall_NH_Icon.png
interior,c882b5e4ff586ea8,https://dodo.ac/np/images/7/79/Blue-Rose_Wall_NH_Icon.png
interior,c895beb51780a263,https://dodo.ac/np/images/0/08/Yellow_Hawaiian_Quilt_Rug_NH_Icon.png
interior,c98cb947764bb6d4,https://dodo.ac/np/images/e/ec/Bamboo_Flooring_NH_Icon.png
interior,c9ac919763fb9d5f,https://dodo.ac/np/images/2/2a/Colorful_LEGO%C2%AE_Flooring_NH_Icon.png
interior,ca85db35f2cf4237,https://dodo.ac/np/images/7/7f/White_Wedding_Rug_NH_Icon.png
interior,ca984a7d08432677,https://dodo.ac/np/images/8/8d/Gold-Screen_Wall_NH_Icon.png
interior,cbc870ada3cea4ca,https://dodo.ac/np/images/6/66/Apple_Wall_NH_Icon.png
interior,cbd56f93d49f56a6,https://dodo.ac/np/images/a/a5/Cinnamoroll_Wall_NH_Icon.png
interior,cc990819aecb387a,https://dodo.ac/np/images/9/9a/Paradise_Planning_Flooring_NH_Icon.png
interior,cca9de06566f96ab,https://dodo.ac/np/images/0/0c/Purple_Moroccan_Flooring_NH_Icon.png
interior,cd1ce489af326484,https://dodo.ac/np/images/8/80/Light_Square_Tile_NH_Icon.png
interior,cd38de1346ba71f2,https://dodo.ac/np/images/3/34/Red_Heart-Pattern_Wall_NH_Icon.png
interior,cd41ffe54fd3a845,https://dodo.ac/np/images/8/80/Fossil_Rug_NH_Icon.png
interior,cd9f461ba2fd5ee7,https://dodo.ac/np/images/6/63/Brown-Brick_Flooring_NH_Icon.png
interior,cddd4e6074bbd060,https://dodo.ac/np/images/2/2f/Beige_Art-Deco_Wall_NH_Icon.png
interior,ce6095e71dab3380,https://dodo.ac/np/images/e/ec/Brown_Diner_Wall_NH_Icon.png
interior,cf21d1a05ccdebde,https://dodo.ac/np/images/2/25/Pompompurin_Rug_NH_Icon.png
interior,cf87c69a8d7fc72a,https://dodo.ac/np/images/c/c8/Gray_Vinyl_Flooring_NH_Icon.png
interior,cf9900ae938e41ac,https://dodo.ac/np/images/4/44/Blue_Rubber_Flooring_NH_Icon.png
interior,cfe747e2de9fbf95,https://dodo.ac/np/images/6/68/Blue_Tile_Wall_NH_Icon.png
interior,d0010721530fa0f3,https://dodo.ac/np/images/f/f1/Party_Flooring_NH_Icon.png
interior,d06056989758503a,https://dodo.ac/np/images/e/e5/Zebra-Print_Flooring_NH_Icon.png
interior,d06eab227a409174,https://dodo.ac/np/images/f/f4/Light-Wood_Flooring_Sheet_NH_Icon.png
interior,d0f47b30c9fdbf81,https://dodo.ac/np/images/8/82/Sumo_Ring_NH_Icon.png
interior,d1b5b8b77170d503,https://dodo.ac/np/images/6/62/Blue_Medium_Round_Mat_NH_Icon.png
interior,d1bb18dc75809ede,https://dodo.ac/np/images/6/62/Simple_Small_Avocado_Mat_NH_Icon.png
interior,d1f866ee03ef2e15,https://dodo.ac/np/images/f/f2/Simple_Small_Purple_Mat_NH_Icon.png
interior,d21529cce9735156,https://dodo.ac/np/images/e/e1/Garbage-Heap_Flooring_NH_Icon.png
interior,d25e2252df0e393b,https://dodo.ac/np/images/1/12/Dojo_Wall_NH_Icon.png
interior,d2a4abfdea7b2128,https://dodo.ac/np/images/0/0e/Glowing-Moss_Cave_Wall_NH_Icon.png
interior,d2e10a00a14b51f4,https://dodo.ac/np/images/0/0a/Pink_Hawaiian_Quilt_Rug_NH_Icon.png
interior,d37fe3ee55db6e1b,https://dodo.ac/np/images/8/87/Blue_Blocks_Rug_NH_Icon.png
interior,d42842454c1fdb39,https://dodo.ac/np/images/9/99/Steel-Frame_Wall_NH_Icon.png
interior,d4477dba2a2716fa,https://dodo.ac/np/images/0/04/Blue_Moroccan-Style_Wall_NH_Icon.png
interior,d494dcd6925a5aca,https://dodo.ac/np/images/4/49/Server-Room_Wall_NH_Icon.png
interior,d601634024a0ef7c,https://dodo.ac/np/images/0/01/Blue_Vinyl_Sheet_NH_Icon.png
interior,d6aeba8b9a971e7f,https://dodo.ac/np/images/2/2d/Simple_Navy_Bath_Mat_NH_Icon.png
interior,d6c586aa6e8247f4,https://dodo.ac/np/images/2/2e/Flagstone_Flooring_NH_Icon.png
interior,d6e95d51220b964e,https://dodo.ac/np/images/3/36/Dirt_Flooring_NH_Icon.png
interior,d751f16b9a23529b,https://dodo.ac/np/images/b/b3/Gray-Striped_Wall_NH_Icon.png
interior,d765e4f3fda56e9e,https://dodo.ac/np/images/2/24/Modern_Shoji-Screen_Wall_NH_Icon.png
interior,d7d4a4655cb8c1b0,https://dodo.ac/np/images/1/10/Modern_LEGO%C2%AE_Flooring_NH_Icon.png
interior,d7dfa50c0a4dbf71,https://dodo.ac/np/images/b/b5/Tiger-Print_Flooring_NH_Icon.png
interior,d7e4d7647907014a,https://dodo.ac/np/images/c/c3/Street-Art_Wall_NH_Icon.png
interior,d84aaed9e6061647,https://dodo.ac/np/images/b/bf/Colorful_Puzzle_Wall_NH_Icon.png
interior,d9399fd18d9ac2d2,https://dodo.ac/np/images/2/2a/Modern_Wavy_Rug_NH_Icon.png
interior,d9aa81b4facd33a1,https://dodo.ac/np/images/b/bc/Summer-Shell_Rug_NH_Icon.png
interior,da3109f4a119ae2e,https://dodo.ac/np/images/0/04/Brown-Brick_Wall_NH_Icon.png
interior,da5cc4467f3ceb04,https://dodo.ac/np/images/2/2b/Yellow-Striped_Wall_NH_Icon.png
interior,db2d08ca015dbc40,https://dodo.ac/np/images/5/59/Bone_Entrance_Mat_NH_Icon.png
interior,db37197eb775d17b,https://dodo.ac/np/images/c/c9/Nook_Inc._Silk_Rug_NH_Icon.png
interior,db39e2c7ee4444e8,https://dodo.ac/np/images/8/84/Zen_Architecture_Wall_NH_Icon.png
interior,dbc2a3c0d1fbfdc4,https://dodo.ac/np/images/9/98/Backyard_Lawn_NH_Icon.png
interior,dbd20e4f3ad9f647,https://dodo.ac/np/images/b/b3/Natural-Block_Flooring_NH_Icon.png
interior,dbf50c10849880c8,https://dodo.ac/np/images/9/9c/Mermaid_Wall_NH_Icon.png
interior,dc0178e333c22e4b,https://dodo.ac/np/images/3/3e/Tatami_Flooring_NH_Icon.png
interior,dc27b4503f21806d,https://dodo.ac/np/images/3/34/Eeltail_Alley_Wall_NH_Icon.png
interior,dc3132e51ba975cf,https://dodo.ac/np/images/0/00/Retro_Flower-Print_Wall_NH_Icon.png
interior,dc403c1c666843ce,https://dodo.ac/np/images/1/1d/Nook_Inc._Flooring_NH_Icon.png
interior,dc80a007c4b8e40d,https://dodo.ac/np/images/f/f5/Harmonious_Wall_NH_Icon.png
interior,dd087a9777724d08,https://dodo.ac/np/images/6/61/Bamboo_Wall_NH_Icon.png
interior,dd3c837695d21963,https://dodo.ac/np/images/9/92/Rose_Wall_NH_Icon.png
interior,ddb0ca60b0162583,https://dodo.ac/np/images/2/2d/Abstract_Wall_NH_Icon.png
interior,ddebf0cd623453c4,https://dodo.ac/np/images/0/0a/Lava_Flooring_NH_Icon.png
interior,debe727d81fe7f83,https://dodo.ac/np/images/2/28/Parking_Flooring_NH_Icon.png
interior,ded33581cd75c03f,https://dodo.ac/np/images/3/3f/Colorful-Tile_Wall_NH_Icon.png
interior,dfb3e51bf8aed526,https://dodo.ac/np/images/f/f0/Concrete_Flooring_NH_Icon.png
interior,dfe5e9c2c7785267,https://dodo.ac/np/images/3/32/Western_Vista_NH_Icon.png
interior,dff47b4d6404793e,https://dodo.ac/np/images/7/75/Small_Paradise_Planning_Mat_NH_Icon.png
interior,e00f21d6e69ea884,https://dodo.ac/np/images/9/93/Sky_Wall_NH_Icon.png
interior,e020fef53cb3826c,https://dodo.ac/np/images/b/b2/Golden_Flooring_NH_Icon.png
interior,e03ce42f9a4c1406,https://dodo.ac/np/images/e/e9/Swamp_Flooring_NH_Icon.png
interior,e048e986f1daf1a4,https://dodo.ac/np/images/1/1a/Party_Wall_NH_Icon.png
interior,e0b9a5051fafafac,https://dodo.ac/np/images/a/a5/Pyramid_Tile_NH_Icon.png
interior,e108aab6e27c28d1,https://dodo.ac/np/images/d/d7/Stripe_Flooring_NH_Icon.png
interior,e11051f5ad6c5816,https://dodo.ac/np/images/1/10/Pine-Board_Flooring_NH_Icon.png
interior,e1415eff8e98162d,https://dodo.ac/np/images/1/19/Frozen-Foods_Freezer_Wall_NH_Icon.png
interior,e2cc7e7eb9860ca9,https://dodo.ac/np/images/8/8a/Colorful_Puzzle_Flooring_NH_Icon.png
interior,e2e5cb3ca898a249,https://dodo.ac/np/images/4/4e/Future-Tech_Wall_NH_Icon.png
interior,e2ed4f4272b6cd3e,https://dodo.ac/np/images/f/f9/Arabesque_Flooring_NH_Icon.png
interior,e310d140be99457a,https://dodo.ac/np/images/9/95/Cherry-Blossom_Rug_NH_Icon.png
interior,e3574f05b808d081,https://dodo.ac/np/images/f/f3/White_Honeycomb_Tile_NH_Icon.png
interior,e3f00d079f3260f5,https://dodo.ac/np/images/e/e0/Rammed-Earth_Wall_NH_Icon.png
interior,e43a92355de54f66,https://dodo.ac/np/images/e/e0/Ringside_Seating_NH_Icon.png
interior,e44ba3aa8ac489e9,https://dodo.ac/np/images/d/db/Maple-Leaf_Rug_NH_Icon.png
interior,e52db6e4acca7295,https://dodo.ac/np/images/2/23/Paintball_Flooring_NH_Icon.png
interior,e6838033c6479a3b,https://dodo.ac/np/images/8/88/Paintball_Wall_NH_Icon.png
interior,e6898920790724f4,https://dodo.ac/np/images/2/2f/Scramble_Crosswalk_NH_Icon.png
interior,e6d91643acb017db,https://dodo.ac/np/images/5/5b/Dark_Wood-Pattern_Flooring_NH_Icon.png
interior,e743f4ac6ef13b10,https://dodo.ac/np/images/a/a1/Black_Window-Panel_Wall_NH_Icon.png
interior,e780ab223f5e0da1,https://dodo.ac/np/images/a/ab/Yellow_Playroom_Wall_NH_Icon.png
interior,e7e31e5f6e97cf34,https://dodo.ac/np/images/8/86/Bathhouse_Wall_NH_Icon.png
interior,e855cd80a488b116,https://dodo.ac/np/images/c/cb/White_Wedding_Flooring_NH_Icon.png
interior,e87892da472abe02,https://dodo.ac/np/images/d/d3/Mod_Wall_NH_Icon.png
interior,e8c13f164f9eef73,https://dodo.ac/np/images/1/14/Basement_Flooring_NH_Icon.png
interior,e9781089b54c98fc,https://dodo.ac/np/images/8/80/Honeycomb-Tile_Wall_NH_Icon.png
interior,e9b0e544936f8db7,https://dodo.ac/np/images/0/05/Lakitu%27s_Cloud_Rug_NH_Icon.png
interior,e9d4063a1fd73ad9,https://dodo.ac/np/images/b/b5/Simple_Small_Orange_Mat_NH_Icon.png
interior,ea40b7ba23595999,https://dodo.ac/np/images/6/6f/Imperial_Wall_NH_Icon.png
interior,ea52b8230944abae,https://dodo.ac/np/images/f/fe/Dark_Herringbone_Flooring_NH_Icon.png
interior,ea5f960c11fc17b3,https://dodo.ac/np/images/8/83/Fireworks-Show_Wall_NH_Icon.png
interior,ea6d6063a34cabb6,https://dodo.ac/np/images/1/15/Colorful_Mosaic-Tile_Flooring_NH_Icon.png
interior,eb778e6fb7db31a7,https://dodo.ac/np/images/e/e6/Crop-Circles_Flooring_NH_Icon.png
interior,ec9f66542c194b49,https://dodo.ac/np/images/e/ec/Brown-Crown_Wall_NH_Icon.png
interior,eca76ca26212d5f2,https://dodo.ac/np/images/f/f8/Aqua_Tile_Flooring_NH_Icon.png
interior,ecbd07b9dda6c160,https://dodo.ac/np/images/a/a3/Nook_Inc._Wall_NH_Icon.png
interior,ecc140e3918c979f,https://dodo.ac/np/images/9/90/Rock-Climbing_Wall_NH_Icon.png
interior,ed12eb4101c312ae,https://dodo.ac/np/images/2/2a/Museum_Wall_NH_Icon.png
interior,ed1e140f99df2507,https://dodo.ac/np/images/c/c2/Record_Rug_NH_Icon.png
interior,ed7b2659faf946d2,https://dodo.ac/np/images/1/10/Brown_Herringbone_Wall_NH_Icon.png
interior,ee221effb6e488ea,https://dodo.ac/np/images/8/85/Green_Molded-Panel_Wall_NH_Icon.png
interior,ee24ecec200fccee,https://dodo.ac/np/images/0/0d/Basic_Wall_NH_Icon.png
interior,ee38afb5ed13a7de,https://dodo.ac/np/images/3/30/Berry-Chocolates_Flooring_NH_Icon.png
interior,ee5e99a822223557,https://dodo.ac/np/images/b/b2/Tent_Wall_NH_Icon.png
interior,ee7aed9b2126955c,https://dodo.ac/np/images/7/7f/Green_Shaggy_Rug_NH_Icon.png
interior,eedc48b14873dde5,https://dodo.ac/np/images/9/96/Blue_Intricate_Wall_NH_Icon.png
interior,eeed5a50de177edf,https://dodo.ac/np/images/0/03/Mom%27s_Playful_Kitchen_Mat_NH_Icon.png
interior,ef4f3815814f6b4e,https://dodo.ac/np/images/0/04/Jungle_Wall_NH_Icon.png
interior,f0484d33b6f7b0f5,https://dodo.ac/np/images/8/87/White-Chocolates_Flooring_NH_Icon.png
interior,f0e42471081ca316,https://dodo.ac/np/images/4/42/Nook_Inc._Rug_NH_Icon.png
interior,f0e997b0a28c0a28,https://dodo.ac/np/images/4/46/Marine_Pop_Flooring_NH_Icon.png
interior,f1d8fbc3230205ed,https://dodo.ac/np/images/a/ae/Coconut_Mat_NH_Icon.png
interior,f1dca840ac8aed81,https://dodo.ac/np/images/b/bc/Natural-Wood_Flooring_Sheet_NH_Icon.png
interior,f20a5cf966d9acba,https://dodo.ac/np/images/f/f9/Green_Exercise_Mat_NH_Icon.png
interior,f2e24cbeb4fcbb3b,https://dodo.ac/np/images/8/87/Gray_Argyle-Tile_Flooring_NH_Icon.png
interior,f30c89dd3f167e04,https://dodo.ac/np/images/e/e6/Tatami_Mat_NH_Icon.png
interior,f310b5957fa39375,https://dodo.ac/np/images/9/90/Gold_Iron-Parquet_Flooring_NH_Icon.png
interior,f31a4283c5208dd3,https://dodo.ac/np/images/e/eb/Red_Dotted_Wall_NH_Icon.png
interior,f36234a4e2aa6fda,https://dodo.ac/np/images/a/a0/White_Subway-Tile_Wall_NH_Icon.png
interior,f37a5288cf998285,https://dodo.ac/np/images/5/55/Coffee-Shop_Wall_NH_Icon.png
interior,f3dca10c4e1acde4,https://dodo.ac/np/images/8/89/Lacy_Rug_NH_Icon.png
interior,f44fe0f67b604b1f,https://dodo.ac/np/images/8/89/Skull_Wall_NH_Icon.png
interior,f5210ef9dd16244a,https://dodo.ac/np/images/1/1c/Simple_White_Flooring_NH_Icon.png
interior,f5398464a6e2b489,https://dodo.ac/np/images/4/4d/Mangrove_Wall_NH_Icon.png
interior,f5c6095d5b1f5d3b,https://dodo.ac/np/images/9/92/Brown_Wooden-Deck_Rug_NH_Icon.png
interior,f6041fc38e014af3,https://dodo.ac/np/images/c/cf/Iron_Entrance_Mat_NH_Icon.png
interior,f618b93c8e2040ca,https://dodo.ac/np/images/4/44/White_Simple_Medium_Mat_NH_Icon.png
interior,f672c6b6bf988018,https://dodo.ac/np/images/1/1a/Sandlot_NH_Icon.png
interior,f71921853dd62192,https://dodo.ac/np/images/6/63/Apparel-Shop_Wall_NH_Icon.png
interior,f7760abc047731d9,https://dodo.ac/np/images/e/e0/Ivy_Wall_NH_Icon.png
interior,f7aa860e324b294b,https://dodo.ac/np/images/0/0d/Retro_Dotted_Rug_NH_Icon.png
interior,f82c791306232e00,https://dodo.ac/np/images/a/af/Orange-Paint_Wall_NH_Icon.png
interior,f84cdd6cfeb7e2b5,https://dodo.ac/np/images/c/c7/Pink_Rose_Rug_NH_Icon.png
interior,f8b1253d322cb2eb,https://dodo.ac/np/images/9/99/Fish_Rug_NH_Icon.png
interior,f8f32d3a1a1a7f4f,https://dodo.ac/np/images/4/49/Shanty_Mat_NH_Icon.png
interior,f9a614b188a605db,https://dodo.ac/np/images/9/97/Circus_Wall_NH_Icon.png
interior,fa9b6011f59d75d3,https://dodo.ac/np/images/3/3f/Simple_Entrance_Mat_NH_Icon.png
interior,fc00249604c073eb,https://dodo.ac/np/images/0/07/Random-Square-Tile_Flooring_NH_Icon.png
interior,fc5c061973c49166,https://dodo.ac/np/images/8/80/Brown_Wedding_Wall_NH_Icon.png
interior,fdf576b08b84aed6,https://dodo.ac/np/images/5/51/Rice-Paddy_Wall_NH_Icon.png
interior,fdf6652dda78adc8,https://dodo.ac/np/images/6/6a/Forest_Wall_NH_Icon.png
interior,fea280555a3abe7d,https://dodo.ac/np/images/4/47/Arched-Brick_Flooring_NH_Icon.png
interior,fed7b9d798e3e9dd,https://dodo.ac/np/images/c/c1/Hexagonal_Floral_Flooring_NH_Icon.png
interior,ff087652fa8f2496,https://dodo.ac/np/images/3/32/Camo_Flooring_NH_Icon.png
interior,ff483f40e1b41088,https://dodo.ac/np/images/b/b3/Cookie_Rug_NH_Icon.png
interior,ff9b89f31753e0ae,https://dodo.ac/np/images/d/dc/Retro_Restaurant_Wall_NH_Icon.png
interior,ffcf6f227646e4a7,https://dodo.ac/np/images/1/19/Simple_Medium_Purple_Mat_NH_Icon.png
interior,ffe745d51a1034aa,https://dodo.ac/np/images/5/59/Camo_Wall_NH_Icon.png
interior,ffe78d5095269d1d,https://dodo.ac/np/images/f/fd/Ivory_Simple_Bath_Mat_NH_Icon.png
items,00542d6c35bb4fbd,https://dodo.ac/np/images/7/77/Tall_Golden_Island_Counter_NH_Icon.png
items,00ab3e7708d713d5,https://dodo.ac/np/images/4/4c/Clay_NH_Icon.png
items,01e0b8d5595a50d3,https://dodo.ac/np/images/9/9b/Flower_Bag_NH_Icon.png
items,04a58853f4bc17d9,https://dodo.ac/np/images/c/c0/Pink-Azalea_Start_NH_Icon.png
items,051b5c847a24c5d7,https://dodo.ac/np/images/7/75/White-Pansy_Plant_NH_Icon.png
items,053c61a32e9239c4,https://dodo.ac/np/images/6/60/Pink-Windflower_Plant_NH_Icon.png
items,05c225ad474a1c06,https://dodo.ac/np/images/8/83/Red-Rose_Plant_NH_Icon.png
items,05e5e6de22d3eadd,https://dodo.ac/np/images/6/67/Cherry_NH_Icon.png
items,06d1993ad2b4b63c,https://dodo.ac/np/images/0/08/Spooky_Fence_NH_Icon.png
items,074bdbec888c7508,https://dodo.ac/np/images/2/23/Black-Tulip_Plant_NH_Icon.png
items,08173bc4e5339bf6,https://dodo.ac/np/images/d/d1/Wood_Egg_NH_Icon.png
items,08aac34841d0a115,https://dodo.ac/np/images/4/4e/Head_Mannequin_NH_Icon.png
items,08e898a1e9fb878f,https://dodo.ac/np/images/d/de/Apple_Tree_NH_Icon.png
items,0911b226deab06f8,https://dodo.ac/np/images/1/1b/Blue_Windflowers_NH_Icon.png
items,09ac4f97b881cd9c,https://dodo.ac/np/images/f/fa/Blue-Windflower_Plant_NH_Icon.png
items,0ae75629a009c3a2,https://dodo.ac/np/images/6/62/Construction_Kit_NH_Inv_Icon.png
items,0af05f7bb4372488,https://dodo.ac/np/images/6/6e/Purple_Mums_NH_Icon.png
items,0b2b6e256e507341,https://dodo.ac/np/images/8/85/Orange_Lilies_NH_Icon.png
items,0dcba9dc84ef9c7e,https://dodo.ac/np/images/1/17/Corrugated_Iron_Fence_%28Gray%29_NH_Icon.png
items,0e56cbd2e9551b6d,https://dodo.ac/np/images/e/ec/Red-Windflower_Plant_NH_Icon.png
items,0efbd7d0de98abe8,https://dodo.ac/np/images/2/2e/Brick_Pillar_%28Red%29_NH_Icon.png
items,11d3141ed7f7b02d,https://dodo.ac/np/images/d/d7/Yellow-Hibiscus_Start_NH_Icon.png
items,11e0e177b5c2adf2,https://dodo.ac/np/images/e/ed/Cooking_Recipes_Pack_NH_Icon.png
items,123fd798d0ad2df8,https://dodo.ac/np/images/e/eb/Pumpkin_Start_NH_Icon.png
items,12c58e33c659de1c,https://dodo.ac/np/images/b/b2/White_Lilies_NH_Icon.png
items,12e36caa33bf710e,https://dodo.ac/np/images/5/5b/Lost_Book_NH_Icon.png
items,1339a10ceedc6030,https://dodo.ac/np/images/6/63/Purple-Mum_Plant_NH_Icon.png
items,136886de2652572f,https://dodo.ac/np/images/3/34/Otoshidama_Envelope_NH_Icon.png
items,136faa80f6848b70,https://dodo.ac/np/images/9/9d/Rainbow_Feather_NH_Icon.png
items,14188cf1a6124b6c,https://dodo.ac/np/images/4/4c/Rare_Mushroom_NH_Icon.png
items,145f8e26fecb660f,https://dodo.ac/np/images/a/a0/Yellow-Lily_Plant_NH_Icon.png
items,1461b60ae7a39c26,https://dodo.ac/np/images/8/8f/Special_Card_NH_Icon.png
items,1468f2e27b4bd24a,https://dodo.ac/np/images/5/57/Sapling_NH_Icon.png
items,146b396ea4b2ddc0,https://dodo.ac/np/images/b/b7/Ripe_Orange-Pumpkin_Plant_NH_Icon.png
items,1472b36c75614adf,https://dodo.ac/np/images/d/d7/Brick_Path_Permit_NH_Icon.png
items,14bc366fa57ff501,https://dodo.ac/np/images/8/8f/Special_Card_NH_Icon.png
items,156dcb318d8be6e1,https://dodo.ac/np/images/8/8b/Bamboo_Piece_NH_Icon.png
items,15a37065a4484149,https://dodo.ac/np/images/7/76/Partition_Wall_NH_Icon.png
items,167a5495814f0174,https://dodo.ac/np/images/9/9d/Custom_Designs_Portal_NH_Icon.png
items,187ccac5f558ca15,https://dodo.ac/np/images/a/ab/Ripe_White-Pumpkin_Plant_NH_Icon.png
items,1885ae37f24143eb,https://dodo.ac/np/images/d/de/Navy_Wrapping_Paper_NH_Icon.png
items,1898790fc6a00a83,https://dodo.ac/np/images/9/9b/Flower_Bag_NH_Icon.png
items,18d03a5eae056933,https://dodo.ac/np/images/4/44/Shell_NH_Icon.png
items,192222305e51dfe5,https://dodo.ac/np/images/9/96/Red-Pansy_Plant_NH_Icon.png
items,198e8250ac13ca33,https://dodo.ac/np/images/7/7c/Orange_NH_Icon.png
items,1a58d4c29b384f57,https://dodo.ac/np/images/c/c9/Glowing_Moss_NH_Icon.png
items,1ab6f47fb46026fe,https://dodo.ac/np/images/0/01/Cancer_Fragment_NH_Icon.png
items,1bf39451264dcaba,https://dodo.ac/np/images/d/de/Hardwood_NH_Icon.png
items,1bfd2444cde52eed,https://dodo.ac/np/images/6/6a/Concrete_Pillar_NH_Icon.png
items,1c033dcf87dcf182,https://dodo.ac/np/images/0/00/Purple-Hyacinth_Plant_NH_Icon.png
items,1c18c378d50d1c65,https://dodo.ac/np/images/6/63/Coconut_Tree_NH_Icon.png
items,1c238723333d86ba,https://dodo.ac/np/images/6/6d/Cherry_Tree_NH_Icon.png
items,1dae79137cb56da1,https://dodo.ac/np/images/5/51/Tall_Wooden_Island_Counter_%28Light_Wood%29_NH_Icon.png
items,1e3425fdce3e2f20,https://dodo.ac/np/images/e/e8/Orange_Hyacinths_NH_Icon.png
items,1f0fd8b1e20044a1,https://dodo.ac/np/images/a/a2/Wood_NH_Icon.png
items,206ce45b62e529be,https://dodo.ac/np/images/c/c4/Red-Tulip_Plant_NH_Icon.png
items,20e0715ef26b9b3a,https://dodo.ac/np/images/7/7e/Customization_Kit_NH_Icon.png
items,21355cfc026fbed9,https://dodo.ac/np/images/6/62/Construction_Kit_NH_Inv_Icon.png
items,215b503d6e702656,https://dodo.ac/np/images/8/8f/Special_Card_NH_Icon.png
items,21dc638dcec31033,https://dodo.ac/np/images/0/0e/Purple-Tulip_Plant_NH_Icon.png
items,21f25d5bcf3e7e9f,https://dodo.ac/np/images/5/51/Terra-Cotta_Tile_Permit_NH_Icon.png
items,2204a4fb26fa7cb1,https://dodo.ac/np/images/b/bd/Rope_Fence_NH_Icon.png
items,2253c46963d46e45,https://dodo.ac/np/images/b/b0/Skinny_Mushroom_NH_Icon.png
items,230c9edacb9991a7,https://dodo.ac/np/images/9/94/Ripe_Sugarcane_Plant_NH_Icon.png
items,23728413224b8fce,https://dodo.ac/np/images/2/23/Orange-Rose_Plant_NH_Icon.png
items,2475b934eba430a1,https://dodo.ac/np/images/6/6d/White_Windflowers_NH_Icon.png
items,2622798a4ee18b20,https://dodo.ac/np/images/5/5c/Red_Lilies_NH_Icon.png
items,2624ee149b04811d,https://dodo.ac/np/images/b/b3/White-Plumeria_Start_NH_Icon.png
items,2737f187d53a311b,https://dodo.ac/np/images/9/94/Ripe_Tomato_Plant_NH_Icon.png
items,27a32cf258b573ec,https://dodo.ac/np/images/d/d0/Red_Ornament_NH_Icon.png
items,29601c609aab2a19,https://dodo.ac/np/images/d/d9/Yellow-Tea-Olive_Start_NH_Icon.png
items,29a62986a17be0b5,https://dodo.ac/np/images/8/85/Lucky_Red_Envelope_NH_Icon.png
items,2a89fe7a469752df,https://dodo.ac/np/images/9/9f/Tall_Steel_Island_Counter_NH_Icon.png
items,2bd170a09d0b5248,https://dodo.ac/np/images/c/c6/Dream_Bell_Exchange_Ticket_NH_Icon.png
items,2c6d034ca42331e6,https://dodo.ac/np/images/4/44/Shell_NH_Icon.png
items,2cc8d6ea853042f2,https://dodo.ac/np/images/d/de/Whole-Wheat_Flour_NH_Icon.png
items,2cfe5326f12f94e4,https://dodo.ac/np/images/4/4c/Hairstyle_Pack_NH_Inv_Icon.png
items,2d3704c2446df43a,https://dodo.ac/np/images/9/95/Blue_Ornament_NH_Icon.png
items,2e264c12e469de3d,https://dodo.ac/np/images/3/39/Potato_NH_Icon.png
items,2e4a151b8527a553,https://dodo.ac/np/images/4/47/Large_Star_Fragment_NH_Icon.png
items,2f60cef80a713562,https://dodo.ac/np/images/5/58/Yellow-Hibiscus_Bush_NH_Icon.png
items,2fa90a0ee1d69661,https://dodo.ac/np/images/6/6b/Tomato_NH_Icon.png
items,305f9ae6e1d2248d,https://dodo.ac/np/images/d/de/Softwood_NH_Icon.png
items,30b115134c5326bc,https://dodo.ac/np/images/4/4c/Hairstyle_Pack_NH_Inv_Icon.png
items,30c1176fe42c9259,https://dodo.ac/np/images/f/f5/Nook_Miles_Ticket_NH_Icon.png
items,317c3f9d2f2d6dbc,https://dodo.ac/np/images/3/35/Water_Egg_NH_Icon.png
items,31d34edc5f97e513,https://dodo.ac/np/images/d/d2/Arched_Tile_Path_Permit_NH_Icon.png
items,3259cb6f5b271d8a,https://dodo.ac/np/images/d/de/Steel_Pillar_NH_Icon.png
items,32fafdde691d131b,https://dodo.ac/np/images/a/ab/Tall_Marble_Island_Counter_%28Gray%29_NH_Icon.png
items,33082882f57c4994,https://dodo.ac/np/images/b/b2/Log-Wall_Fence_NH_Icon.png
items,3352616eb84419d5,https://dodo.ac/np/images/9/9e/Purple_Hyacinths_NH_Icon.png
items,33c3481358020f81,https://dodo.ac/np/images/4/4c/Hairstyle_Pack_NH_Inv_Icon.png
items,3441b099e57182d3,https://dodo.ac/np/images/3/36/Black-Cosmos_Plant_NH_Icon.png
items,3589137455ecfb16,https://dodo.ac/np/images/9/9b/Flower_Bag_NH_Icon.png
items,35bb52e97ff043ba,https://dodo.ac/np/images/3/33/Coconut_NH_Icon.png
items,35ef280bd330a43a,https://dodo.ac/np/images/a/a5/White-Cosmos_Plant_NH_Icon.png
items,35fc3bbfbb6497be,https://dodo.ac/np/images/3/31/Wheat_NH_Icon.png
items,362276af878e88b2,https://dodo.ac/np/images/1/1a/White_Pumpkin_NH_Icon.png
items,3651b29b092846d5,https://dodo.ac/np/images/2/2b/Gemini_Fragment_NH_Icon.png
items,365e7b947c5d3a53,https://dodo.ac/np/images/7/72/Souvenir_Chocolates_NH_Icon.png
items,36680f1b333880ac,https://dodo.ac/np/images/a/a8/Campsite_Construction_Kit_NH_DIY_Icon.png
items,36797bdb6d1fdb5f,https://dodo.ac/np/images/5/56/Yellow-Cosmos_Plant_NH_Icon.png
items,36c00424d2b9a77c,https://dodo.ac/np/images/7/76/Tall_Simple_Island_Counter_%28White%29_NH_Icon.png
items,36c92020f4e2fa61,https://dodo.ac/np/images/a/af/Yellow_Roses_NH_Icon.png
items,36d2412a1d5399c2,https://dodo.ac/np/images/c/c1/Bunny_Day_Fence_NH_Icon.png
items,374d02f578654f01,https://dodo.ac/np/images/4/4c/Hairstyle_Pack_NH_Inv_Icon.png
items,37ca35d9900bea79,https://dodo.ac/np/images/9/95/Yellow-Rose_Plant_NH_Icon.png
items,37ec7718ad45eaab,https://dodo.ac/np/images/c/c8/Blue-Hydrangea_Start_NH_Icon.png
items,38012b9fd3719ae3,https://dodo.ac/np/images/d/d7/Apple_NH_Icon.png
items,38592fb9437eabc7,https://dodo.ac/np/images/6/66/Purple_Wrapping_Paper_NH_Icon.png
items,389d03903e6042d1,https://dodo.ac/np/images/9/9b/Flower_Bag_NH_Icon.png
items,38a41a168c0de895,https://dodo.ac/np/images/9/9b/Flower_Bag_NH_Icon.png
items,38f2404987f0f4e2,https://dodo.ac/np/images/b/b0/Fossil_NH_Icon.png
items,3a4cf2a86127488d,https://dodo.ac/np/images/8/8f/Special_Card_NH_Icon.png
items,3aa84e643508de73,https://dodo.ac/np/images/9/9e/White-Azalea_Bush_NH_Icon.png
items,3c78871126ceb71e,https://dodo.ac/np/images/2/25/Earth_Egg_NH_Icon.png
items,3cacd8d4157893f7,https://dodo.ac/np/images/f/fa/Blue_Roses_NH_Icon.png
items,3d43e62862e5ec2b,https://dodo.ac/np/images/6/61/Sand_Path_Permit_NH_Icon.png
items,3eba0719bffa14ac,https://dodo.ac/np/images/0/06/Red-Cosmos_Plant_NH_Icon.png
items,3f019876226ae024,https://dodo.ac/np/images/6/65/Round_Mushroom_NH_Icon.png
items,3f3efc24f984c0c4,https://dodo.ac/np/images/3/35/Log_Fence_NH_Icon.png
items,3f81ac87aec33a91,https://dodo.ac/np/images/c/c4/Yellow-Tea-Olive_Bush_NH_Icon.png
items,401aeb2aca2e6316,https://dodo.ac/np/images/2/25/Dark_Dirt_Path_Permit_NH_Icon.png
items,402068e13b0402e3,https://dodo.ac/np/images/7/71/Pink_Hyacinths_NH_Icon.png
items,40f0f116b2a5bc55,https://dodo.ac/np/images/9/9f/Acorn_NH_Icon.png
items,41908a3ea5627c34,https://dodo.ac/np/images/6/62/Construction_Kit_NH_Inv_Icon.png
items,41f765e74b2f3748,https://dodo.ac/np/images/1/1c/Gold-Rose_Plant_NH_Icon.png
items,427d76e160575253,https://dodo.ac/np/images/9/9c/Pink_Roses_NH_Icon.png
items,4292b29d57e3d920,https://dodo.ac/np/images/a/ae/Hardwood_Tree_NH_Icon.png
items,42bc7dd8e7a07061,https://dodo.ac/np/images/9/96/Pink-Rose_Plant_NH_Icon.png
items,433d60ce2c618cc4,https://dodo.ac/np/images/9/93/Spiky_Fence_NH_Icon.png
items,446b94036719a0ee,https://dodo.ac/np/images/8/8f/Special_Card_NH_Icon.png
items,44c7ec0dfebe3bcd,https://dodo.ac/np/images/6/6b/Ripe_Yellow-Pumpkin_Plant_NH_Icon.png
items,46513a809da3e0da,https://dodo.ac/np/images/1/1f/Black_Lilies_NH_Icon.png
items,47f553be35d2a20c,https://dodo.ac/np/images/c/c8/Holly_Start_NH_Icon.png
items,48279b3d9d332bfb,https://dodo.ac/np/images/7/76/Orange_Wrapping_Paper_NH_Icon.png
items,486b3f05c5054fa9,https://dodo.ac/np/images/1/19/Lattice_Fence_%28Natural%29_NH_Icon.png
items,498a6df5099a336e,https://dodo.ac/np/images/8/80/Capricorn_Fragment_NH_Icon.png
items,499db758addab72c,https://dodo.ac/np/images/9/9b/Flower_Bag_NH_Icon.png
items,49d301738c15ef96,https://dodo.ac/np/images/f/f6/Lily-of-the-Valley_Plant_NH_Icon.png
items,49feb6cb02e60004,https://dodo.ac/np/images/c/cd/Pencil_NH_Icon.png
items,4a9a553f06ff28c8,https://dodo.ac/np/images/3/30/White-Azalea_Start_NH_Icon.png
items,4c0287cca3a92c54,https://dodo.ac/np/images/1/10/Blue-Rose_Plant_NH_Icon.png
items,4e3672ac2bd9f108,https://dodo.ac/np/images/6/6e/Scorpius_Fragment_NH_Icon.png
items,4ec07cc63c74459e,https://dodo.ac/np/images/b/bd/Yellow-Mum_Plant_NH_Icon.png
items,4f48913aa8220700,https://dodo.ac/np/images/b/b9/Pitfall_Seed_NH_Icon.png
items,4f4fc059869df418,https://dodo.ac/np/images/6/62/Construction_Kit_NH_Inv_Icon.png
items,4fd646a4edb4301d,https://dodo.ac/np/images/5/5c/Money_Tree_NH_Icon.png
items,50cad379c5a8e7b2,https://dodo.ac/np/images/d/d4/Used_Fountain_Firework_NH_Icon.png
items,52319ad49d344b19,https://dodo.ac/np/images/f/fa/Purple-Rose_Plant_NH_Icon.png
items,55141a30b06cde95,https://dodo.ac/np/images/e/eb/Green-Mum_Plant_NH_Icon.png
items,55371722c9f1cd14,https://dodo.ac/np/images/4/4c/Present_Delivery_NH_Inv_Icon.png
items,55880717fa823004,https://dodo.ac/np/images/0/05/Ripe_Wheat_Plant_NH_Icon.png
items,562f6679802ed7ba,https://dodo.ac/np/images/4/40/Pear_NH_Icon.png
items,563f894973357ff7,https://dodo.ac/np/images/6/6e/Pro_Camera_App_NH_Inv_Icon.png
items,56a53ea7bd1e9725,https://dodo.ac/np/images/a/af/Wheat_Start_NH_Icon.png
items,56f9ac1a9c89c5fa,https://dodo.ac/np/images/9/9b/Flower_Bag_NH_Icon.png
items,580e0bfcaa175fee,https://dodo.ac/np/images/6/6a/Green_Bamboo_Fence_NH_Icon.png
items,5830fceb034da717,https://dodo.ac/np/images/2/28/Young_Spring_Bamboo_NH_Icon.png
items,5924082493402d66,https://dodo.ac/np/images/2/2e/Large_Lattice_Fence_%28Natural%29_NH_Icon.png
items,59e6a205764b33c7,https://dodo.ac/np/images/9/98/Blue_Pansies_NH_Icon.png
items,5a21f309a150d111,https://dodo.ac/np/images/b/bb/Yellow_Hyacinths_NH_Icon.png
items,5aeb5c2dd6eb89de,https://dodo.ac/np/images/1/12/Seed_Potato_NH_Icon.png
items,5b5c8d01020ea42b,https://dodo.ac/np/images/8/85/Carrot_NH_Icon.png
items,5c26c9db49859277,https://dodo.ac/np/images/7/74/Sugarcane_NH_Icon.png
items,5d996609849b8f0a,https://dodo.ac/np/images/3/33/Ripe_Carrot_Plant_NH_Icon.png
items,5dea83f3f120f348,https://dodo.ac/np/images/7/73/Tall_Brick_Island_Counter_%28Red%29_NH_Icon.png
items,5f0d14d868d0404d,https://dodo.ac/np/images/2/29/Pink-Plumeria_Start_NH_Icon.png
items,5f371751ce77d468,https://dodo.ac/np/images/b/b1/White_Tulips_NH_Icon.png
items,5f5520d32501aae3,https://dodo.ac/np/images/a/a7/Custom_Design_Pro_Editor_NH_Inv_Icon.png
items,5fa0b210e8e25322,https://dodo.ac/np/images/9/93/Sebaetdon_NH_Inv_Icon.png
items,601cb26e88c082bf,https://dodo.ac/np/images/3/3d/Red-Hyacinth_Plant_NH_Icon.png
items,6077b1431fd77195,https://dodo.ac/np/images/a/a7/Green_Mums_NH_Icon.png
items,6088f093324570be,https://dodo.ac/np/images/3/3c/Yellow-Tulip_Plant_NH_Icon.png
items,60ac8029e4d47623,https://dodo.ac/np/images/3/3e/Wooden_Path_Permit_NH_Icon.png
items,60bd77f9a362ecf5,https://dodo.ac/np/images/2/2a/Pink-Plumeria_Bush_NH_Icon.png
items,60cd48a71fe8d864,https://dodo.ac/np/images/a/a2/Orange-Tea-Olive_Start_NH_Icon.png
items,60e0c02b6554b173,https://dodo.ac/np/images/8/8a/Cedar_Tree_NH_Icon.png
items,616c57167e019df4,https://dodo.ac/np/images/8/80/White_Pansies_NH_Icon.png
items,61855c6f040c958f,https://dodo.ac/np/images/9/9e/Fish_Bait_NH_Icon.png
items,6261d2ed529b31d8,https://dodo.ac/np/images/a/a6/Purple_Pansies_NH_Icon.png
items,6333356f27ce9cc8,https://dodo.ac/np/images/1/1c/Yellow-Pansy_Plant_NH_Icon.png
items,63689cd8c868fc9c,https://dodo.ac/np/images/a/af/Country_Fence_NH_Icon.png
items,63d504e5685d96ae,https://dodo.ac/np/images/7/7d/Cedar_Sapling_NH_Icon.png
items,63f28e99bb1cbf41,https://dodo.ac/np/images/9/9b/Flower_Bag_NH_Icon.png
items,65075548d91a5422,https://dodo.ac/np/images/8/82/Frozen_Fence_%28Ice%29_NH_Icon.png
items,655501e6ea82d452,https://dodo.ac/np/images/4/44/Simple_Wooden_Fence_%28Natural%29_NH_Icon.png
items,68b2b2ac64862817,https://dodo.ac/np/images/9/9b/Flower_Bag_NH_Icon.png
items,693df8a8a5f75aac,https://dodo.ac/np/images/c/cc/Red-Camellia_Start_NH_Icon.png
items,69e51d3bd0c1d04a,https://dodo.ac/np/images/6/62/Construction_Kit_NH_Inv_Icon.png
items,6aa2f834d0165ce1,https://dodo.ac/np/images/9/94/Pink-Cosmos_Plant_NH_Icon.png
items,6b34fff650c77011,https://dodo.ac/np/images/b/b7/Red_Tulips_NH_Icon.png
items,6b8813586fb437ec,https://dodo.ac/np/images/f/f4/Paradise_Planning_Case_NH_Icon.png
items,6b96f40e1d1ecdab,https://dodo.ac/np/images/7/71/Pink_Tulips_NH_Icon.png
items,6bb755ea6c285673,https://dodo.ac/np/images/a/a9/Blue_Hyacinths_NH_Icon.png
items,6cb8404a34fd8f22,https://dodo.ac/np/images/4/41/Low_Concrete_Island_Counter_NH_Icon.png
items,6d01b799b4851907,https://dodo.ac/np/images/e/e3/Brown_Sugar_NH_Icon.png
items,6e2e12b08b04ab9f,https://dodo.ac/np/images/b/bd/White_Cosmos_NH_Icon.png
items,6e39e5b6a817cf7a,https://dodo.ac/np/images/4/4f/Straw_Fence_NH_Icon.png
items,6ec32a59a2733268,https://dodo.ac/np/images/8/86/Bamboo-Slats_Fence_NH_Icon.png
items,6f6a7247f153905d,https://dodo.ac/np/images/6/62/Construction_Kit_NH_Inv_Icon.png
items,708cc8fa67cb4aeb,https://dodo.ac/np/images/5/5d/Tree_Branch_NH_Icon.png
items,70b303ab72ef61c8,https://dodo.ac/np/images/9/9b/Flower_Bag_NH_Icon.png
items,722326bf11c641be,https://dodo.ac/np/images/9/9b/Flower_Bag_NH_Icon.png
items,72d55b17abc11d70,https://dodo.ac/np/images/f/f7/Iron_Fence_%28Light_Blue%29_NH_Icon.png
items,736adf7a9a0661f0,https://dodo.ac/np/images/0/01/DIY_Pack_NH_Icon.png
items,740786732fffb701,https://dodo.ac/np/images/7/71/Communicator_NH_Inv_Icon.png
items,75e43e28950de3b8,https://dodo.ac/np/images/7/76/Pink-Lily_Plant_NH_Icon.png
items,760efa1e7bbdd597,https://dodo.ac/np/images/7/7a/Pearl_NH_Icon.png
items,770b90b9ffe43e1a,https://dodo.ac/np/images/9/95/Red_Wrapping_Paper_NH_Icon.png
items,781bfe571784e5e1,https://dodo.ac/np/images/4/44/Shell_NH_Icon.png
items,7851d322a25c32a1,https://dodo.ac/np/images/8/8c/Yellow_Wrapping_Paper_NH_Icon.png
items,79386b76c054febe,https://dodo.ac/np/images/f/fd/White_Roses_NH_Icon.png
items,796639cbfc7bfc91,https://dodo.ac/np/images/8/8a/Conch_NH_Icon.png
items,7998a9610f2faf57,https://dodo.ac/np/images/8/8a/Conch_NH_Icon.png
items,79bc8f9c7dc2971c,https://dodo.ac/np/images/0/0c/Black_Tulips_NH_Icon.png
items,79f8b5aab0df46b1,https://dodo.ac/np/images/4/42/Red-Lily_Plant_NH_Icon.png
items,7a4ebc7ac5f53ae9,https://dodo.ac/np/images/7/7a/Cliff_Construction_Permit_NH_Inv_Icon.png
items,7af4573f8bfb2e04,https://dodo.ac/np/images/a/a5/Leo_Fragment_NH_Icon.png
items,7babb14168dff8c9,https://dodo.ac/np/images/f/f0/Island_Life_101_Service_NH_Inv_Icon.png
items,7be0cd89cd0e78a7,https://dodo.ac/np/images/2/2e/Pisces_Fragment_NH_Icon.png
items,7c8cd19d0e3ea622,https://dodo.ac/np/images/1/12/Park_Fence_%28Blue%29_NH_Icon.png
items,7c91f607927bb613,https://dodo.ac/np/images/f/fe/White_Hyacinths_NH_Icon.png
items,7f918881fa7bcc85,https://dodo.ac/np/images/9/9e/Saharah_Ticket_NH_Inv_Icon.png
items,7fce08527b10da33,https://dodo.ac/np/images/a/a6/Wedding_Fence_%28White%29_NH_Icon.png
items,80b7d94ca49d4bab,https://dodo.ac/np/images/7/77/Spoiled_Turnips_NH_Icon.png
items,8185f0140272a20d,https://dodo.ac/np/images/8/86/Mint_Wrapping_Paper_NH_Icon.png
items,81f5fb91abf7911c,https://dodo.ac/np/images/6/64/Golden_Pillar_NH_Icon.png
items,82610fe09845b10a,https://dodo.ac/np/images/2/24/Gold_Roses_NH_Icon.png
items,82b419180cee3778,https://dodo.ac/np/images/f/f3/Pink-Hydrangea_Bush_NH_Icon.png
items,82b4e797e1dca77f,https://dodo.ac/np/images/e/e8/Stone_Egg_NH_Icon.png
items,834635c405ea81bf,https://dodo.ac/np/images/e/ed/Aquarius_Fragment_NH_Icon.png
items,839132089b3d8f52,https://dodo.ac/np/images/0/05/Holly_Bush_NH_Icon.png
items,83bd6eed6513afbe,https://dodo.ac/np/images/c/ce/Peach_Tree_NH_Icon.png
items,85bd73b68a2f02c8,https://dodo.ac/np/images/9/96/Gold_Ornament_NH_Icon.png
items,87c12d0e52b6e645,https://dodo.ac/np/images/4/44/Shell_NH_Icon.png
items,89b026ba459582b1,https://dodo.ac/np/images/9/9b/Flower_Bag_NH_Icon.png
items,8a19494db46ed7b6,https://dodo.ac/np/images/e/ed/Red-Mum_Plant_NH_Icon.png
items,8a2a83f4bee5d335,https://dodo.ac/np/images/c/c3/Orange-Hyacinth_Plant_NH_Icon.png
items,8b32062539dae175,https://dodo.ac/np/images/9/9b/Flower_Bag_NH_Icon.png
items,8bc08acf6d45b32c,https://dodo.ac/np/images/f/f0/Blue-Pansy_Plant_NH_Icon.png
items,8beee713ba49b991,https://dodo.ac/np/images/e/e4/Red_Cosmos_NH_Icon.png
items,8d89e0bcc7ce6869,https://dodo.ac/np/images/5/56/Wasp_Nest_NH_Icon.png
items,8de5f51a93d22556,https://dodo.ac/np/images/7/74/Red_Roses_NH_Icon.png
items,8e00a9295087b206,https://dodo.ac/np/images/5/52/Iron-and-Stone_Fence_NH_Icon.png
items,8e66d208b0ad50be,https://dodo.ac/np/images/9/9b/Flower_Bag_NH_Icon.png
items,8eb8069ea73f5a47,https://dodo.ac/np/images/8/8a/Conch_NH_Icon.png
items,8f552b3b9a733c19,https://dodo.ac/np/images/6/62/Construction_Kit_NH_Inv_Icon.png
items,8f56c6fc91920f4c,https://dodo.ac/np/images/4/43/Zen_Fence_%28Black%29_NH_Icon.png
items,9342d60519e86d33,https://dodo.ac/np/images/1/10/Bell_Voucher_NH_Icon.png
items,93b51e73d54b5bcf,https://dodo.ac/np/images/1/17/Brick_Fence_NH_Icon.png
items,95472f791c8ff646,https://dodo.ac/np/images/a/af/Carrot_Start_NH_Icon.png
items,95710240cd95d5a3,https://dodo.ac/np/images/2/21/Yellow_Pumpkin_NH_Icon.png
items,96b1fce403d5288c,https://dodo.ac/np/images/5/55/Waterscaping_Permit_NH_Inv_Icon.png
items,97b3cc5c5b74228f,https://dodo.ac/np/images/1/1c/Chartreuse_Wrapping_Paper_NH_Icon.png
items,9828c93e1c3ebe70,https://dodo.ac/np/images/b/bd/Orange-Cosmos_Plant_NH_Icon.png
items,98d5f71fbd1f9447,https://dodo.ac/np/images/3/32/Fountain_Firework_NH_Icon.png
items,98fea16db4dab367,https://dodo.ac/np/images/d/dd/Blue_Wrapping_Paper_NH_Icon.png
items,9998ecf130b2cb0d,https://dodo.ac/np/images/4/4c/Hairstyle_Pack_NH_Inv_Icon.png
items,9a714fd945ef66a7,https://dodo.ac/np/images/b/b9/Flour_NH_Icon.png
items,9abf2e2caeb79a34,https://dodo.ac/np/images/1/1e/Yellow_Cosmos_NH_Icon.png
items,9b683f99274eac74,https://dodo.ac/np/images/4/46/Communicator_Part_NH_Inv_Icon.png
items,9cab6af8837c6c23,https://dodo.ac/np/images/6/62/Construction_Kit_NH_Inv_Icon.png
items,9d6f8e54e92c3c26,https://dodo.ac/np/images/8/8f/Special_Card_NH_Icon.png
items,9e1d9032b6913eba,https://dodo.ac/np/images/8/8c/Black_Cosmos_NH_Icon.png
items,9feca67c03ecee8d,https://dodo.ac/np/images/8/89/Bamboo_Tree_NH_Icon.png
items,a10e30d2a609aa68,https://dodo.ac/np/images/1/10/Maple_Leaf_NH_Icon.png
items,a17a078c40ecf3c8,https://dodo.ac/np/images/1/1a/Gyroid_Fragment_NH_Icon.png
items,a19fddc7a17baf5f,https://dodo.ac/np/images/8/8f/Special_Card_NH_Icon.png
items,a1aee52c9d8a81ea,https://dodo.ac/np/images/6/62/Construction_Kit_NH_Inv_Icon.png
items,a24c847fe729a9ce,https://dodo.ac/np/images/8/8c/Low_Steel_Island_Counter_NH_Icon.png
items,a29900794a428322,https://dodo.ac/np/images/f/f3/Orange-Tea-Olive_Bush_NH_Icon.png
items,a34f65cca06f7229,https://dodo.ac/np/images/0/01/White_Mums_NH_Icon.png
items,a4167a0ce9870f8f,https://dodo.ac/np/images/f/f4/Pink-Tulip_Plant_NH_Icon.png
items,a42202e12d1c234c,https://dodo.ac/np/images/9/9b/Flower_Bag_NH_Icon.png
items,a4d70e1c29255510,https://dodo.ac/np/images/6/62/Pear_Tree_NH_Icon.png
items,a52a94ca719d35fe,https://dodo.ac/np/images/1/1d/Birthday_Cupcake_NH_Icon.png
items,a56fbe2df87c7390,https://dodo.ac/np/images/1/18/Bamboo_Shoot_NH_Icon.png
items,a5bfb62a3ac579b5,https://dodo.ac/np/images/5/5c/Blue-Hyacinth_Plant_NH_Icon.png
items,a632ffb300c178ca,https://dodo.ac/np/images/9/9b/Flower_Bag_NH_Icon.png
items,a67cc232890a80c0,https://dodo.ac/np/images/0/01/DIY_Pack_NH_Icon.png
items,a73b40f3d7504bbf,https://dodo.ac/np/images/c/cf/Orange_Windflowers_NH_Icon.png
items,a7758bd65990a91f,https://dodo.ac/np/images/f/f0/Gold_Nugget_NH_Inv_Icon.png
items,a793d51d5feb673e,https://dodo.ac/np/images/0/02/Orange_Tree_NH_Icon.png
items,a80c0a6207547fb9,https://dodo.ac/np/images/e/e1/Candy_NH_Icon.png
items,a84ace1e0f9e57fb,https://dodo.ac/np/images/2/25/Sugar_NH_Icon.png
items,a8af625555af35c9,https://dodo.ac/np/images/b/be/Brown_Wrapping_Paper_NH_Icon.png
items,a8bdcfb0e9c3a6c3,https://dodo.ac/np/images/6/62/Construction_Kit_NH_Inv_Icon.png
items,a9a1b76a7221a0b1,https://dodo.ac/np/images/f/fd/Iron_Nugget_NH_Icon.png
items,a9b15624cef128c6,https://dodo.ac/np/images/f/fa/Purple-Pansy_Plant_NH_Icon.png
items,aa2ad4f4d64d5e9c,https://dodo.ac/np/images/b/b4/Low_Brick_Island_Counter_%28Red%29_NH_Icon.png
items,aa55a35726b9db0d,https://dodo.ac/np/images/e/ef/Be_a_Chef%21_DIY_Recipes%2B_NH_Inv_Icon.png
items,abf0ceef43103ffb,https://dodo.ac/np/images/4/40/Vertical-Board_Fence_%28Natural%29_NH_Icon.png
items,ac5492e74eccd1fc,https://dodo.ac/np/images/2/2d/Lost_Pouch_NH_Icon.png
items,ac89107b52e9f2f9,https://dodo.ac/np/images/1/1d/Purple_Roses_NH_Icon.png
items,ac90efd3d9993bf6,https://dodo.ac/np/images/2/20/Pink_Mums_NH_Icon.png
items,adf5eda46f47915a,https://dodo.ac/np/images/6/62/Construction_Kit_NH_Inv_Icon.png
items,ae1307a79c08d29a,https://dodo.ac/np/images/a/a0/Sagittarius_Fragment_NH_Icon.png
items,ae3f2e8aa5ede124,https://dodo.ac/np/images/2/27/Summer_Shell_NH_Icon.png
items,aea1871e52c81274,https://dodo.ac/np/images/6/62/Construction_Kit_NH_Inv_Icon.png
items,af39b78235f8f689,https://dodo.ac/np/images/6/62/Construction_Kit_NH_Inv_Icon.png
items,afab221eb21efffd,https://dodo.ac/np/images/a/a3/White-Rose_Plant_NH_Icon.png
items,b03df9f52299400a,https://dodo.ac/np/images/a/af/Marble_Pillar_%28Gray%29_NH_Icon.png
items,b04d8861c19c3f26,https://dodo.ac/np/images/9/9d/Custom_Designs_Portal_NH_Icon.png
items,b0bdb8f690072e35,https://dodo.ac/np/images/8/82/Clump_of_Weeds_NH_Icon.png
items,b0ea4f37ed8f08fb,https://dodo.ac/np/images/5/51/Red_Windflowers_NH_Icon.png
items,b1ead18fe327b27f,https://dodo.ac/np/images/4/45/Stone_NH_Icon.png
items,b2473f21fdbea517,https://dodo.ac/np/images/5/55/Purple_Windflowers_NH_Icon.png
items,b298299eb3561775,https://dodo.ac/np/images/2/2e/Tailors_Ticket_NH_Icon.png
items,b2b309bafa97306f,https://dodo.ac/np/images/f/f5/Block_Fence_NH_Icon.png
items,b3410c5506b723d6,https://dodo.ac/np/images/c/c6/Lucky_Money_NH_Inv_Icon.png
items,b4547b7ab076cd2a,https://dodo.ac/np/images/5/59/Otoshidama_NH_Inv_Icon.png
items,b51323b294b70ff2,https://dodo.ac/np/images/a/ae/Pink_Lilies_NH_Icon.png
items,b6b94416d4421c20,https://dodo.ac/np/images/9/9e/Festive_Wrapping_Paper_NH_Icon.png
items,b85ecb491656701b,https://dodo.ac/np/images/6/62/Construction_Kit_NH_Inv_Icon.png
items,b91cff34b051701a,https://dodo.ac/np/images/6/68/Pink_Wrapping_Paper_NH_Icon.png
items,b95538d9db4caf6b,https://dodo.ac/np/images/c/ca/Low_Marble_Island_Counter_%28Gray%29_NH_Icon.png
items,b98eba5f55efe0db,https://dodo.ac/np/images/f/fe/Pink-Hyacinth_Plant_NH_Icon.png
items,ba7391358417953c,https://dodo.ac/np/images/a/a2/Aries_Fragment_NH_Icon.png
items,baa0e9312df1fe02,https://dodo.ac/np/images/2/26/Coral_NH_Icon.png
items,baadfdbb47d12a91,https://dodo.ac/np/images/f/f0/Snowflake_NH_Icon.png
items,bb530205ddb835fd,https://dodo.ac/np/images/a/a5/Corral_Fence_NH_Icon.png
items,bbe96fcb14535dff,https://dodo.ac/np/images/7/71/Bridge_Construction_Kit_NH_DIY_Icon.png
items,bcc733e4a35c20cd,https://dodo.ac/np/images/6/65/Bokjumeoni_Lucky_Pouch_NH_Icon.png
items,bd36fc1225d4705c,https://dodo.ac/np/images/e/ed/Cooking_Recipes_Pack_NH_Icon.png
items,bda84951c5d8acb9,https://dodo.ac/np/images/9/9d/Lollipop_NH_Icon.png
items,bdd78affd8afd644,https://dodo.ac/np/images/9/9b/Flower_Bag_NH_Icon.png
items,bfed8e943a1325f3,https://dodo.ac/np/images/d/d5/Lost_Journal_NH_Icon.png
items,bff61b5af4077a1e,https://dodo.ac/np/images/a/af/Purple-Windflower_Plant_NH_Icon.png
items,c0a19a5e372e7484,https://dodo.ac/np/images/d/df/Ripe_Green-Pumpkin_Plant_NH_Icon.png
items,c12dde7d67bc46df,https://dodo.ac/np/images/f/f9/Pink-Mum_Plant_NH_Icon.png
items,c1b9eef997367dbf,https://dodo.ac/np/images/0/0b/Torso_Mannequin_NH_Icon.png
items,c1f5b37427e7e3ec,https://dodo.ac/np/images/9/9b/Flower_Bag_NH_Icon.png
items,c25d3a3019a0bff8,https://dodo.ac/np/images/0/07/White-Windflower_Plant_NH_Icon.png
items,c2bb0a4ff0895e2b,https://dodo.ac/np/images/2/2b/Flat_Mushroom_NH_Icon.png
items,c36cef096c9ee741,https://dodo.ac/np/images/1/14/Sugarcane_Start_NH_Icon.png
items,c3dbc8a96268bb90,https://dodo.ac/np/images/e/e9/Pink-Hydrangea_Start_NH_Icon.png
items,c433e9901f751f83,https://dodo.ac/np/images/2/24/Tall_Concrete_Island_Counter_NH_Icon.png
items,c43e25d340595c6c,https://dodo.ac/np/images/6/6c/Pine_Cone_NH_Icon.png
items,c56391794b9176b9,https://dodo.ac/np/images/8/8e/White-Tulip_Plant_NH_Icon.png
items,c5b18efe7181bcb3,https://dodo.ac/np/images/7/7b/Black-Lily_Plant_NH_Icon.png
items,c5c8f0c3a2a3a044,https://dodo.ac/np/images/d/de/Gold_Nugget_NH_Icon.png
items,c63391dd8f26c788,https://dodo.ac/np/images/3/3a/Stone_Path_Permit_NH_Icon.png
items,c659fc767f3b2314,https://dodo.ac/np/images/b/bb/Rusted_Part_NH_Icon.png
items,c82ecc5df2570886,https://dodo.ac/np/images/0/0e/Pink_Cosmos_NH_Icon.png
items,c840608b1ea2f6a1,https://dodo.ac/np/images/5/5e/Libra_Fragment_NH_Icon.png
items,c8553f7f519e730e,https://dodo.ac/np/images/b/b5/Vine_NH_Icon.png
items,c93cbb59e890b9a5,https://dodo.ac/np/images/0/03/White_Wrapping_Paper_NH_Icon.png
items,c951f77f24b47f68,https://dodo.ac/np/images/c/c2/Orange-Pansy_Plant_NH_Icon.png
items,c973a7aa8c9274df,https://dodo.ac/np/images/4/4c/Hairstyle_Pack_NH_Inv_Icon.png
items,ca209648efee0503,https://dodo.ac/np/images/e/ec/Orange-Lily_Plant_NH_Icon.png
items,ca59d0ac8a02d64f,https://dodo.ac/np/images/9/9b/Flower_Bag_NH_Icon.png
items,cb2fbb9ac375f44a,https://dodo.ac/np/images/1/19/Peach_NH_Icon.png
items,cb5a393ec76093db,https://dodo.ac/np/images/2/2b/Green_Wrapping_Paper_NH_Icon.png
items,cba75d2212d50e19,https://dodo.ac/np/images/b/b6/Pink-Azalea_Bush_NH_Icon.png
items,cbae669b2e01f708,https://dodo.ac/np/images/6/66/Blue_Feather_NH_Icon.png
items,cc0e34d0dc4d1342,https://dodo.ac/np/images/4/44/Bottoms_Mannequin_NH_Icon.png
items,ccf82661b2b74eac,https://dodo.ac/np/images/5/58/Orange-Tulip_Plant_NH_Icon.png
items,ce2905d93dbc8425,https://dodo.ac/np/images/5/5b/Gold_Wrapping_Paper_NH_Icon.png
items,ce72e29c3e54cec6,https://dodo.ac/np/images/9/93/Leaf_Egg_NH_Icon.png
items,cef913414ed21129,https://dodo.ac/np/images/e/ee/Pink-Camellia_Start_NH_Icon.png
items,cf01d90d62ad322a,https://dodo.ac/np/images/5/5c/Pocket_Camp_Phone_Case_NH_Icon.png
items,d0271324f4a0da67,https://dodo.ac/np/images/9/99/Black-Rose_Plant_NH_Icon.png
items,d05e41695b964fce,https://dodo.ac/np/images/b/ba/Pink_Windflowers_NH_Icon.png
items,d0bb45df9e94958b,https://dodo.ac/np/images/e/ea/Red-Hibiscus_Start_NH_Icon.png
items,d0d558d1eec8afed,https://dodo.ac/np/images/8/8e/Stone_Fence_NH_Icon.png
items,d1f76a7219a2bb7b,https://dodo.ac/np/images/7/77/Old_Tire_NH_Icon.png
items,d32cc29706870f71,https://dodo.ac/np/images/a/ac/Heart_Crystal_NH_Icon.png
items,d4e11987eabaa7c2,https://dodo.ac/np/images/8/8f/Special_Card_NH_Icon.png
items,d5a3cadab204169f,https://dodo.ac/np/images/e/e0/Elegant_Mushroom_NH_Icon.png
items,d6da6cce4f6684ac,https://dodo.ac/np/images/2/27/White-Mum_Plant_NH_Icon.png
items,d719e4ae24e3b21e,https://dodo.ac/np/images/4/41/Low_Wooden_Island_Counter_%28Light_Wood%29_NH_Icon.png
items,d7a4575bf33732f3,https://dodo.ac/np/images/4/4c/Hairstyle_Pack_NH_Inv_Icon.png
items,d7e6e26aa2ffe546,https://dodo.ac/np/images/8/8f/Special_Card_NH_Icon.png
items,d8dda17279e8638a,https://dodo.ac/np/images/6/62/Construction_Kit_NH_Inv_Icon.png
items,d8ef65efc4e332f9,https://dodo.ac/np/images/9/9b/Flower_Bag_NH_Icon.png
items,d9136b1e0b8be36c,https://dodo.ac/np/images/1/16/Hedge_NH_Icon.png
items,d930ce8c10b5e406,https://dodo.ac/np/images/0/00/Red-Hibiscus_Bush_NH_Icon.png
items,d9e30bcb1fc8c863,https://dodo.ac/np/images/5/58/Red_Mums_NH_Icon.png
items,da0703fce12ad4bf,https://dodo.ac/np/images/3/32/Orange_Roses_NH_Icon.png
items,da7b8a083e94f94f,https://dodo.ac/np/images/f/f2/White-Lily_Plant_NH_Icon.png
items,da97555540bd6a0a,https://dodo.ac/np/images/2/2c/Medicine_NH_Icon.png
items,dad3aaeb861e451b,https://dodo.ac/np/images/2/2e/Turnips_NH_Icon.png
items,dbce01d9a6ded49d,https://dodo.ac/np/images/9/92/Green_Feather_NH_Icon.png
items,dbd041fbae7a1048,https://dodo.ac/np/images/1/1c/Red-Camellia_Bush_NH_Icon.png
items,dc676c4b5aea2325,https://dodo.ac/np/images/3/3c/Customizable_Phone_Case_Kit_NH_Icon.png
items,dc903ef88ef2dd7a,https://dodo.ac/np/images/2/2e/White-Hyacinth_Plant_NH_Icon.png
items,dca4aa9b1461faca,https://dodo.ac/np/images/6/62/Construction_Kit_NH_Inv_Icon.png
items,ddbf9ecde4fddf0c,https://dodo.ac/np/images/1/18/Gray_Wrapping_Paper_NH_Icon.png
items,de107ac138ae4114,https://dodo.ac/np/images/5/56/Wooden_Pillar_%28Light_Wood%29_NH_Icon.png
items,de7537179a5ff721,https://dodo.ac/np/images/f/f1/Blue-Hydrangea_Bush_NH_Icon.png
items,de8a07493995141b,https://dodo.ac/np/images/f/fa/Purple_Tulips_NH_Icon.png
items,df40941ed3761621,https://dodo.ac/np/images/c/ce/Orange_Pumpkin_NH_Icon.png
items,dfeb4b821dd0cba1,https://dodo.ac/np/images/4/48/Simple_Pillar_%28White%29_NH_Icon.png
items,e0187db87f23d224,https://dodo.ac/np/images/6/68/Yellow_Tulips_NH_Icon.png
items,e07fd3a3b8905c0b,https://dodo.ac/np/images/e/e7/Orange_Tulips_NH_Icon.png
items,e0d6ce41d3d4c791,https://dodo.ac/np/images/e/e0/Yellow_Lilies_NH_Icon.png
items,e101e83b74442e58,https://dodo.ac/np/images/8/8b/Taurus_Fragment_NH_Icon.png
items,e10c715d427dea56,https://dodo.ac/np/images/8/80/Red_Hyacinths_NH_Icon.png
items,e1ad388ecf84b5c8,https://dodo.ac/np/images/0/08/Ripe_Potato_Plant_NH_Icon.png
items,e259cda8fcbf6667,https://dodo.ac/np/images/7/7a/Star_Fragment_NH_Icon.png
items,e338697b148e07fe,https://dodo.ac/np/images/9/9b/Flower_Bag_NH_Icon.png
items,e5520f4e763db67b,https://dodo.ac/np/images/2/27/Imperial_Fence_NH_Icon.png
items,e5ef88cbc443eb6a,https://dodo.ac/np/images/6/62/Construction_Kit_NH_Inv_Icon.png
items,e858076504e26fb3,https://dodo.ac/np/images/0/01/DIY_Pack_NH_Icon.png
items,e8fd44f2b327db9e,https://dodo.ac/np/images/8/85/Virgo_Fragment_NH_Icon.png
items,e90b410d664e57d8,https://dodo.ac/np/images/f/f3/Gift_NH_Icon.png
items,eb917611314f1eaf,https://dodo.ac/np/images/c/c5/Tomato_Start_NH_Icon.png
items,ebc27fe57d15b1ba,https://dodo.ac/np/images/9/9b/Flower_Bag_NH_Icon.png
items,ec0b81462be419aa,https://dodo.ac/np/images/2/25/Yellow_Mums_NH_Icon.png
items,ec67681b1810abaf,https://dodo.ac/np/images/b/b8/Mermaid_Fence_NH_Icon.png
items,ed5cf62225e1a4c1,https://dodo.ac/np/images/3/32/Red_Pansies_NH_Icon.png
items,ef706f092683acf9,https://dodo.ac/np/images/4/49/Wisp_Spirit_Piece_NH_Inv_Icon.png
items,f00c10298b78dbef,https://dodo.ac/np/images/f/ff/Bamboo_Lattice_Fence_NH_Icon.png
items,f03f88e1586cd410,https://dodo.ac/np/images/2/22/Cherry-Blossom_Petal_NH_Icon.png
items,f0765df7562cf724,https://dodo.ac/np/images/0/01/DIY_Pack_NH_Icon.png
items,f1013e46dd2ef9e1,https://dodo.ac/np/images/6/62/Boot_NH_Icon.png
items,f171fb18f495feca,https://dodo.ac/np/images/1/1c/Light-Blue_Wrapping_Paper_NH_Icon.png
items,f439d195ecb105ca,https://dodo.ac/np/images/3/3e/White-Plumeria_Bush_NH_Icon.png
items,f4608f340308fec3,https://dodo.ac/np/images/2/2d/Orange_Cosmos_NH_Icon.png
items,f4fd3b5c2dc7df8d,https://dodo.ac/np/images/b/b0/Low_Golden_Island_Counter_NH_Icon.png
items,f58801894aea8200,https://dodo.ac/np/images/3/3f/Large_Snowflake_NH_Icon.png
items,f615b3f7e5c70a2d,https://dodo.ac/np/images/8/83/Low_Simple_Island_Counter_%28White%29_NH_Icon.png
items,f66d3a132d2b556a,https://dodo.ac/np/images/9/9b/Flower_Bag_NH_Icon.png
items,f6e7ff21338bf477,https://dodo.ac/np/images/8/89/Empty_Can_NH_Icon.png
items,f6ed2eebba4e0dcb,https://dodo.ac/np/images/3/31/Yellow-Hyacinth_Plant_NH_Icon.png
items,f7062b4dfb3893cc,https://dodo.ac/np/images/0/01/DIY_Pack_NH_Icon.png
items,f75692c4546867fa,https://dodo.ac/np/images/c/c5/Orange_Pansies_NH_Icon.png
items,f7ff93f603626bf0,https://dodo.ac/np/images/c/c4/Yellow_Pansies_NH_Icon.png
items,f8d744830961231f,https://dodo.ac/np/images/0/0d/Black_Roses_NH_Icon.png
items,f8de3d6c87c9cb17,https://dodo.ac/np/images/b/ba/Barbed-Wire_Fence_NH_Icon.png
items,fa30b82f8c7d87d2,https://dodo.ac/np/images/b/bb/Tent_NH_Inv_Icon.png
items,fabc9b7fe0aba9d9,https://dodo.ac/np/images/6/62/Construction_Kit_NH_Inv_Icon.png
items,fac19ac661ee55d7,https://dodo.ac/np/images/9/9f/Green_Pumpkin_NH_Icon.png
items,fb13d4f29dcbc986,https://dodo.ac/np/images/f/fb/Black_Wrapping_Paper_NH_Icon.png
items,fc4b871262521c85,https://dodo.ac/np/images/9/9d/Custom_Designs_Portal_NH_Icon.png
items,fc9eaad5f42c94ec,https://dodo.ac/np/images/4/46/Pink-Camellia_Bush_NH_Icon.png
items,fcaea6d446e5137e,https://dodo.ac/np/images/1/1d/Sky_Egg_NH_Icon.png
items,fe148dfab1b3ebb9,https://dodo.ac/np/images/9/9b/Flower_Bag_NH_Icon.png
items,ff14f4a98d935fe9,https://dodo.ac/np/images/e/ed/Purple_Feather_NH_Icon.png
items,ff79ba89613e7971,https://dodo.ac/np/images/9/9e/Red_Feather_NH_Icon.png
items,ffa93fe0f120846c,https://dodo.ac/np/images/e/e3/Orange-Windflower_Plant_NH_Icon.png
photos,000d37278f65f6db,https://dodo.ac/np/images/3/34/Quillson%27s_Photo_%28Natural_Wood%29_NH_Icon.png
photos,00315d3fe2530146,https://dodo.ac/np/images/e/e4/Julia%27s_Poster_NH_Icon.png
photos,005d34cdbc8d5d2c,https://dodo.ac/np/images/0/07/Lolly%27s_Photo_%28Natural_Wood%29_NH_Icon.png
photos,00990de249cd4a33,https://dodo.ac/np/images/7/79/Moe%27s_Photo_%28Natural_Wood%29_NH_Icon.png
photos,00a4f37a52e2805d,https://dodo.ac/np/images/d/d9/Flurry%27s_Photo_%28Natural_Wood%29_NH_Icon.png
photos,00ac5000f4627d2c,https://dodo.ac/np/images/b/bd/Tutu%27s_Poster_NH_Icon.png
photos,011f7169c41066ce,https://dodo.ac/np/images/f/fa/Diana%27s_Poster_NH_Icon.png
photos,014088f1c821b73c,https://dodo.ac/np/images/f/fb/Grams%27s_Poster_NH_Icon.png
photos,01732e17d5ae4c55,https://dodo.ac/np/images/9/98/Genji%27s_Photo_%28Natural_Wood%29_NH_Icon.png
photos,01850a35421cd5ff,https://dodo.ac/np/images/9/9c/Cinnamoroll_Poster_NH_Icon.png
photos,01952abf68c0be26,https://dodo.ac/np/images/2/29/Astrid%27s_Poster_NH_Icon.png
photos,01aa28393675ba93,https://dodo.ac/np/images/0/0a/Audie%27s_Photo_%28Natural_Wood%29_NH_Icon.png
photos,01f0732c613fc2a9,https://dodo.ac/np/images/0/0c/Graham%27s_Photo_%28Natural_Wood%29_NH_Icon.png
photos,0215e0b9eb83a343,https://dodo.ac/np/images/1/1c/Wendell%27s_Photo_%28Natural_Wood%29_NH_Icon.png
photos,0289715b40482417,https://dodo.ac/np/images/a/af/Queenie%27s_Photo_%28Natural_Wood%29_NH_Icon.png
photos,02abd809952819a3,https://dodo.ac/np/images/4/4c/Cyrano%27s_Photo_%28Natural_Wood%29_NH_Icon.png
photos,02b4c0064c99a836,https://dodo.ac/np/images/f/f1/Antonio%27s_Photo_%28Natural_Wood%29_NH_Icon.png
photos,02d8c6b3996f76a3,https://dodo.ac/np/images/1/15/Tom%27s_Poster_NH_Icon.png
photos,03026bafe056694f,https://dodo.ac/np/images/3/30/Jacques%27s_Poster_NH_Icon.png
photos,0306f2378edeb98f,https://dodo.ac/np/images/0/0a/Static%27s_Photo_%28Natural_Wood%29_NH_Icon.png
photos,03217b8660cde252,https://dodo.ac/np/images/3/32/Cleo%27s_Photo_%28Natural_Wood%29_NH_Icon.png
photos,036ef7db4a682809,https://dodo.ac/np/images/2/27/Patty%27s_Poster_NH_Icon.png
photos,039f4d7a974b09c2,https://dodo.ac/np/images/5/5e/Weber%27s_Poster_NH_Icon.png
photos,03a3adbeb10e769e,https://dodo.ac/np/images/1/1a/Pav%C3%A9%27s_Poster_NH_Icon.png
photos,0403dc75fd880816,https://dodo.ac/np/images/e/e5/Tangy%27s_Poster_NH_Icon.png
photos,048ba605b7011aa0,https://dodo.ac/np/images/f/f7/Scoot%27s_Photo_%28Natural_Wood%29_NH_Icon.png
photos,04b7aefce94d3dfd,https://dodo.ac/np/images/2/20/Vivian%27s_Poster_NH_Icon.png
photos,04b847b8d99bebae,https://dodo.ac/np/images/f/f3/Butch%27s_Photo_%28Natural_Wood%29_NH_Icon.png
photos,0525d11bfa2a4f91,https://dodo.ac/np/images/f/ff/Tammy%27s_Photo_%28Natural_Wood%29_NH_Icon.png
photos,05a89aca8adaf951,https://dodo.ac/np/images/e/e7/Aurora%27s_Photo_%28Natural_Wood%29_NH_Icon.png
photos,05b1500595c2140e,https://dodo.ac/np/images/7/75/Booker%27s_Poster_NH_Icon.png
photos,067b4bfc82c1a033,https://dodo.ac/np/images/8/81/Rod%27s_Photo_%28Natural_Wood%29_NH_Icon.png
photos,069699a2a129d253,https://dodo.ac/np/images/1/1c/Fang%27s_Photo_%28Natural_Wood%29_NH_Icon.png
photos,06cb18d540f1fc31,https://dodo.ac/np/images/c/c4/Octavian%27s_Poster_NH_Icon.png
photos,06cd88fcc245c5f9,https://dodo.ac/np/images/a/ab/Purrl%27s_Poster_NH_Icon.png
photos,06d54552b31c1d70,https://dodo.ac/np/images/5/5b/Bob%27s_Poster_NH_Icon.png
photos,0703d82dbd7fec0c,https://dodo.ac/np/images/a/a5/Maelle%27s_Poster_NH_Icon.png
photos,072468b4db76466f,https://dodo.ac/np/images/a/ac/Diva%27s_Poster_NH_Icon.png
photos,0832bafcc2fc35f0,https://dodo.ac/np/images/f/f5/Nate%27s_Photo_%28Natural_Wood%29_NH_Icon.png
photos,083df302583511f9,https://dodo.ac/np/images/e/e7/Groucho%27s_Poster_NH_Icon.png
photos,08464ce8c199f398,https://dodo.ac/np/images/c/c0/Prince%27s_Poster_NH_Icon.png
photos,08580e0a3ea32430,https://dodo.ac/np/images/1/1d/Bill%27s_Poster_NH_Icon.png
photos,086b64cc61287335,https://dodo.ac/np/images/a/a9/Cherry%27s_Poster_NH_Icon.png
photos,0897b5d5a253460b,https://dodo.ac/np/images/e/ee/T-Bone%27s_Poster_NH_Icon.png
photos,08b16c4dcbb6d61b,https://dodo.ac/np/images/c/c3/Carrie%27s_Photo_%28Natural_Wood%29_NH_Icon.png
photos,09aac6085850c554,https://dodo.ac/np/images/9/98/Bella%27s_Photo_%28Natural_Wood%29_NH_Icon.png
photos,0a25affe9f28d8ef,https://dodo.ac/np/images/8/8d/Pompom%27s_Photo_%28Natural_Wood%29_NH_Icon.png
photos,0a272c09069f3062,https://dodo.ac/np/images/c/cd/Fang%27s_Poster_NH_Icon.png
photos,0a9e796c65f0057c,https://dodo.ac/np/images/d/d0/Gracie%27s_Photo_%28Natural_Wood%29_NH_Icon.png
photos,0b393d11d4884ff8,https://dodo.ac/np/images/1/17/Pete%27s_Photo_%28Natural_Wood%29_NH_Icon.png
photos,0c608c8c196d1e83,https://dodo.ac/np/images/6/64/Sable%27s_Poster_NH_Icon.png
photos,0c6c6ad5c710cacb,https://dodo.ac/np/images/c/c4/Villager%27s_Poster_NH_Icon.png
photos,0c78054915df1ff3,https://dodo.ac/np/images/b/bc/Lyman%27s_Poster_NH_Icon.png
photos,0cb205408bbafe6d,https://dodo.ac/np/images/8/8e/Pudge%27s_Photo_%28Natural_Wood%29_NH_Icon.png
photos,0ce09aba70f99c4d,https://dodo.ac/np/images/1/1b/Lily%27s_Poster_NH_Icon.png
photos,0d464f543a1b7021,https://dodo.ac/np/images/f/f4/Broccolo%27s_Poster_NH_Icon.png
photos,0d786d844cbf7be9,https://dodo.ac/np/images/4/42/Orville%27s_Poster_NH_Icon.png
photos,0da376fc12bb59e7,https://dodo.ac/np/images/c/c2/Sprinkle%27s_Photo_%28Natural_Wood%29_NH_Icon.png
photos,0dc2f77b6de0b7d2,https://dodo.ac/np/images/1/18/Friga%27s_Photo_%28Natural_Wood%29_NH_Icon.png
photos,0dc45b8e1085d98e,https://dodo.ac/np/images/8/83/Vich%C3%A9%27s_Poster_NH_Icon.png
photos,0eb5ec69a32a7b48,https://dodo.ac/np/images/8/81/Vic%27s_Photo_%28Natural_Wood%29_NH_Icon.png
photos,0ec54b69535f8306,https://dodo.ac/np/images/d/df/Hamlet%27s_Photo_%28Natural_Wood%29_NH_Icon.png
photos,0fb13c7f6558b470,https://dodo.ac/np/images/6/66/Curly%27s_Poster_NH_Icon.png
photos,0fe71f4f2f19fabf,https://dodo.ac/np/images/7/7e/Rizzo%27s_Photo_%28Natural_Wood%29_NH_Icon.png
photos,0fff2ddfbf70292b,https://dodo.ac/np/images/1/13/Camofrog%27s_Photo_%28Natural_Wood%29_NH_Icon.png
photos,10041f56c313e231,https://dodo.ac/np/images/c/c3/Baabara%27s_Photo_%28Natural_Wood%29_NH_Icon.png
photos,103d8184ac9807fa,https://dodo.ac/np/images/6/64/Clyde%27s_Photo_%28Natural_Wood%29_NH_Icon.png
photos,1104c1c438a9c708,https://dodo.ac/np/images/4/41/Marcel%27s_Photo_%28Natural_Wood%29_NH_Icon.png
photos,111676e6084f5fc4,https://dodo.ac/np/images/a/a9/Phoebe%27s_Photo_%28Natural_Wood%29_NH_Icon.png
photos,1293f92d56643e5e,https://dodo.ac/np/images/2/29/Scoot%27s_Poster_NH_Icon.png
photos,134243bf62fc7317,https://dodo.ac/np/images/9/94/Boone%27s_Photo_%28Natural_Wood%29_NH_Icon.png
photos,136ce583e2eb4df3,https://dodo.ac/np/images/4/45/Boris%27s_Poster_NH_Icon.png
photos,13d94b5aa873ba9b,https://dodo.ac/np/images/0/0b/Hopper%27s_Poster_NH_Icon.png
photos,145ef634380b9146,https://dodo.ac/np/images/3/3f/Cobb%27s_Poster_NH_Icon.png
photos,14e01d73981782eb,https://dodo.ac/np/images/4/4e/Puddles%27s_Photo_%28Natural_Wood%29_NH_Icon.png
photos,14eda44324cb8840,https://dodo.ac/np/images/4/47/Avery%27s_Poster_NH_Icon.png
photos,152e8b00d6012ff4,https://dodo.ac/np/images/4/4a/Eugene%27s_Photo_%28Natural_Wood%29_NH_Icon.png
photos,152fe595711d9c87,https://dodo.ac/np/images/8/80/Boots%27s_Photo_%28Natural_Wood%29_NH_Icon.png
photos,15eab77da06c0142,https://dodo.ac/np/images/a/a9/Skye%27s_Photo_%28Natural_Wood%29_NH_Icon.png
photos,1681e78713779b8e,https://dodo.ac/np/images/7/7b/Cranston%27s_Poster_NH_Icon.png
photos,169c7d2717b4e4f1,https://dodo.ac/np/images/f/f7/Ike%27s_Poster_NH_Icon.png
photos,1737bd236b306cce,https://dodo.ac/np/images/1/18/Quillson%27s_Poster_NH_Icon.png
photos,178417c029e0c8e0,https://dodo.ac/np/images/9/9e/Kapp%27n%27s_Photo_%28Natural_Wood%29_NH_Icon.png
photos,179adf926a55b3c3,https://dodo.ac/np/images/d/dd/Robin%27s_Poster_NH_Icon.png
photos,17b4037e48c9bae0,https://dodo.ac/np/images/4/4d/Al%27s_Poster_NH_Icon.png
photos,182ddbcf6327d4b2,https://dodo.ac/np/images/6/69/Tiffany%27s_Photo_%28Natural_Wood%29_NH_Icon.png
photos,18593900b8ec0f3a,https://dodo.ac/np/images/4/44/Shep%27s_Photo_%28Natural_Wood%29_NH_Icon.png
photos,187d2921d20e992e,https://dodo.ac/np/images/3/33/Piper%27s_Poster_NH_Icon.png
photos,189d4f04c141e512,https://dodo.ac/np/images/d/d2/Sylvana%27s_Photo_%28Natural_Wood%29_NH_Icon.png
photos,1920f8907db5da0a,https://dodo.ac/np/images/0/08/Rex%27s_Poster_NH_Icon.png
photos,19a1e8105fba0825,https://dodo.ac/np/images/a/a2/Marty%27s_Photo_%28Natural_Wood%29_NH_Icon.png
photos,19bde4af6adceb6e,https://dodo.ac/np/images/0/00/Olivia%27s_Photo_%28Natural_Wood%29_NH_Icon.png
photos,19f810375b5b6e22,https://dodo.ac/np/images/5/5e/Alfonso%27s_Poster_NH_Icon.png
photos,1a22cfcef476dc91,https://dodo.ac/np/images/d/da/DJ_KK%27s_Photo_%28Natural_Wood%29_NH_Icon.png
photos,1a44e8a2b9be4a07,https://dodo.ac/np/images/0/06/Redd%27s_Poster_NH_Icon.png
photos,1a462be66ca79188,https://dodo.ac/np/images/8/86/Shari%27s_Poster_NH_Icon.png
photos,1bb922430597d20c,https://dodo.ac/np/images/d/dc/Vich%C3%A9%27s_Photo_%28Natural_Wood%29_NH_Icon.png
photos,1c2a20318f89dac5,https://dodo.ac/np/images/3/32/Olaf%27s_Photo_%28Natural_Wood%29_NH_Icon.png
photos,1c5036b688a396a8,https://dodo.ac/np/images/0/0c/Roald%27s_Photo_%28Natural_Wood%29_NH_Icon.png
photos,1cafff05fd637dbd,https://dodo.ac/np/images/d/d3/Buck%27s_Poster_NH_Icon.png
photos,1cb9ffb806d72821,https://dodo.ac/np/images/0/04/Lyman%27s_Photo_%28Natural_Wood%29_NH_Icon.png
photos,1ce85d8c6aacbaaf,https://dodo.ac/np/images/d/d2/Ellie%27s_Poster_NH_Icon.png
photos,1d2f99e719b81e23,https://dodo.ac/np/images/7/7a/Biskit%27s_Photo_%28Natural_Wood%29_NH_Icon.png
photos,1e01b61b65342b33,https://dodo.ac/np/images/c/ca/Bam%27s_Photo_%28Natural_Wood%29_NH_Icon.png
photos,1e88aafe9872deae,https://dodo.ac/np/images/6/60/Marty%27s_Poster_NH_Icon.png
photos,1e90a1dad012b212,https://dodo.ac/np/images/8/86/Cesar%27s_Poster_NH_Icon.png
photos,1eaa3ecd7ad98be2,https://dodo.ac/np/images/0/02/Deena%27s_Poster_NH_Icon.png
photos,1ee1b21e867043ef,https://dodo.ac/np/images/b/be/Rory%27s_Poster_NH_Icon.png
photos,1f569f7fa9299b3e,https://dodo.ac/np/images/5/5a/Mint%27s_Photo_%28Natural_Wood%29_NH_Icon.png
photos,1f6888979d7c124e,https://dodo.ac/np/images/8/8f/Kevin%27s_Poster_NH_Icon.png
photos,1f8a29b3068dfb8c,https://dodo.ac/np/images/5/58/Mathilda%27s_Photo_%28Natural_Wood%29_NH_Icon.png
photos,1f92a555a358fe0a,https://dodo.ac/np/images/e/e2/Olive%27s_Poster_NH_Icon.png
photos,1fa3f8b68dbb0ed8,https://dodo.ac/np/images/8/80/Frett%27s_Photo_%28Natural_Wood%29_NH_Icon.png
photos,1fd26558e974872f,https://dodo.ac/np/images/c/c2/Margie%27s_Poster_NH_Icon.png
photos,1fd320ade8e86c1d,https://dodo.ac/np/images/1/1a/Spike%27s_Photo_%28Natural_Wood%29_NH_Icon.png
photos,1ff7a4a0b599f35c,https://dodo.ac/np/images/3/3d/Gladys%27s_Photo_%28Natural_Wood%29_NH_Icon.png
photos,2036128aaf190e66,https://dodo.ac/np/images/5/5b/Luna%27s_Poster_NH_Icon.png
photos,20544defd9d7d9e8,https://dodo.ac/np/images/1/10/Puddles%27s_Poster_NH_Icon.png
photos,205c2958882dbf41,https://dodo.ac/np/images/2/2b/Biff%27s_Poster_NH_Icon.png
photos,2242479ae2ca2228,https://dodo.ac/np/images/3/33/Roald%27s_Poster_NH_Icon.png
photos,22494750a6bfccff,https://dodo.ac/np/images/8/8d/Cobb%27s_Photo_%28Natural_Wood%29_NH_Icon.png
photos,22990a0c276176ba,https://dodo.ac/np/images/7/78/Ken%27s_Poster_NH_Icon.png
photos,22bd19b4f81e3a90,https://dodo.ac/np/images/7/71/Twiggy%27s_Photo_%28Natural_Wood%29_NH_Icon.png
photos,22cb546f9398c073,https://dodo.ac/np/images/4/44/Cece%27s_Photo_%28Natural_Wood%29_NH_Icon.png
photos,2325edd4827f5c0a,https://dodo.ac/np/images/9/90/Cousteau%27s_Photo_%28Natural_Wood%29_NH_Icon.png
photos,235d609800ee0b6b,https://dodo.ac/np/images/e/eb/Pashmina%27s_Poster_NH_Icon.png
photos,2366563bc248f379,https://dodo.ac/np/images/1/1a/Chabwick%27s_Poster_NH_Icon.png
photos,236bb100a04dbef6,https://dodo.ac/np/images/7/71/Fauna%27s_Photo_%28Natural_Wood%29_NH_Icon.png
photos,23784e847f629fe0,https://dodo.ac/np/images/7/7c/Shino%27s_Photo_%28Natural_Wood%29_NH_Icon.png
photos,2390e5164b84cc7f,https://dodo.ac/np/images/3/31/Elvis%27s_Poster_NH_Icon.png
photos,23d84aa76de8af60,https://dodo.ac/np/images/a/a2/Wolfgang%27s_Poster_NH_Icon.png
photos,23da4dd804fb8118,https://dodo.ac/np/images/4/4b/Blanca%27s_Photo_%28Natural_Wood%29_NH_Icon.png
photos,24538be28cece4ab,https://dodo.ac/np/images/1/11/Kid_Cat%27s_Photo_%28Natural_Wood%29_NH_Icon.png
photos,24a0e0a5f042e8d3,https://dodo.ac/np/images/1/1e/Tommy%27s_Poster_NH_Icon.png
photos,25579cf6bf2fa9c2,https://dodo.ac/np/images/e/e3/Henry%27s_Poster_NH_Icon.png
photos,256645cd2f437c38,https://dodo.ac/np/images/d/d0/Hamphrey%27s_Poster_NH_Icon.png
photos,258e6eb69efa74d6,https://dodo.ac/np/images/7/7a/Ruby%27s_Poster_NH_Icon.png
photos,25b196f4245306fc,https://dodo.ac/np/images/f/f3/Antonio%27s_Poster_NH_Icon.png
photos,26161586b664ac16,https://dodo.ac/np/images/c/ca/Hopkins%27s_Photo_%28Natural_Wood%29_NH_Icon.png
photos,2636684499e67a8f,https://dodo.ac/np/images/c/cf/Sherb%27s_Photo_%28Natural_Wood%29_NH_Icon.png
photos,26821fe7d77f2c6f,https://dodo.ac/np/images/b/b0/Bangle%27s_Photo_%28Natural_Wood%29_NH_Icon.png
photos,26a411be4f929c98,https://dodo.ac/np/images/b/bb/Peanut%27s_Poster_NH_Icon.png
photos,26f0baa52726cd02,https://dodo.ac/np/images/f/fd/Moose%27s_Photo_%28Natural_Wood%29_NH_Icon.png
photos,275bf3421dfcee86,https://dodo.ac/np/images/f/f1/Gonzo%27s_Photo_%28Natural_Wood%29_NH_Icon.png
photos,275df50a853729c0,https://dodo.ac/np/images/4/42/Peewee%27s_Poster_NH_Icon.png
photos,278b16a93df32a72,https://dodo.ac/np/images/f/f6/Ione%27s_Photo_%28Natural_Wood%29_NH_Icon.png
photos,2792b7fe8ecb3618,https://dodo.ac/np/images/a/aa/Bluebear%27s_Photo_%28Natural_Wood%29_NH_Icon.png
photos,27df71d954752647,https://dodo.ac/np/images/f/f5/Raddle%27s_Poster_NH_Icon.png
photos,27efbd985a8f450b,https://dodo.ac/np/images/1/15/Harvey%27s_Poster_NH_Icon.png
photos,2847a689f57c6239,https://dodo.ac/np/images/2/2d/Gabi%27s_Photo_%28Natural_Wood%29_NH_Icon.png
photos,2858fc78ef0a6d7c,https://dodo.ac/np/images/8/8f/Eloise%27s_Photo_%28Natural_Wood%29_NH_Icon.png
photos,286750ec94be6065,https://dodo.ac/np/images/8/8f/Lucky%27s_Poster_NH_Icon.png
photos,28d9ada09025e3e4,https://dodo.ac/np/images/9/93/Goldie%27s_Photo_%28Natural_Wood%29_NH_Icon.png
photos,292edb0ef64beebf,https://dodo.ac/np/images/8/87/Nat%27s_Photo_%28Natural_Wood%29_NH_Icon.png
photos,2985cb76bd423c8f,https://dodo.ac/np/images/b/b5/Cranston%27s_Photo_%28Natural_Wood%29_NH_Icon.png
photos,29867f5875957dc0,https://dodo.ac/np/images/1/1d/Elmer%27s_Poster_NH_Icon.png
photos,2a6157ab71e7f1ab,https://dodo.ac/np/images/f/f5/Coach%27s_Poster_NH_Icon.png
photos,2ac53973149f7ad4,https://dodo.ac/np/images/5/52/Beau%27s_Poster_NH_Icon.png
photos,2bbdf763c9e84a83,https://dodo.ac/np/images/4/4e/Pekoe%27s_Photo_%28Natural_Wood%29_NH_Icon.png
photos,2bd144dc2fe1d104,https://dodo.ac/np/images/d/d6/Kerokerokeroppi_Poster_NH_Icon.png
photos,2c2e0838a11e89bb,https://dodo.ac/np/images/8/86/Dora%27s_Photo_%28Natural_Wood%29_NH_Icon.png
photos,2cbdf24883e58aef,https://dodo.ac/np/images/b/b3/Cyrus%27s_Poster_NH_Icon.png
photos,2d3b9df664696141,https://dodo.ac/np/images/0/00/Boone%27s_Poster_NH_Icon.png
photos,2d470d6add605daa,https://dodo.ac/np/images/1/1a/Opal%27s_Photo_%28Natural_Wood%29_NH_Icon.png
photos,2da4eba70d0c7ea0,https://dodo.ac/np/images/a/a4/Cherry%27s_Photo_%28Natural_Wood%29_NH_Icon.png
photos,2db37e3d592c951b,https://dodo.ac/np/images/b/b2/Gigi%27s_Poster_NH_Icon.png
photos,2dfafc45536717ab,https://dodo.ac/np/images/3/3c/Tank%27s_Photo_%28Natural_Wood%29_NH_Icon.png
photos,2e3f35151c58dc67,https://dodo.ac/np/images/8/8d/Leonardo%27s_Poster_NH_Icon.png
photos,2e54b522e54dc4ae,https://dodo.ac/np/images/b/b1/Jay%27s_Poster_NH_Icon.png
photos,2e7f4413f670f860,https://dodo.ac/np/images/f/f4/Azalea%27s_Photo_%28Natural_Wood%29_NH_Icon.png
photos,2f1a8bce5dc761b7,https://dodo.ac/np/images/9/90/Mineru%27s_Poster_NH_Icon.png
photos,2f40b8145c94bdf0,https://dodo.ac/np/images/c/c3/Quinn%27s_Poster_NH_Icon.png
photos,2f67a126514a6d41,https://dodo.ac/np/images/3/3d/Monty%27s_Photo_%28Natural_Wood%29_NH_Icon.png
photos,2f70ed4cdb61ca2e,https://dodo.ac/np/images/0/04/Cole%27s_Poster_NH_Icon.png
photos,2fb034492051610e,https://dodo.ac/np/images/0/00/Nan%27s_Photo_%28Natural_Wood%29_NH_Icon.png
photos,2fc0273c36c3b478,https://dodo.ac/np/images/b/bf/Elise%27s_Poster_NH_Icon.png
photos,2fcac5e2855b02ac,https://dodo.ac/np/images/8/8e/Grizzly%27s_Poster_NH_Icon.png
photos,2fd9f034ea437a4e,https://dodo.ac/np/images/4/4b/Vivian%27s_Photo_%28Natural_Wood%29_NH_Icon.png
photos,2fe54fae8984513a,https://dodo.ac/np/images/7/75/Vesta%27s_Poster_NH_Icon.png
photos,30a6957efa07330f,https://dodo.ac/np/images/d/d0/Julian%27s_Poster_NH_Icon.png
photos,30ac054eae365582,https://dodo.ac/np/images/7/71/Chief%27s_Poster_NH_Icon.png
photos,30b08d34bad3e703,https://dodo.ac/np/images/6/6a/Freya%27s_Photo_%28Natural_Wood%29_NH_Icon.png
photos,312847893e459c41,https://dodo.ac/np/images/3/3a/Sprocket%27s_Poster_NH_Icon.png
photos,31b6424f68807b4f,https://dodo.ac/np/images/f/fd/Gloria%27s_Photo_%28Natural_Wood%29_NH_Icon.png
photos,31d9315bc50def97,https://dodo.ac/np/images/c/ce/Harvey%27s_Photo_%28Natural_Wood%29_NH_Icon.png
photos,31f4ae58bf224e88,https://dodo.ac/np/images/6/6d/Gala%27s_Photo_%28Natural_Wood%29_NH_Icon.png
photos,32120079d741b623,https://dodo.ac/np/images/6/60/Tex%27s_Photo_%28Natural_Wood%29_NH_Icon.png
photos,3244ee785a8e4a39,https://dodo.ac/np/images/9/94/Charlise%27s_Poster_NH_Icon.png
photos,3246a68b9caada0c,https://dodo.ac/np/images/b/bd/Miranda%27s_Photo_%28Natural_Wood%29_NH_Icon.png
photos,326831c76b1d554f,https://dodo.ac/np/images/3/3a/Peaches%27s_Photo_%28Natural_Wood%29_NH_Icon.png
photos,32806c0c511cf583,https://dodo.ac/np/images/1/1a/Wendy%27s_Poster_NH_Icon.png
photos,32c8a45ccd477e1d,https://dodo.ac/np/images/2/2c/Al%27s_Photo_%28Natural_Wood%29_NH_Icon.png
photos,32d01709cb265a74,https://dodo.ac/np/images/0/0b/Anicotti%27s_Photo_%28Natural_Wood%29_NH_Icon.png
photos,32d1f47d335504ce,https://dodo.ac/np/images/b/b7/Redd%27s_Photo_%28Natural_Wood%29_NH_Icon.png
photos,32f79b9cad997d23,https://dodo.ac/np/images/7/7f/Harriet%27s_Poster_NH_Icon.png
photos,3347544de2574a62,https://dodo.ac/np/images/5/59/Sheldon%27s_Poster_NH_Icon.png
photos,33577011d7e349af,https://dodo.ac/np/images/0/02/Cephalobot%27s_Photo_%28Natural_Wood%29_NH_Icon.png
photos,33a48665c5334b02,https://dodo.ac/np/images/4/49/Sable%27s_Photo_%28Natural_Wood%29_NH_Icon.png
photos,33ad9d90d8bacb3d,https://dodo.ac/np/images/9/9f/Gulliver%27s_Poster_NH_Icon.png
photos,33d318749f5698e4,https://dodo.ac/np/images/7/7b/Poncho%27s_Poster_NH_Icon.png
photos,33f771324ee838f2,https://dodo.ac/np/images/f/f4/Piper%27s_Photo_%28Natural_Wood%29_NH_Icon.png
photos,342877a06b2d8af3,https://dodo.ac/np/images/5/5e/Daisy%27s_Photo_%28Natural_Wood%29_NH_Icon.png
photos,342b02be1ea22db9,https://dodo.ac/np/images/b/b3/Tipper%27s_Photo_%28Natural_Wood%29_NH_Icon.png
photos,344642131c60a784,https://dodo.ac/np/images/4/40/Reneigh%27s_Photo_%28Natural_Wood%29_NH_Icon.png
photos,3485e6dd272ea5ca,https://dodo.ac/np/images/f/f7/Lottie%27s_Photo_%28Natural_Wood%29_NH_Icon.png
photos,34cc8d4765a5fd3d,https://dodo.ac/np/images/5/52/Victoria%27s_Photo_%28Natural_Wood%29_NH_Icon.png
photos,34cf2e2cd6639b8b,https://dodo.ac/np/images/e/eb/Naomi%27s_Photo_%28Natural_Wood%29_NH_Icon.png
photos,34d19214415b33f9,https://dodo.ac/np/images/4/44/Faith%27s_Poster_NH_Icon.png
photos,355d487978fdcd1f,https://dodo.ac/np/images/8/89/Tammi%27s_Poster_NH_Icon.png
photos,35ac32a678408162,https://dodo.ac/np/images/9/9e/Ellie%27s_Photo_%28Natural_Wood%29_NH_Icon.png
photos,36419b4ebefbd80d,https://dodo.ac/np/images/d/da/Grams%27s_Photo_%28Natural_Wood%29_NH_Icon.png
photos,36854b19c61c1fda,https://dodo.ac/np/images/3/3b/Jacob%27s_Photo_%28Natural_Wood%29_NH_Icon.png
photos,3686c4aa5fe5a658,https://dodo.ac/np/images/6/68/Kitt%27s_Poster_NH_Icon.png
photos,3693e1132ff84c19,https://dodo.ac/np/images/5/5d/Goldie%27s_Poster_NH_Icon.png
photos,36cbd5cc2877175b,https://dodo.ac/np/images/8/88/Lucha%27s_Photo_%28Natural_Wood%29_NH_Icon.png
photos,36d74862989f3de8,https://dodo.ac/np/images/d/d7/Ava%27s_Photo_%28Natural_Wood%29_NH_Icon.png
photos,36f7d7dfb00d26e7,https://dodo.ac/np/images/4/4a/Don%27s_Photo_%28Natural_Wood%29_NH_Icon.png
photos,372a6518e4fd694a,https://dodo.ac/np/images/3/3a/Canberra%27s_Poster_NH_Icon.png
photos,376147d4ab323198,https://dodo.ac/np/images/f/f6/Gwen%27s_Photo_%28Natural_Wood%29_NH_Icon.png
photos,3783d36c5c1351c1,https://dodo.ac/np/images/e/e1/Kitty%27s_Photo_%28Natural_Wood%29_NH_Icon.png
photos,37a6dd04ebdf4efa,https://dodo.ac/np/images/9/94/Winnie%27s_Poster_NH_Icon.png
photos,37ac1d430bf6262f,https://dodo.ac/np/images/1/1b/Felicity%27s_Poster_NH_Icon.png
photos,380be2fcf8e76108,https://dodo.ac/np/images/f/fe/Gruff%27s_Poster_NH_Icon.png
photos,38364ecda8958bac,https://dodo.ac/np/images/0/0f/Deirdre%27s_Poster_NH_Icon.png
photos,390bbe84ca67fe4f,https://dodo.ac/np/images/d/dc/Stu%27s_Poster_NH_Icon.png
photos,3929c0c38613e72f,https://dodo.ac/np/images/c/cc/Pav%C3%A9%27s_Photo_%28Natural_Wood%29_NH_Icon.png
photos,395dfd7e23cc7e3b,https://dodo.ac/np/images/9/9b/Leila%27s_Poster_NH_Icon.png
photos,3971b2ea527cbac0,https://dodo.ac/np/images/2/2c/Jacques%27s_Photo_%28Natural_Wood%29_NH_Icon.png
photos,3a2b117d05ffa356,https://dodo.ac/np/images/0/05/Caroline%27s_Poster_NH_Icon.png
photos,3a4be9df15eefc0b,https://dodo.ac/np/images/d/da/Becky%27s_Poster_NH_Icon.png
photos,3a57c5aa9f1e3fcb,https://dodo.ac/np/images/9/96/Claude%27s_Photo_%28Natural_Wood%29_NH_Icon.png
photos,3a90e8f591ddc18e,https://dodo.ac/np/images/2/21/Eloise%27s_Poster_NH_Icon.png
photos,3ab004204ac97cb4,https://dodo.ac/np/images/e/e9/Kabuki%27s_Poster_NH_Icon.png
photos,3ac950d0fb0d1b2e,https://dodo.ac/np/images/d/d4/Wardell%27s_Poster_NH_Icon.png
photos,3b16c8d345157ca3,https://dodo.ac/np/images/b/b9/Ace%27s_Photo_%28Natural_Wood%29_NH_Icon.png
photos,3b5c368e47c9b1d8,https://dodo.ac/np/images/3/3c/Jacob%27s_Poster_NH_Icon.png
photos,3c46757b89110185,https://dodo.ac/np/images/c/c8/Wade%27s_Poster_NH_Icon.png
photos,3c46a0ad4b181346,https://dodo.ac/np/images/d/d6/Portia%27s_Photo_%28Natural_Wood%29_NH_Icon.png
photos,3cc22c4f5ceb4ef7,https://dodo.ac/np/images/d/dd/Pango%27s_Photo_%28Natural_Wood%29_NH_Icon.png
photos,3cdbe918999ac5e0,https://dodo.ac/np/images/1/1d/Ozzie%27s_Photo_%28Natural_Wood%29_NH_Icon.png
photos,3ceabaca437fe3e9,https://dodo.ac/np/images/8/8d/Marcel%27s_Poster_NH_Icon.png
photos,3cedcd8dadf161c0,https://dodo.ac/np/images/2/28/Roswell%27s_Poster_NH_Icon.png
photos,3d38ac7e508b94e3,https://dodo.ac/np/images/6/68/Angus%27s_Photo_%28Natural_Wood%29_NH_Icon.png
photos,3dc7a368af455990,https://dodo.ac/np/images/4/4e/Beardo%27s_Poster_NH_Icon.png
photos,3dff69c771daf474,https://dodo.ac/np/images/c/c5/Leilani%27s_Photo_%28Natural_Wood%29_NH_Icon.png
photos,3e3151c1538ac8cb,https://dodo.ac/np/images/e/e9/Simon%27s_Photo_%28Natural_Wood%29_NH_Icon.png
photos,3e782f364c39cef3,https://dodo.ac/np/images/4/4c/Celia%27s_Photo_%28Natural_Wood%29_NH_Icon.png
photos,3f2531d00891bcb9,https://dodo.ac/np/images/b/b0/Chrissy%27s_Photo_%28Natural_Wood%29_NH_Icon.png
photos,3fffadc22bd7c71f,https://dodo.ac/np/images/b/b3/Katrina%27s_Photo_%28Natural_Wood%29_NH_Icon.png
photos,40224d270801e8ac,https://dodo.ac/np/images/9/9a/Chow%27s_Photo_%28Natural_Wood%29_NH_Icon.png
photos,403bb5b2be86b3c0,https://dodo.ac/np/images/3/35/Roscoe%27s_Poster_NH_Icon.png
photos,405f696e16ab6f59,https://dodo.ac/np/images/0/0c/Benedict%27s_Poster_NH_Icon.png
photos,409161f17ea97da1,https://dodo.ac/np/images/a/a1/Digby%27s_Photo_%28Natural_Wood%29_NH_Icon.png
photos,40c41eafe77c5314,https://dodo.ac/np/images/a/ae/Coco%27s_Poster_NH_Icon.png
photos,40f918c698f50216,https://dodo.ac/np/images/9/95/Cally%27s_Poster_NH_Icon.png
photos,415287a1d943072d,https://dodo.ac/np/images/8/81/Reese%27s_Photo_%28Natural_Wood%29_NH_Icon.png
photos,4193b49c860cb56d,https://dodo.ac/np/images/9/91/Croque%27s_Poster_NH_Icon.png
photos,423cbce1382cc4a3,https://dodo.ac/np/images/2/2c/Petri%27s_Poster_NH_Icon.png
photos,426f67595846bb34,https://dodo.ac/np/images/6/62/Maelle%27s_Photo_%28Natural_Wood%29_NH_Icon.png
photos,42ad37e58efbdd17,https://dodo.ac/np/images/c/c0/Marlo%27s_Photo_%28Natural_Wood%29_NH_Icon.png
photos,42ec25d8840c41eb,https://dodo.ac/np/images/6/6a/Shrunk%27s_Poster_NH_Icon.png
photos,43e57f51b762d9fb,https://dodo.ac/np/images/0/02/Peewee%27s_Photo_%28Natural_Wood%29_NH_Icon.png
photos,452721f6cfff3c2c,https://dodo.ac/np/images/1/11/Croque%27s_Photo_%28Natural_Wood%29_NH_Icon.png
photos,4586cc77d2efc8f5,https://dodo.ac/np/images/0/0a/Avery%27s_Photo_%28Natural_Wood%29_NH_Icon.png
photos,45e0b97c75834627,https://dodo.ac/np/images/2/2e/Shino%27s_Poster_NH_Icon.png
photos,462bdfd7f6b6d8ba,https://dodo.ac/np/images/f/fc/Bill%27s_Photo_%28Natural_Wood%29_NH_Icon.png
photos,46da6b479f23784e,https://dodo.ac/np/images/1/1a/Beau%27s_Photo_%28Natural_Wood%29_NH_Icon.png
photos,47109c343f527492,https://dodo.ac/np/images/0/05/Keaton%27s_Poster_NH_Icon.png
photos,4713e9a0e1dedc3c,https://dodo.ac/np/images/b/b0/Derwin%27s_Poster_NH_Icon.png
photos,476373862e759222,https://dodo.ac/np/images/3/3b/Hazel%27s_Poster_NH_Icon.png
photos,478e3e61c25c08dc,https://dodo.ac/np/images/8/86/Colton%27s_Poster_NH_Icon.png
photos,48257700a1916562,https://dodo.ac/np/images/2/24/Mira%27s_Photo_%28Natural_Wood%29_NH_Icon.png
photos,4861bde797b3981b,https://dodo.ac/np/images/7/77/Iggly%27s_Photo_%28Natural_Wood%29_NH_Icon.png
photos,487bedd7753a9611,https://dodo.ac/np/images/f/f2/Willow%27s_Photo_%28Natural_Wood%29_NH_Icon.png
photos,48ed60a8d221c626,https://dodo.ac/np/images/f/f5/Cephalobot%27s_Poster_NH_Icon.png
photos,497a9019b2a96f0e,https://dodo.ac/np/images/8/80/Rowan%27s_Photo_%28Natural_Wood%29_NH_Icon.png
photos,497f556270282101,https://dodo.ac/np/images/4/48/Mabel%27s_Photo_%28Natural_Wood%29_NH_Icon.png
photos,4aac0c52cd30d4c0,https://dodo.ac/np/images/1/14/Cyd%27s_Photo_%28Natural_Wood%29_NH_Icon.png
photos,4ad819fd052b20bf,https://dodo.ac/np/images/a/a0/Wart_Jr.%27s_Poster_NH_Icon.png
photos,4ae36272e49839d5,https://dodo.ac/np/images/f/fc/Snooty%27s_Photo_%28Natural_Wood%29_NH_Icon.png
photos,4c2889d68a3d4a14,https://dodo.ac/np/images/9/91/Chabwick%27s_Photo_%28Natural_Wood%29_NH_Icon.png
photos,4c7026ae6b247e53,https://dodo.ac/np/images/8/86/Freckles%27s_Poster_NH_Icon.png
photos,4d81200bfcb71f91,https://dodo.ac/np/images/a/a8/Ed%27s_Poster_NH_Icon.png
photos,4dd5852d62914e34,https://dodo.ac/np/images/c/c6/Leif%27s_Photo_%28Natural_Wood%29_NH_Icon.png
photos,4e8782dbd736787a,https://dodo.ac/np/images/a/a1/Phyllis%27s_Photo_%28Natural_Wood%29_NH_Icon.png
photos,4f00b2a541a9ae93,https://dodo.ac/np/images/5/5e/Sally%27s_Photo_%28Natural_Wood%29_NH_Icon.png
photos,4f5b27461ec6294f,https://dodo.ac/np/images/9/9f/Broffina%27s_Photo_%28Natural_Wood%29_NH_Icon.png
photos,4fd309f07f0ac3a3,https://dodo.ac/np/images/b/b5/Becky%27s_Photo_%28Natural_Wood%29_NH_Icon.png
photos,4fd5ab64f1f5c555,https://dodo.ac/np/images/6/6e/Kicks%27s_Photo_%28Natural_Wood%29_NH_Icon.png
photos,5020579bc70a3642,https://dodo.ac/np/images/8/8b/Apple%27s_Photo_%28Natural_Wood%29_NH_Icon.png
photos,503dcd9de1f6dc50,https://dodo.ac/np/images/b/b3/Rhonda%27s_Poster_NH_Icon.png
photos,506a7ed4d5a725f0,https://dodo.ac/np/images/d/d3/Chief%27s_Photo_%28Natural_Wood%29_NH_Icon.png
photos,50c3795c39503302,https://dodo.ac/np/images/5/5e/Toby%27s_Poster_NH_Icon.png
photos,50d810ef9dca2169,https://dodo.ac/np/images/c/c3/Buzz%27s_Photo_%28Natural_Wood%29_NH_Icon.png
photos,51f5de4abb3acc3d,https://dodo.ac/np/images/3/35/Kapp%27n%27s_Poster_NH_Icon.png
photos,51f9411b860b69ef,https://dodo.ac/np/images/7/7f/Dotty%27s_Photo_%28Natural_Wood%29_NH_Icon.png
photos,52416d815bc1f4c7,https://dodo.ac/np/images/b/b3/Purrl%27s_Photo_%28Natural_Wood%29_NH_Icon.png
photos,52e0c567a98dd71f,https://dodo.ac/np/images/7/71/Harry%27s_Poster_NH_Icon.png
photos,52f13a78a5c4f366,https://dodo.ac/np/images/7/73/Timmy%27s_Poster_NH_Icon.png
photos,5308a7167d3ff90a,https://dodo.ac/np/images/2/2a/Mac%27s_Poster_NH_Icon.png
photos,5314429d23579452,https://dodo.ac/np/images/e/ef/Chester%27s_Photo_%28Natural_Wood%29_NH_Icon.png
photos,533c8bd7a41957cb,https://dodo.ac/np/images/4/42/Jingle%27s_Photo_%28Natural_Wood%29_NH_Icon.png
photos,5402bb65e6bf9cc5,https://dodo.ac/np/images/b/b5/Bangle%27s_Poster_NH_Icon.png
photos,5581bcebe33758bc,https://dodo.ac/np/images/1/11/Rodney%27s_Poster_NH_Icon.png
photos,560abf02d67b7b47,https://dodo.ac/np/images/0/06/Dizzy%27s_Poster_NH_Icon.png
photos,562d0f9e35dce507,https://dodo.ac/np/images/7/75/Phineas%27s_Photo_%28Natural_Wood%29_NH_Icon.png
photos,564c86b1e0b29dff,https://dodo.ac/np/images/2/21/Dom%27s_Photo_%28Natural_Wood%29_NH_Icon.png
photos,56b4ae6e35bcb769,https://dodo.ac/np/images/1/17/Megan%27s_Poster_NH_Icon.png
photos,56d42f4a9b0cd9f8,https://dodo.ac/np/images/3/33/Peaches%27s_Poster_NH_Icon.png
photos,57011bc1e2bb2eb9,https://dodo.ac/np/images/7/7c/Norma%27s_Poster_NH_Icon.png
photos,57431efdb76e0f21,https://dodo.ac/np/images/0/00/Cube%27s_Poster_NH_Icon.png
photos,574fdd3487154e3e,https://dodo.ac/np/images/c/c6/June%27s_Photo_%28Natural_Wood%29_NH_Icon.png
photos,57ee3a4ad93090ed,https://dodo.ac/np/images/2/27/Zucker%27s_Photo_%28Natural_Wood%29_NH_Icon.png
photos,5834333212cc0b31,https://dodo.ac/np/images/a/a4/Pango%27s_Poster_NH_Icon.png
photos,585483ab1f0cf423,https://dodo.ac/np/images/0/09/Bob%27s_Photo_%28Natural_Wood%29_NH_Icon.png
photos,58eac269ea73a4e7,https://dodo.ac/np/images/3/3a/Tulin%27s_Photo_%28Natural_Wood%29_NH_Icon.png
photos,59eb9e59e112d5d4,https://dodo.ac/np/images/8/82/Punchy%27s_Poster_NH_Icon.png
photos,5a657574bbe364c4,https://dodo.ac/np/images/5/56/Midge%27s_Poster_NH_Icon.png
photos,5b227a27c3c2585d,https://dodo.ac/np/images/2/2e/Camofrog%27s_Poster_NH_Icon.png
photos,5b62bbc809db6ab4,https://dodo.ac/np/images/e/e5/Big_Top%27s_Poster_NH_Icon.png
photos,5c13fe1da321374e,https://dodo.ac/np/images/9/9f/Megan%27s_Photo_%28Natural_Wood%29_NH_Icon.png
photos,5c4bed031acb6b27,https://dodo.ac/np/images/9/9b/Wendy%27s_Photo_%28Natural_Wood%29_NH_Icon.png
photos,5cc73a4e60a7e76b,https://dodo.ac/np/images/9/91/Candi%27s_Poster_NH_Icon.png
photos,5cfcd369cbd565f6,https://dodo.ac/np/images/b/b4/Label%27s_Poster_NH_Icon.png
photos,5d50ba447e24c698,https://dodo.ac/np/images/e/e6/Rowan%27s_Poster_NH_Icon.png
photos,5db9d245f1a9c557,https://dodo.ac/np/images/6/62/Porter%27s_Poster_NH_Icon.png
photos,5ddb7cef5901d6e3,https://dodo.ac/np/images/f/f2/Lobo%27s_Photo_%28Natural_Wood%29_NH_Icon.png
photos,5e40d36d64d9410e,https://dodo.ac/np/images/f/f2/Bubbles%27s_Photo_%28Natural_Wood%29_NH_Icon.png
photos,5e61c6ae1d6ebb58,https://dodo.ac/np/images/7/74/Axel%27s_Photo_%28Natural_Wood%29_NH_Icon.png
photos,5e805e3da9796eb6,https://dodo.ac/np/images/1/12/Lucy%27s_Photo_%28Natural_Wood%29_NH_Icon.png
photos,5eba082e9db216aa,https://dodo.ac/np/images/8/85/Tammi%27s_Photo_%28Natural_Wood%29_NH_Icon.png
photos,5f6b64680bc521ce,https://dodo.ac/np/images/a/ae/Sandy%27s_Photo_%28Natural_Wood%29_NH_Icon.png
photos,5f6e082a6b050aa0,https://dodo.ac/np/images/4/45/Gaston%27s_Poster_NH_Icon.png
photos,601cd5cc27a25024,https://dodo.ac/np/images/6/60/Gayle%27s_Photo_%28Natural_Wood%29_NH_Icon.png
photos,608177bbc6d8260f,https://dodo.ac/np/images/f/fd/Chops%27s_Poster_NH_Icon.png
photos,611e7819f4f936ff,https://dodo.ac/np/images/2/2e/Fuchsia%27s_Photo_%28Natural_Wood%29_NH_Icon.png
photos,6187eb1c168d7121,https://dodo.ac/np/images/6/6f/Phil%27s_Photo_%28Natural_Wood%29_NH_Icon.png
photos,618a037688b6c922,https://dodo.ac/np/images/4/49/Samson%27s_Poster_NH_Icon.png
photos,6198d722bfb3827a,https://dodo.ac/np/images/7/70/Hippeux%27s_Photo_%28Natural_Wood%29_NH_Icon.png
photos,61fbccce702fe2f8,https://dodo.ac/np/images/1/10/Carrie%27s_Poster_NH_Icon.png
photos,622c27ea1f9ec9b9,https://dodo.ac/np/images/a/ae/Ace%27s_Poster_NH_Icon.png
photos,6238f8c8290ce42c,https://dodo.ac/np/images/7/71/Molly%27s_Poster_NH_Icon.png
photos,624f8b99f7ce3b16,https://dodo.ac/np/images/6/6d/Timmy_and_Tommy%27s_Photo_%28Natural_Wood%29_NH_Icon.png
photos,626cd5d8056b47dc,https://dodo.ac/np/images/2/21/Gladys%27s_Poster_NH_Icon.png
photos,6292550bf62d380b,https://dodo.ac/np/images/c/c7/Hugh%27s_Poster_NH_Icon.png
photos,6294e0707d2f6591,https://dodo.ac/np/images/4/42/Mac%27s_Photo_%28Natural_Wood%29_NH_Icon.png
photos,62b1a7ea73b62614,https://dodo.ac/np/images/e/ee/Drift%27s_Photo_%28Natural_Wood%29_NH_Icon.png
photos,62c4a0866b99936c,https://dodo.ac/np/images/a/a0/Paolo%27s_Poster_NH_Icon.png
photos,62e23c420c1e47c4,https://dodo.ac/np/images/5/5a/Alice%27s_Photo_%28Natural_Wood%29_NH_Icon.png
photos,6301a28923d079d6,https://dodo.ac/np/images/6/61/Tia%27s_Poster_NH_Icon.png
photos,6310e758c2156a06,https://dodo.ac/np/images/b/ba/Claudia%27s_Poster_NH_Icon.png
photos,633121de098d47cf,https://dodo.ac/np/images/f/f6/Static%27s_Poster_NH_Icon.png
photos,638847ef723aa285,https://dodo.ac/np/images/6/6b/Pinky%27s_Photo_%28Natural_Wood%29_NH_Icon.png
photos,63b67c476734ce24,https://dodo.ac/np/images/a/a9/Rhonda%27s_Photo_%28Natural_Wood%29_NH_Icon.png
photos,64503feae943d3da,https://dodo.ac/np/images/e/e9/Spork%27s_Photo_%28Natural_Wood%29_NH_Icon.png
photos,648cb2e8021c50b0,https://dodo.ac/np/images/5/59/Bettina%27s_Photo_%28Natural_Wood%29_NH_Icon.png
photos,651650ac5ae8ba19,https://dodo.ac/np/images/1/14/Kevin%27s_Photo_%28Natural_Wood%29_NH_Icon.png
photos,6540d95e2369b6cb,https://dodo.ac/np/images/c/c4/Sparro%27s_Poster_NH_Icon.png
photos,65558769bc8b0d6b,https://dodo.ac/np/images/8/80/Molly%27s_Photo_%28Natural_Wood%29_NH_Icon.png
photos,6589308710be4998,https://dodo.ac/np/images/2/29/Jack%27s_Poster_NH_Icon.png
photos,6591e96dbce08a5a,https://dodo.ac/np/images/d/d3/Annalise%27s_Photo_%28Natural_Wood%29_NH_Icon.png
photos,65ea65291a869f77,https://dodo.ac/np/images/5/52/Kiki_%26_Lala_Poster_NH_Icon.png
photos,660b596abe9d4711,https://dodo.ac/np/images/d/d0/C.J.%27s_Photo_%28Natural_Wood%29_NH_Icon.png
photos,6640a4922cc23262,https://dodo.ac/np/images/8/8a/Pelly%27s_Poster_NH_Icon.png
photos,66504281031bb587,https://dodo.ac/np/images/0/0b/Chip%27s_Poster_NH_Icon.png
photos,66a8b53c5a4e01a2,https://dodo.ac/np/images/e/e5/Wart_Jr.%27s_Photo_%28Natural_Wood%29_NH_Icon.png
photos,66a8d7f842d9c104,https://dodo.ac/np/images/8/85/Frank%27s_Poster_NH_Icon.png
photos,66b0d3c07672ff9b,https://dodo.ac/np/images/f/f1/Goose%27s_Poster_NH_Icon.png
photos,6711c3a2e843c289,https://dodo.ac/np/images/4/43/Boomer%27s_Photo_%28Natural_Wood%29_NH_Icon.png
photos,67579fb5a56e9d50,https://dodo.ac/np/images/0/07/Bunnie%27s_Poster_NH_Icon.png
photos,678a1ccd530df985,https://dodo.ac/np/images/1/1c/Chelsea%27s_Poster_NH_Icon.png
photos,67fbe3b58f969681,https://dodo.ac/np/images/7/74/Gulliver%27s_Photo_%28Natural_Wood%29_NH_Icon.png
photos,680ffdeeaa3bf216,https://dodo.ac/np/images/6/67/Ava%27s_Poster_NH_Icon.png
photos,681b4cd5d4829ffb,https://dodo.ac/np/images/e/ee/Kyle%27s_Photo_%28Natural_Wood%29_NH_Icon.png
photos,685565cc497d82ba,https://dodo.ac/np/images/b/b0/Barold%27s_Poster_NH_Icon.png
photos,689cccd5072e4743,https://dodo.ac/np/images/0/01/Dobie%27s_Poster_NH_Icon.png
photos,68bf23b84658441f,https://dodo.ac/np/images/3/32/Bitty%27s_Poster_NH_Icon.png
photos,68dd9af028d5db8a,https://dodo.ac/np/images/2/20/Cashmere%27s_Poster_NH_Icon.png
photos,69062091e934ad43,https://dodo.ac/np/images/5/55/Mallary%27s_Poster_NH_Icon.png
photos,691fa798e0b8d5e4,https://dodo.ac/np/images/5/5f/Sterling%27s_Poster_NH_Icon.png
photos,6941a1778c8f5d54,https://dodo.ac/np/images/8/8b/Frobert%27s_Poster_NH_Icon.png
photos,6977c107ddabe528,https://dodo.ac/np/images/b/bb/Colton%27s_Photo_%28Natural_Wood%29_NH_Icon.png
photos,698782b7957079ed,https://dodo.ac/np/images/0/03/Pietro%27s_Photo_%28Natural_Wood%29_NH_Icon.png
photos,69bcc7fd519d0038,https://dodo.ac/np/images/6/61/Miranda%27s_Poster_NH_Icon.png
photos,6a0950148ecf4b46,https://dodo.ac/np/images/2/2a/Leilani%27s_Poster_NH_Icon.png
photos,6a8af16960a0710e,https://dodo.ac/np/images/4/4a/Bertha%27s_Poster_NH_Icon.png
photos,6ad25a20df0eafd0,https://dodo.ac/np/images/8/8d/Alli%27s_Poster_NH_Icon.png
photos,6b44f66114189efa,https://dodo.ac/np/images/d/db/Merry%27s_Poster_NH_Icon.png
photos,6b76f3c1851d81f5,https://dodo.ac/np/images/8/8b/Isabelle%27s_Photo_%28Natural_Wood%29_NH_Icon.png
photos,6b821372245a87ce,https://dodo.ac/np/images/c/c5/Roswell%27s_Photo_%28Natural_Wood%29_NH_Icon.png
photos,6b89faeaab31f347,https://dodo.ac/np/images/1/1c/Lily%27s_Photo_%28Natural_Wood%29_NH_Icon.png
photos,6b8fea9416a09495,https://dodo.ac/np/images/a/ac/June%27s_Poster_NH_Icon.png
photos,6baec5a4ec8d51b6,https://dodo.ac/np/images/f/f6/Pancetti%27s_Poster_NH_Icon.png
photos,6bbbcb9625e27291,https://dodo.ac/np/images/6/6f/Maggie%27s_Poster_NH_Icon.png
photos,6c120a5b1c3220cb,https://dodo.ac/np/images/d/d1/Grizzly%27s_Photo_%28Natural_Wood%29_NH_Icon.png
photos,6c38d9c0ae884815,https://dodo.ac/np/images/2/21/Nana%27s_Photo_%28Natural_Wood%29_NH_Icon.png
photos,6c7c08cdcc806f37,https://dodo.ac/np/images/f/ff/Henry%27s_Photo_%28Natural_Wood%29_NH_Icon.png
photos,6cc1c5aeec1ee2fa,https://dodo.ac/np/images/a/a5/Mitzi%27s_Poster_NH_Icon.png
photos,6ceaaa0dcb783206,https://dodo.ac/np/images/c/c7/Elvis%27s_Photo_%28Natural_Wood%29_NH_Icon.png
photos,6d512a3852e03588,https://dodo.ac/np/images/4/44/Katie%27s_Photo_%28Natural_Wood%29_NH_Icon.png
photos,6d544d3b02790c6d,https://dodo.ac/np/images/1/12/Angus%27s_Poster_NH_Icon.png
photos,6dc4d69609a50bd4,https://dodo.ac/np/images/b/b2/Egbert%27s_Poster_NH_Icon.png
photos,6de5ffb19d2c8e31,https://dodo.ac/np/images/d/db/Stu%27s_Photo_%28Natural_Wood%29_NH_Icon.png
photos,6e620429397299a4,https://dodo.ac/np/images/9/9a/Wilbur%27s_Poster_NH_Icon.png
photos,6e6af4c19f56b670,https://dodo.ac/np/images/3/36/Jitters%27s_Photo_%28Natural_Wood%29_NH_Icon.png
photos,6ea6515d0d1fd6d0,https://dodo.ac/np/images/4/40/Pudge%27s_Poster_NH_Icon.png
photos,6ed40d8b611867f6,https://dodo.ac/np/images/7/74/Hamphrey%27s_Photo_%28Natural_Wood%29_NH_Icon.png
photos,6efcefaaa09f7b92,https://dodo.ac/np/images/c/ce/Maddie%27s_Photo_%28Natural_Wood%29_NH_Icon.png
photos,6f09ed35f1548b76,https://dodo.ac/np/images/8/8d/Velma%27s_Poster_NH_Icon.png
photos,6f1ed9d02b83e390,https://dodo.ac/np/images/8/8c/Rudy%27s_Poster_NH_Icon.png
photos,6f83aa37121e13e8,https://dodo.ac/np/images/7/7c/O%27Hare%27s_Poster_NH_Icon.png
photos,6f887f95548b9347,https://dodo.ac/np/images/3/3c/Sydney%27s_Poster_NH_Icon.png
photos,6fc80edaec7e154c,https://dodo.ac/np/images/c/ce/Melba%27s_Poster_NH_Icon.png
photos,6fced4278abdaae2,https://dodo.ac/np/images/b/b1/Ketchup%27s_Photo_%28Natural_Wood%29_NH_Icon.png
photos,703e4fbc37c02adc,https://dodo.ac/np/images/2/2b/Rodeo%27s_Poster_NH_Icon.png
photos,7080efb5791cd4a9,https://dodo.ac/np/images/e/e0/Maple%27s_Poster_NH_Icon.png
photos,7088f52244d71b8f,https://dodo.ac/np/images/d/dd/Erik%27s_Poster_NH_Icon.png
photos,70fa8e624720c5d4,https://dodo.ac/np/images/2/20/Gracie%27s_Poster_NH_Icon.png
photos,715c65034b65df12,https://dodo.ac/np/images/b/bf/Savannah%27s_Photo_%28Natural_Wood%29_NH_Icon.png
photos,721806ecc2722cef,https://dodo.ac/np/images/0/05/Whitney%27s_Poster_NH_Icon.png
photos,72b993dac38e611f,https://dodo.ac/np/images/4/4b/Frobert%27s_Photo_%28Natural_Wood%29_NH_Icon.png
photos,72d582d1bd136c4b,https://dodo.ac/np/images/9/90/Maggie%27s_Photo_%28Natural_Wood%29_NH_Icon.png
photos,73c77ad8a5323f7a,https://dodo.ac/np/images/b/bb/Sylvia%27s_Photo_%28Natural_Wood%29_NH_Icon.png
photos,7408aa37fdb669c3,https://dodo.ac/np/images/4/40/Flora%27s_Photo_%28Natural_Wood%29_NH_Icon.png
photos,74181791617578da,https://dodo.ac/np/images/9/91/Cookie%27s_Photo_%28Natural_Wood%29_NH_Icon.png
photos,74b130954bfd178f,https://dodo.ac/np/images/2/2c/Mallary%27s_Photo_%28Natural_Wood%29_NH_Icon.png
photos,74e818239836448d,https://dodo.ac/np/images/c/cc/Pinky%27s_Poster_NH_Icon.png
photos,75a14e54e618cdbb,https://dodo.ac/np/images/9/9f/Tiansheng%27s_Poster_NH_Icon.png
photos,75a4e948d64b85c8,https://dodo.ac/np/images/b/b0/Merengue%27s_Poster_NH_Icon.png
photos,75af7c1e4836f30c,https://dodo.ac/np/images/9/91/Rolf%27s_Poster_NH_Icon.png
photos,75eb0abc1211cf97,https://dodo.ac/np/images/8/84/Timbra%27s_Photo_%28Natural_Wood%29_NH_Icon.png
photos,761f8943353a069f,https://dodo.ac/np/images/3/3a/Chops%27s_Photo_%28Natural_Wood%29_NH_Icon.png
photos,76411e3475670906,https://dodo.ac/np/images/1/1e/Teddy%27s_Poster_NH_Icon.png
photos,7644656ebd0af41d,https://dodo.ac/np/images/f/fb/Flo%27s_Photo_%28Natural_Wood%29_NH_Icon.png
photos,764aeead784df186,https://dodo.ac/np/images/2/25/Limberg%27s_Photo_%28Natural_Wood%29_NH_Icon.png
photos,764d2212cd3325fe,https://dodo.ac/np/images/0/06/Deena%27s_Photo_%28Natural_Wood%29_NH_Icon.png
photos,7674ffba0f31e902,https://dodo.ac/np/images/b/b1/Diana%27s_Photo_%28Natural_Wood%29_NH_Icon.png
photos,768eff157ff5f2e9,https://dodo.ac/np/images/c/cd/Clay%27s_Photo_%28Natural_Wood%29_NH_Icon.png
photos,7745205f9de7913f,https://dodo.ac/np/images/4/47/Ankha%27s_Poster_NH_Icon.png
photos,7746c242d37632f5,https://dodo.ac/np/images/2/22/Pompom%27s_Poster_NH_Icon.png
photos,777278a6262958d5,https://dodo.ac/np/images/7/76/Plucky%27s_Photo_%28Natural_Wood%29_NH_Icon.png
photos,77994aa12eb54418,https://dodo.ac/np/images/b/b2/Boyd%27s_Photo_%28Natural_Wood%29_NH_Icon.png
photos,77d1cfb15406ea48,https://dodo.ac/np/images/c/c1/Shrunk%27s_Photo_%28Natural_Wood%29_NH_Icon.png
photos,782d6649c4646d38,https://dodo.ac/np/images/3/3b/Bree%27s_Photo_%28Natural_Wood%29_NH_Icon.png
photos,7855e354a1c9eb09,https://dodo.ac/np/images/1/10/Velma%27s_Photo_%28Natural_Wood%29_NH_Icon.png
photos,7865d0a03c0b3d10,https://dodo.ac/np/images/0/05/Freya%27s_Poster_NH_Icon.png
photos,78b39e306587c313,https://dodo.ac/np/images/7/7a/Pietro%27s_Poster_NH_Icon.png
photos,790127c5cc67eb3e,https://dodo.ac/np/images/9/9c/Resetti%27s_Photo_%28Natural_Wood%29_NH_Icon.png
photos,79215777bb757f0a,https://dodo.ac/np/images/b/be/Robin%27s_Photo_%28Natural_Wood%29_NH_Icon.png
photos,79255d14c7814d27,https://dodo.ac/np/images/9/9d/Dizzy%27s_Photo_%28Natural_Wood%29_NH_Icon.png
photos,79604a0d2655eb1d,https://dodo.ac/np/images/4/4c/Kyle%27s_Poster_NH_Icon.png
photos,7967111893f147df,https://dodo.ac/np/images/9/97/Charlise%27s_Photo_%28Natural_Wood%29_NH_Icon.png
photos,7969e2a8ddf2c5bf,https://dodo.ac/np/images/6/6f/Cyrus%27s_Photo_%28Natural_Wood%29_NH_Icon.png
photos,79e4fcd9a31c5bbd,https://dodo.ac/np/images/e/e7/Rex%27s_Photo_%28Natural_Wood%29_NH_Icon.png
photos,7b5dc1d9000a5823,https://dodo.ac/np/images/7/76/Dom%27s_Poster_NH_Icon.png
photos,7b6992982f35bb66,https://dodo.ac/np/images/4/40/Agent_S%27s_Photo_%28Natural_Wood%29_NH_Icon.png
photos,7b82015cf9ea4598,https://dodo.ac/np/images/a/a6/Drake%27s_Photo_%28Natural_Wood%29_NH_Icon.png
photos,7bdb3ad88dde2e60,https://dodo.ac/np/images/1/13/Melba%27s_Photo_%28Natural_Wood%29_NH_Icon.png
photos,7c09d49d9430996b,https://dodo.ac/np/images/9/9f/Raddle%27s_Photo_%28Natural_Wood%29_NH_Icon.png
photos,7c8908fd8ab1333c,https://dodo.ac/np/images/8/81/Prince%27s_Photo_%28Natural_Wood%29_NH_Icon.png
photos,7d2c7f6dd920c503,https://dodo.ac/np/images/3/35/Lobo%27s_Poster_NH_Icon.png
photos,7d32f07dd2d74a63,https://dodo.ac/np/images/d/dc/Mathilda%27s_Poster_NH_Icon.png
photos,7d86c577a8cf2c2a,https://dodo.ac/np/images/4/48/Zoe%27s_Poster_NH_Icon.png
photos,7d99b365e8228c7f,https://dodo.ac/np/images/a/ae/Winnie%27s_Photo_%28Natural_Wood%29_NH_Icon.png
photos,7e445ebc072f608c,https://dodo.ac/np/images/6/68/Alice%27s_Poster_NH_Icon.png
photos,7ea37ae1b1b0bb8b,https://dodo.ac/np/images/5/5b/Bubbles%27s_Poster_NH_Icon.png
photos,7ee8aa5c21782613,https://dodo.ac/np/images/a/ae/Jeremiah%27s_Poster_NH_Icon.png
photos,7eee946370fe5fa0,https://dodo.ac/np/images/d/dc/Harriet%27s_Photo_%28Natural_Wood%29_NH_Icon.png
photos,7f02460ba1d87c46,https://dodo.ac/np/images/2/2e/Fuchsia%27s_Poster_NH_Icon.png
photos,7f1cdbd49716900d,https://dodo.ac/np/images/3/32/Tank%27s_Poster_NH_Icon.png
photos,7fb42f00485de94d,https://dodo.ac/np/images/5/50/Jack%27s_Photo_%28Natural_Wood%29_NH_Icon.png
photos,7fc8c3c69d91c266,https://dodo.ac/np/images/1/1a/Raymond%27s_Poster_NH_Icon.png
photos,803582f343b824e9,https://dodo.ac/np/images/8/8f/Lucky%27s_Photo_%28Natural_Wood%29_NH_Icon.png
photos,804db247e0631a4e,https://dodo.ac/np/images/c/c2/Mira%27s_Poster_NH_Icon.png
photos,80694555b4546a73,https://dodo.ac/np/images/f/f3/Ren%C3%A9e%27s_Poster_NH_Icon.png
photos,80e4b4978185a2a4,https://dodo.ac/np/images/9/9a/Soleil%27s_Poster_NH_Icon.png
photos,80f9f1a5a0c8dec6,https://dodo.ac/np/images/0/09/Leopold%27s_Poster_NH_Icon.png
photos,8164c995c4eebf29,https://dodo.ac/np/images/5/5b/Flo%27s_Poster_NH_Icon.png
photos,81e7cd79296f106a,https://dodo.ac/np/images/4/47/Wisp%27s_Poster_NH_Icon.png
photos,8253c4bd9510c4a1,https://dodo.ac/np/images/3/30/Bud%27s_Photo_%28Natural_Wood%29_NH_Icon.png
photos,826f66b42c64b934,https://dodo.ac/np/images/5/56/Tammy%27s_Poster_NH_Icon.png
photos,835e86a062291aae,https://dodo.ac/np/images/1/1c/Blathers%27s_Photo_%28Natural_Wood%29_NH_Icon.png
photos,837cd7b0981e6b9e,https://dodo.ac/np/images/d/d0/Chow%27s_Poster_NH_Icon.png
photos,8393043c869ad022,https://dodo.ac/np/images/0/00/Stinky%27s_Photo_%28Natural_Wood%29_NH_Icon.png
photos,848c2903e2598c04,https://dodo.ac/np/images/0/0a/Puck%27s_Photo_%28Natural_Wood%29_NH_Icon.png
photos,852770267001a775,https://dodo.ac/np/images/0/04/Flurry%27s_Poster_NH_Icon.png
photos,854528a63bc316f1,https://dodo.ac/np/images/3/3c/Leonardo%27s_Photo_%28Natural_Wood%29_NH_Icon.png
photos,85c61ef4b292f4db,https://dodo.ac/np/images/8/86/Kid_Cat%27s_Poster_NH_Icon.png
photos,85d92d43afc16d73,https://dodo.ac/np/images/d/d8/Rio%27s_Photo_%28Natural_Wood%29_NH_Icon.png
photos,8636632c6346ac79,https://dodo.ac/np/images/d/d3/Deirdre%27s_Photo_%28Natural_Wood%29_NH_Icon.png
photos,86f8740ce89cba1c,https://dodo.ac/np/images/7/7f/Vladimir%27s_Poster_NH_Icon.png
photos,8707e41e1df0616d,https://dodo.ac/np/images/a/ac/Vladimir%27s_Photo_%28Natural_Wood%29_NH_Icon.png
photos,87533a2a11be1147,https://dodo.ac/np/images/f/ff/Lucha%27s_Poster_NH_Icon.png
photos,87a2a8f1fddb3251,https://dodo.ac/np/images/1/17/Baabara%27s_Poster_NH_Icon.png
photos,87fd0f76370b5f72,https://dodo.ac/np/images/e/ea/Mint%27s_Poster_NH_Icon.png
photos,88302f8304a0b17b,https://dodo.ac/np/images/b/b9/Snake%27s_Photo_%28Natural_Wood%29_NH_Icon.png
photos,884d215fc3faa968,https://dodo.ac/np/images/e/ef/Rocket%27s_Photo_%28Natural_Wood%29_NH_Icon.png
photos,885e9269cab93b28,https://dodo.ac/np/images/c/ce/Ozzie%27s_Poster_NH_Icon.png
photos,88870ae8d04b1a68,https://dodo.ac/np/images/c/c7/Snake%27s_Poster_NH_Icon.png
photos,88a7843c19420c37,https://dodo.ac/np/images/c/c2/T-Bone%27s_Photo_%28Natural_Wood%29_NH_Icon.png
photos,896b0c0368c1cde8,https://dodo.ac/np/images/0/08/Lottie%27s_Poster_NH_Icon.png
photos,898f76c88b18ed39,https://dodo.ac/np/images/9/99/Penelope%27s_Poster_NH_Icon.png
photos,899d00ff24c3b376,https://dodo.ac/np/images/1/17/Yuka%27s_Photo_%28Natural_Wood%29_NH_Icon.png
photos,89e88be3b6fd4a0b,https://dodo.ac/np/images/3/32/Rudy%27s_Photo_%28Natural_Wood%29_NH_Icon.png
photos,8a4bfedae39f9369,https://dodo.ac/np/images/f/f5/Digby%27s_Poster_NH_Icon.png
photos,8a5489ea90f0fe73,https://dodo.ac/np/images/a/a8/Sheldon%27s_Photo_%28Natural_Wood%29_NH_Icon.png
photos,8a6a2632d346c381,https://dodo.ac/np/images/c/c3/Phyllis%27s_Poster_NH_Icon.png
photos,8b0f85eb029c13d0,https://dodo.ac/np/images/9/95/Ike%27s_Photo_%28Natural_Wood%29_NH_Icon.png
photos,8b1266bf9aa4cab9,https://dodo.ac/np/images/f/fd/Porter%27s_Photo_%28Natural_Wood%29_NH_Icon.png
photos,8b185270931d466d,https://dodo.ac/np/images/9/93/Flip%27s_Poster_NH_Icon.png
photos,8b7262799e6598f7,https://dodo.ac/np/images/9/9b/Olaf%27s_Poster_NH_Icon.png
photos,8bb76b3ab8a2a526,https://dodo.ac/np/images/0/03/Pekoe%27s_Poster_NH_Icon.png
photos,8c845f731970b181,https://dodo.ac/np/images/4/4a/Isabelle%27s_Poster_NH_Icon.png
photos,8de6632cd921a495,https://dodo.ac/np/images/8/85/Eugene%27s_Poster_NH_Icon.png
photos,8defe483ba998a98,https://dodo.ac/np/images/3/38/Limberg%27s_Poster_NH_Icon.png
photos,8e2ba077fa07b603,https://dodo.ac/np/images/7/7a/Curly%27s_Photo_%28Natural_Wood%29_NH_Icon.png
photos,8e463d8e096a1c83,https://dodo.ac/np/images/0/02/Blaire%27s_Poster_NH_Icon.png
photos,8e5354b9677d62d6,https://dodo.ac/np/images/9/9c/Nibbles%27s_Poster_NH_Icon.png
photos,8e6e8323faf928ef,https://dodo.ac/np/images/9/9e/Copper%27s_Poster_NH_Icon.png
photos,8edadcac1e8559fa,https://dodo.ac/np/images/4/49/Judy%27s_Poster_NH_Icon.png
photos,8f05afcda05c0f85,https://dodo.ac/np/images/1/1c/Opal%27s_Poster_NH_Icon.png
photos,8f0e5d04f7bead0b,https://dodo.ac/np/images/b/b0/Paula%27s_Poster_NH_Icon.png
photos,8f4aa8f11aba005c,https://dodo.ac/np/images/e/e3/Celia%27s_Poster_NH_Icon.png
photos,8f774ee74d1a0380,https://dodo.ac/np/images/9/91/Franklin%27s_Photo_%28Natural_Wood%29_NH_Icon.png
photos,8f8323655f9841a7,https://dodo.ac/np/images/8/85/Violet%27s_Photo_%28Natural_Wood%29_NH_Icon.png
photos,8f9487c599891f1c,https://dodo.ac/np/images/1/13/Sly%27s_Photo_%28Natural_Wood%29_NH_Icon.png
photos,8f972cc9d1c8ec05,https://dodo.ac/np/images/e/e0/Francine%27s_Photo_%28Natural_Wood%29_NH_Icon.png
photos,8fc2e7f823f0c773,https://dodo.ac/np/images/7/74/Cole%27s_Photo_%28Natural_Wood%29_NH_Icon.png
photos,90cd4854a4212ca2,https://dodo.ac/np/images/3/33/Kabuki%27s_Photo_%28Natural_Wood%29_NH_Icon.png
photos,90ee13341ef76896,https://dodo.ac/np/images/8/8a/Rooney%27s_Poster_NH_Icon.png
photos,914854d0ade501f8,https://dodo.ac/np/images/5/53/Anicotti%27s_Poster_NH_Icon.png
photos,914d4870814bf743,https://dodo.ac/np/images/6/69/Shep%27s_Poster_NH_Icon.png
photos,91c31e46a2692f76,https://dodo.ac/np/images/b/b7/Hello_Kitty_Poster_NH_Icon.png
photos,91cf3eaf6046bca3,https://dodo.ac/np/images/1/13/Gwen%27s_Poster_NH_Icon.png
photos,91e4d1fe456a5622,https://dodo.ac/np/images/2/22/Cashmere%27s_Photo_%28Natural_Wood%29_NH_Icon.png
photos,9267d536d2298dac,https://dodo.ac/np/images/3/36/Bunnie%27s_Photo_%28Natural_Wood%29_NH_Icon.png
photos,9309b3b94107e4d8,https://dodo.ac/np/images/3/3d/Resetti%27s_Poster_NH_Icon.png
photos,936aac28acccee14,https://dodo.ac/np/images/6/6c/Cesar%27s_Photo_%28Natural_Wood%29_NH_Icon.png
photos,93e1343feb178e75,https://dodo.ac/np/images/9/9a/Tortimer%27s_Poster_NH_Icon.png
photos,93e96129de96bc89,https://dodo.ac/np/images/e/ef/Kidd%27s_Poster_NH_Icon.png
photos,9418a2df3bfc0351,https://dodo.ac/np/images/8/8e/Leopold%27s_Photo_%28Natural_Wood%29_NH_Icon.png
photos,94c55ce1eae090a7,https://dodo.ac/np/images/c/c6/Petri%27s_Photo_%28Natural_Wood%29_NH_Icon.png
photos,94e8db59387fe7e1,https://dodo.ac/np/images/4/46/Butch%27s_Poster_NH_Icon.png
photos,95ddb93fa4043b4b,https://dodo.ac/np/images/6/67/Benjamin%27s_Photo_%28Natural_Wood%29_NH_Icon.png
photos,960bb2ffb8f0b9ae,https://dodo.ac/np/images/4/4d/Celeste%27s_Poster_NH_Icon.png
photos,9626eba06c222837,https://dodo.ac/np/images/3/39/Annalisa%27s_Photo_%28Natural_Wood%29_NH_Icon.png
photos,967c912b941d1a73,https://dodo.ac/np/images/c/c2/Annalise%27s_Poster_NH_Icon.png
photos,968282e69e4e7360,https://dodo.ac/np/images/e/e9/Gaston%27s_Photo_%28Natural_Wood%29_NH_Icon.png
photos,96954e0b81830fee,https://dodo.ac/np/images/f/fc/Maple%27s_Photo_%28Natural_Wood%29_NH_Icon.png
photos,970002302ba0bafc,https://dodo.ac/np/images/0/0a/Murphy%27s_Poster_NH_Icon.png
photos,970db76ebd1127ba,https://dodo.ac/np/images/6/6d/Tabby%27s_Photo_%28Natural_Wood%29_NH_Icon.png
photos,9735e15234590989,https://dodo.ac/np/images/6/6a/Monique%27s_Poster_NH_Icon.png
photos,979817ba13947b79,https://dodo.ac/np/images/c/cd/Jingle%27s_Poster_NH_Icon.png
photos,979b2396ca5f59d1,https://dodo.ac/np/images/5/50/Tom_Nook%27s_Poster_NH_Icon.png
photos,979e817d90bd0242,https://dodo.ac/np/images/8/8b/Canberra%27s_Photo_%28Natural_Wood%29_NH_Icon.png
photos,97bf2f40eb6b1aff,https://dodo.ac/np/images/e/e5/Carmen%27s_Photo_%28Natural_Wood%29_NH_Icon.png
photos,983f943f7b6b4f3a,https://dodo.ac/np/images/e/ef/Doc%27s_Poster_NH_Icon.png
photos,984248d5a260ff1f,https://dodo.ac/np/images/4/49/Sterling%27s_Photo_%28Natural_Wood%29_NH_Icon.png
photos,9874939511658bba,https://dodo.ac/np/images/9/91/Simon%27s_Poster_NH_Icon.png
photos,989773d5cf3e699f,https://dodo.ac/np/images/0/0b/Mabel%27s_Poster_NH_Icon.png
photos,98f9178831cab356,https://dodo.ac/np/images/1/19/Coco%27s_Photo_%28Natural_Wood%29_NH_Icon.png
photos,992af7ee74e7e87f,https://dodo.ac/np/images/0/0f/Hornsby%27s_Poster_NH_Icon.png
photos,994b43a3d493fb55,https://dodo.ac/np/images/8/83/Agnes%27s_Photo_%28Natural_Wood%29_NH_Icon.png
photos,99932a19967b0977,https://dodo.ac/np/images/b/bb/Bettina%27s_Poster_NH_Icon.png
photos,99b1789055a5d37f,https://dodo.ac/np/images/9/94/Merengue%27s_Photo_%28Natural_Wood%29_NH_Icon.png
photos,9a1297b5cb1b4e0c,https://dodo.ac/np/images/c/cc/Del%27s_Poster_NH_Icon.png
photos,9a3d14163eca3d1a,https://dodo.ac/np/images/6/6d/Chai%27s_Poster_NH_Icon.png
photos,9a5f44ea3f5e1246,https://dodo.ac/np/images/e/e0/Tex%27s_Poster_NH_Icon.png
photos,9a60197c357a5611,https://dodo.ac/np/images/c/cc/Katrina%27s_Poster_NH_Icon.png
photos,9a7eee929c6f613c,https://dodo.ac/np/images/7/76/Gonzo%27s_Poster_NH_Icon.png
photos,9ae5ade436db44df,https://dodo.ac/np/images/6/60/Ricky%27s_Poster_NH_Icon.png
photos,9af32d019692b569,https://dodo.ac/np/images/6/6d/Ursala%27s_Photo_%28Natural_Wood%29_NH_Icon.png
photos,9b31e6d5f5118ae9,https://dodo.ac/np/images/a/a3/Saharah%27s_Poster_NH_Icon.png
photos,9b391ddccb9b77df,https://dodo.ac/np/images/b/bb/Apollo%27s_Photo_%28Natural_Wood%29_NH_Icon.png
photos,9b5b358a28c91128,https://dodo.ac/np/images/b/b6/Deli%27s_Poster_NH_Icon.png
photos,9b91397adc903c28,https://dodo.ac/np/images/6/68/Doc%27s_Photo_%28Natural_Wood%29_NH_Icon.png
photos,9bac00d450ba3a48,https://dodo.ac/np/images/6/6c/Truffles%27s_Poster_NH_Icon.png
photos,9bece2fa4dd69ec8,https://dodo.ac/np/images/b/b0/Sprocket%27s_Photo_%28Natural_Wood%29_NH_Icon.png
photos,9cf686b6ec59c7e6,https://dodo.ac/np/images/2/25/Sydney%27s_Photo_%28Natural_Wood%29_NH_Icon.png
photos,9d5431a81cbd1798,https://dodo.ac/np/images/7/72/Admiral%27s_Photo_%28Natural_Wood%29_NH_Icon.png
photos,9d54cdfc72700a93,https://dodo.ac/np/images/8/8f/Marina%27s_Poster_NH_Icon.png
photos,9d8ce9ed010ee798,https://dodo.ac/np/images/b/be/Agnes%27s_Poster_NH_Icon.png
photos,9dc5241f8b2532fb,https://dodo.ac/np/images/c/ca/Biff%27s_Photo_%28Natural_Wood%29_NH_Icon.png
photos,9dc9fdb9c2d98e2d,https://dodo.ac/np/images/f/ff/Nana%27s_Poster_NH_Icon.png
photos,9e2ce00ae99fdd62,https://dodo.ac/np/images/c/c3/Knox%27s_Poster_NH_Icon.png
photos,9eb5f975c6ea3f1a,https://dodo.ac/np/images/7/70/Orville%27s_Photo_%28Natural_Wood%29_NH_Icon.png
photos,9ef6bc3101e413cd,https://dodo.ac/np/images/0/0b/DJ_KK%27s_Poster_NH_Icon.png
photos,9f1301a0db166d47,https://dodo.ac/np/images/8/8a/Papi%27s_Photo_%28Natural_Wood%29_NH_Icon.png
photos,9f3ebafa577a162f,https://dodo.ac/np/images/c/c0/Admiral%27s_Poster_NH_Icon.png
photos,9f41b14e2f91a625,https://dodo.ac/np/images/5/52/Olivia%27s_Poster_NH_Icon.png
photos,9ffcdcd53377d7ff,https://dodo.ac/np/images/3/31/Tulin%27s_Poster_NH_Icon.png
photos,a064ebb0c67a2ec9,https://dodo.ac/np/images/2/29/Toby%27s_Photo_%28Natural_Wood%29_NH_Icon.png
photos,a0980a6106928362,https://dodo.ac/np/images/9/98/%C3%89toile%27s_Poster_NH_Icon.png
photos,a09e694b7efdc214,https://dodo.ac/np/images/c/c1/Filbert%27s_Poster_NH_Icon.png
photos,a0aea06173288fa3,https://dodo.ac/np/images/4/45/Frita%27s_Photo_%28Natural_Wood%29_NH_Icon.png
photos,a0db37180355470f,https://dodo.ac/np/images/1/1e/Chadder%27s_Poster_NH_Icon.png
photos,a12fbcfd019e6cef,https://dodo.ac/np/images/1/13/Joey%27s_Poster_NH_Icon.png
photos,a1bfe4aa9b5a85fa,https://dodo.ac/np/images/6/62/Brewster%27s_Poster_NH_Icon.png
photos,a1deb4921a99f9a4,https://dodo.ac/np/images/e/e6/Saharah%27s_Photo_%28Natural_Wood%29_NH_Icon.png
photos,a22ed083a6339c23,https://dodo.ac/np/images/f/f1/Tutu%27s_Photo_%28Natural_Wood%29_NH_Icon.png
photos,a29d6ae226ce9e56,https://dodo.ac/np/images/3/3e/Savannah%27s_Poster_NH_Icon.png
photos,a31e8eb37ab843c5,https://dodo.ac/np/images/e/e0/Stinky%27s_Poster_NH_Icon.png
photos,a36098388edea791,https://dodo.ac/np/images/9/9a/Claude%27s_Poster_NH_Icon.png
photos,a3a89a5726d2bda9,https://dodo.ac/np/images/1/13/Azalea%27s_Poster_NH_Icon.png
photos,a3a9f53edea052e8,https://dodo.ac/np/images/5/59/Daisy_Mae%27s_Poster_NH_Icon.png
photos,a3b8e3f89e7f1070,https://dodo.ac/np/images/e/ed/Curt%27s_Photo_%28Natural_Wood%29_NH_Icon.png
photos,a4d77ae714f6b48b,https://dodo.ac/np/images/6/60/Nan%27s_Poster_NH_Icon.png
photos,a5fa6e28ab7c5da0,https://dodo.ac/np/images/c/c6/Bertha%27s_Photo_%28Natural_Wood%29_NH_Icon.png
photos,a61d35aec30dd549,https://dodo.ac/np/images/4/4d/Poppy%27s_Poster_NH_Icon.png
photos,a6393e308bd47c8d,https://dodo.ac/np/images/b/b3/Ken%27s_Photo_%28Natural_Wood%29_NH_Icon.png
photos,a6692293f24ec089,https://dodo.ac/np/images/8/82/Ribbot%27s_Poster_NH_Icon.png
photos,a66ecc2febfdd0ce,https://dodo.ac/np/images/8/84/Tasha%27s_Poster_NH_Icon.png
photos,a67576bd9fc5cec2,https://dodo.ac/np/images/3/3d/Blathers%27s_Poster_NH_Icon.png
photos,a7076ded32f26d6d,https://dodo.ac/np/images/c/ca/Bree%27s_Poster_NH_Icon.png
photos,a70b397c59e6d2ee,https://dodo.ac/np/images/5/58/Chip%27s_Photo_%28Natural_Wood%29_NH_Icon.png
photos,a7147319c5b5f85e,https://dodo.ac/np/images/c/c0/Lopez%27s_Poster_NH_Icon.png
photos,a740617e5beafbe6,https://dodo.ac/np/images/1/19/Gayle%27s_Poster_NH_Icon.png
photos,a75cab690ebd0dcf,https://dodo.ac/np/images/a/a4/Rolf%27s_Photo_%28Natural_Wood%29_NH_Icon.png
photos,a76a63028f0723ea,https://dodo.ac/np/images/e/e3/Anabelle%27s_Poster_NH_Icon.png
photos,a78caab056c63c16,https://dodo.ac/np/images/5/57/Rosie%27s_Poster_NH_Icon.png
photos,a7c88b56b47ae051,https://dodo.ac/np/images/0/02/Kitty%27s_Poster_NH_Icon.png
photos,a807b06d824c2a24,https://dodo.ac/np/images/5/5a/Cyd%27s_Poster_NH_Icon.png
photos,a815fa91a12394fa,https://dodo.ac/np/images/d/df/Judy%27s_Photo_%28Natural_Wood%29_NH_Icon.png
photos,a832fc6079e61e7a,https://dodo.ac/np/images/7/7f/Keaton%27s_Photo_%28Natural_Wood%29_NH_Icon.png
photos,a83b5d126ed195ba,https://dodo.ac/np/images/4/48/%C3%89toile%27s_Photo_%28Natural_Wood%29_NH_Icon.png
photos,a9019d1672cdcbfd,https://dodo.ac/np/images/9/9d/Rocco%27s_Poster_NH_Icon.png
photos,a92d28fbb4b6337c,https://dodo.ac/np/images/6/68/Sylvia%27s_Poster_NH_Icon.png
photos,a94fd7edf4dfd7a3,https://dodo.ac/np/images/f/f2/Lolly%27s_Poster_NH_Icon.png
photos,a965a3147e8eb2cd,https://dodo.ac/np/images/c/cd/Skye%27s_Poster_NH_Icon.png
photos,a9fe99758502c43f,https://dodo.ac/np/images/1/10/Faith%27s_Photo_%28Natural_Wood%29_NH_Icon.png
photos,aa31850d2ca43438,https://dodo.ac/np/images/e/ee/Francine%27s_Poster_NH_Icon.png
photos,aa66dc89e72e8595,https://dodo.ac/np/images/3/37/Klaus%27s_Photo_%28Natural_Wood%29_NH_Icon.png
photos,aa6750d7a9fa4ffa,https://dodo.ac/np/images/6/69/Bud%27s_Poster_NH_Icon.png
photos,aaa6e1d879c79077,https://dodo.ac/np/images/0/0a/Ren%C3%A9e%27s_Photo_%28Natural_Wood%29_NH_Icon.png
photos,aab5feb94cce407a,https://dodo.ac/np/images/9/9d/Huck%27s_Poster_NH_Icon.png
photos,aaf7e60d0c16ba3c,https://dodo.ac/np/images/8/8a/Willow%27s_Poster_NH_Icon.png
photos,ab31027dc49ae556,https://dodo.ac/np/images/6/6e/Soleil%27s_Photo_%28Natural_Wood%29_NH_Icon.png
photos,ab3ee9f43719a594,https://dodo.ac/np/images/8/87/Bruce%27s_Photo_%28Natural_Wood%29_NH_Icon.png
photos,ab6bb39baa4fca7b,https://dodo.ac/np/images/0/0d/Quinn%27s_Photo_%28Natural_Wood%29_NH_Icon.png
photos,ab9c89a0fe27de9d,https://dodo.ac/np/images/1/17/Vic%27s_Poster_NH_Icon.png
photos,ac91c10dbc725c7b,https://dodo.ac/np/images/1/12/Phineas%27s_Poster_NH_Icon.png
photos,acf05c68d294b22f,https://dodo.ac/np/images/7/7d/Bones%27s_Poster_NH_Icon.png
photos,ad2ae77da55649b1,https://dodo.ac/np/images/8/8f/Teddy%27s_Photo_%28Natural_Wood%29_NH_Icon.png
photos,ad72ca900d1efebd,https://dodo.ac/np/images/5/5e/Mott%27s_Poster_NH_Icon.png
photos,adb29bec0788fee3,https://dodo.ac/np/images/9/99/Kiki%27s_Photo_%28Natural_Wood%29_NH_Icon.png
photos,ade29b17ad2422de,https://dodo.ac/np/images/8/86/Phoebe%27s_Poster_NH_Icon.png
photos,aded3fa0f1e8ed4b,https://dodo.ac/np/images/b/bd/Tortimer%27s_Photo_%28Natural_Wood%29_NH_Icon.png
photos,adff78ec571d516c,https://dodo.ac/np/images/6/61/Drake%27s_Poster_NH_Icon.png
photos,ae0dba08fdc88ce0,https://dodo.ac/np/images/4/48/K.K.%27s_Poster_NH_Icon.png
photos,ae20bd09f31ca242,https://dodo.ac/np/images/3/3a/Tad%27s_Photo_%28Natural_Wood%29_NH_Icon.png
photos,ae5311c449282ee8,https://dodo.ac/np/images/8/8e/Tybalt%27s_Photo_%28Natural_Wood%29_NH_Icon.png
photos,af344992b154dc01,https://dodo.ac/np/images/1/19/Agent_S%27s_Poster_NH_Icon.png
photos,af5a0549ea683212,https://dodo.ac/np/images/2/22/Pippy%27s_Poster_NH_Icon.png
photos,af684301a3fc1df9,https://dodo.ac/np/images/3/34/Peggy%27s_Photo_%28Natural_Wood%29_NH_Icon.png
photos,afe624194c3063de,https://dodo.ac/np/images/f/fe/Bones%27s_Photo_%28Natural_Wood%29_NH_Icon.png
photos,aff468619ec2b938,https://dodo.ac/np/images/6/61/Curlos%27s_Poster_NH_Icon.png
photos,b0332a1d2e25a755,https://dodo.ac/np/images/3/3d/Elmer%27s_Photo_%28Natural_Wood%29_NH_Icon.png
photos,b0d2d3582c7fff3d,https://dodo.ac/np/images/e/e3/Filbert%27s_Photo_%28Natural_Wood%29_NH_Icon.png
photos,b0d4cbad2a6f7a00,https://dodo.ac/np/images/1/1d/My_Melody_Poster_NH_Icon.png
photos,b1086157a3f7f4a5,https://dodo.ac/np/images/5/53/Weber%27s_Photo_%28Natural_Wood%29_NH_Icon.png
photos,b10a1a2f7a085049,https://dodo.ac/np/images/e/ec/Rover%27s_Photo_%28Natural_Wood%29_NH_Icon.png
photos,b15faab17f58da46,https://dodo.ac/np/images/8/87/K.K.%27s_Photo_%28Natural_Wood%29_NH_Icon.png
photos,b183c37f75a5d4a3,https://dodo.ac/np/images/5/5a/Rover%27s_Poster_NH_Icon.png
photos,b1a2ea327c0e74fc,https://dodo.ac/np/images/c/c7/Audie%27s_Poster_NH_Icon.png
photos,b1c460e2a77be820,https://dodo.ac/np/images/e/e5/Dobie%27s_Photo_%28Natural_Wood%29_NH_Icon.png
photos,b1cfc7c21a257acd,https://dodo.ac/np/images/e/e5/Cube%27s_Photo_%28Natural_Wood%29_NH_Icon.png
photos,b25380a4b6dda02e,https://dodo.ac/np/images/5/5c/Jeremiah%27s_Photo_%28Natural_Wood%29_NH_Icon.png
photos,b2db3c58a84c005e,https://dodo.ac/np/images/9/9c/Ribbot%27s_Photo_%28Natural_Wood%29_NH_Icon.png
photos,b31aff98ac2ee09e,https://dodo.ac/np/images/8/82/Amelia%27s_Poster_NH_Icon.png
photos,b3287cffe9b4ee8f,https://dodo.ac/np/images/f/fd/Wardell%27s_Photo_%28Natural_Wood%29_NH_Icon.png
photos,b353918b7fde0b07,https://dodo.ac/np/images/9/93/Punchy%27s_Photo_%28Natural_Wood%29_NH_Icon.png
photos,b3ceae3159c45393,https://dodo.ac/np/images/9/98/Cheri%27s_Poster_NH_Icon.png
photos,b3d4fc5ebb3a367d,https://dodo.ac/np/images/b/bc/Poppy%27s_Photo_%28Natural_Wood%29_NH_Icon.png
photos,b4913e96ecb5457a,https://dodo.ac/np/images/c/cb/Tia%27s_Photo_%28Natural_Wood%29_NH_Icon.png
photos,b4b869987b902cb1,https://dodo.ac/np/images/3/3f/Chester%27s_Poster_NH_Icon.png
photos,b4cb8f9123f1e951,https://dodo.ac/np/images/b/b9/Louie%27s_Poster_NH_Icon.png
photos,b4e7213eaa204093,https://dodo.ac/np/images/7/72/Bluebear%27s_Poster_NH_Icon.png
photos,b55ed863840ab0a2,https://dodo.ac/np/images/1/19/Coach%27s_Photo_%28Natural_Wood%29_NH_Icon.png
photos,b58fed446a77b59e,https://dodo.ac/np/images/2/2c/Tiffany%27s_Poster_NH_Icon.png
photos,b5e4ee4069d83ebb,https://dodo.ac/np/images/a/af/Mineru%27s_Photo_%28Natural_Wood%29_NH_Icon.png
photos,b5fac282e71411c1,https://dodo.ac/np/images/7/7e/Muffy%27s_Photo_%28Natural_Wood%29_NH_Icon.png
photos,b62fdcc24ec04b57,https://dodo.ac/np/images/3/3d/Beardo%27s_Photo_%28Natural_Wood%29_NH_Icon.png
photos,b69fa87770e3ab45,https://dodo.ac/np/images/6/65/Bonbon%27s_Photo_%28Natural_Wood%29_NH_Icon.png
photos,b6f071034c36b9e0,https://dodo.ac/np/images/6/6d/Spork%27s_Poster_NH_Icon.png
photos,b6f7ffcb208b799e,https://dodo.ac/np/images/4/4b/Stella%27s_Poster_NH_Icon.png
photos,b6fa0689bae96869,https://dodo.ac/np/images/0/03/Ione%27s_Poster_NH_Icon.png
photos,b73800f2e9019b59,https://dodo.ac/np/images/7/71/Greta%27s_Photo_%28Natural_Wood%29_NH_Icon.png
photos,b7a565cdc248ad2d,https://dodo.ac/np/images/b/bb/Ketchup%27s_Poster_NH_Icon.png
photos,b7a67f54b8dd7e92,https://dodo.ac/np/images/c/cb/Niko%27s_Photo_%28Natural_Wood%29_NH_Icon.png
photos,b84f88dc52a3e8c6,https://dodo.ac/np/images/b/b2/Genji%27s_Poster_NH_Icon.png
photos,b87f0467d02b2392,https://dodo.ac/np/images/4/4d/Whitney%27s_Photo_%28Natural_Wood%29_NH_Icon.png
photos,b8c6a734f20aa3ed,https://dodo.ac/np/images/a/a3/Pecan%27s_Poster_NH_Icon.png
photos,b8e75269f26da1c5,https://dodo.ac/np/images/9/96/Tom%27s_Photo_%28Natural_Wood%29_NH_Icon.png
photos,b8eceb919a37aeb6,https://dodo.ac/np/images/7/75/Boomer%27s_Poster_NH_Icon.png
photos,b8f1e09b79e208fe,https://dodo.ac/np/images/b/bb/Frita%27s_Poster_NH_Icon.png
photos,b906f2f3d9eecdd6,https://dodo.ac/np/images/c/cc/Rodney%27s_Photo_%28Natural_Wood%29_NH_Icon.png
photos,b933f428792e3237,https://dodo.ac/np/images/1/1c/Jitters%27s_Poster_NH_Icon.png
photos,b9457b881836c706,https://dodo.ac/np/images/a/ab/Walt%27s_Photo_%28Natural_Wood%29_NH_Icon.png
photos,b9641e4aef7f0567,https://dodo.ac/np/images/d/d3/Rilla%27s_Photo_%28Natural_Wood%29_NH_Icon.png
photos,b9aca5b0483cf526,https://dodo.ac/np/images/c/c0/Aurora%27s_Poster_NH_Icon.png
photos,ba260e2eed43bc23,https://dodo.ac/np/images/5/5a/O%27Hare%27s_Photo_%28Natural_Wood%29_NH_Icon.png
photos,baea1763907444fb,https://dodo.ac/np/images/7/70/Nat%27s_Poster_NH_Icon.png
photos,baf95c3239993c9c,https://dodo.ac/np/images/e/e2/Daisy%27s_Poster_NH_Icon.png
photos,bb881021f1edff2c,https://dodo.ac/np/images/8/86/Blanche%27s_Photo_%28Natural_Wood%29_NH_Icon.png
photos,bbe39d68d4575084,https://dodo.ac/np/images/1/1c/Kiki%27s_Poster_NH_Icon.png
photos,bc7d5dd42007790d,https://dodo.ac/np/images/6/6c/Gruff%27s_Photo_%28Natural_Wood%29_NH_Icon.png
photos,bca7e5838993adf1,https://dodo.ac/np/images/9/98/Cally%27s_Photo_%28Natural_Wood%29_NH_Icon.png
photos,bce39ca840b2ee55,https://dodo.ac/np/images/4/4b/Daisy_Mae%27s_Photo_%28Natural_Wood%29_NH_Icon.png
photos,be32df57c13e92a0,https://dodo.ac/np/images/9/99/Maddie%27s_Poster_NH_Icon.png
photos,be4ee10e49657625,https://dodo.ac/np/images/a/ae/Tybalt%27s_Poster_NH_Icon.png
photos,be5fe58138589ee9,https://dodo.ac/np/images/4/46/Diva%27s_Photo_%28Natural_Wood%29_NH_Icon.png
photos,be9d9774fdcbb29f,https://dodo.ac/np/images/a/a5/Naomi%27s_Poster_NH_Icon.png
photos,bf95b2538d58641d,https://dodo.ac/np/images/f/ff/Sylvana%27s_Poster_NH_Icon.png
photos,bf9ce138fbd0e9c0,https://dodo.ac/np/images/f/f6/Gloria%27s_Poster_NH_Icon.png
photos,bfab51cf634dd667,https://dodo.ac/np/images/9/95/Papi%27s_Poster_NH_Icon.png
photos,bfc0e5a338b8090a,https://dodo.ac/np/images/a/a8/Eunice%27s_Poster_NH_Icon.png
photos,c0279848b362783c,https://dodo.ac/np/images/6/68/Boris%27s_Photo_%28Natural_Wood%29_NH_Icon.png
photos,c03eb53f6aada483,https://dodo.ac/np/images/d/d4/Peck%27s_Poster_NH_Icon.png
photos,c08eb1d9740e152c,https://dodo.ac/np/images/6/65/Sparro%27s_Photo_%28Natural_Wood%29_NH_Icon.png
photos,c0b121d315e247e1,https://dodo.ac/np/images/5/5a/Tabby%27s_Poster_NH_Icon.png
photos,c0b96478b5f9e773,https://dodo.ac/np/images/0/05/Felicity%27s_Photo_%28Natural_Wood%29_NH_Icon.png
photos,c12deade4e0ec41f,https://dodo.ac/np/images/c/ce/Kicks%27s_Poster_NH_Icon.png
photos,c15bf50c56b4642c,https://dodo.ac/np/images/d/da/Frett%27s_Poster_NH_Icon.png
photos,c1f9317df650762e,https://dodo.ac/np/images/8/84/Eunice%27s_Photo_%28Natural_Wood%29_NH_Icon.png
photos,c20c0f45910353eb,https://dodo.ac/np/images/3/3f/Del%27s_Photo_%28Natural_Wood%29_NH_Icon.png
photos,c214aa2bb7224819,https://dodo.ac/np/images/8/8a/Wendell%27s_Poster_NH_Icon.png
photos,c2549dfcfa8f7a5d,https://dodo.ac/np/images/0/05/Penelope%27s_Photo_%28Natural_Wood%29_NH_Icon.png
photos,c2745d55f39e8e04,https://dodo.ac/np/images/e/e3/Dotty%27s_Poster_NH_Icon.png
photos,c2770a681655d0a2,https://dodo.ac/np/images/7/7b/Phil%27s_Poster_NH_Icon.png
photos,c292eedba7fa81ad,https://dodo.ac/np/images/a/ac/Billy%27s_Poster_NH_Icon.png
photos,c2b0fe153120ebe3,https://dodo.ac/np/images/6/61/Tangy%27s_Photo_%28Natural_Wood%29_NH_Icon.png
photos,c2d73d54b1be95a5,https://dodo.ac/np/images/4/43/Graham%27s_Poster_NH_Icon.png
photos,c314c6989c90b3a8,https://dodo.ac/np/images/6/67/Boots%27s_Poster_NH_Icon.png
photos,c410b60b5e728bbf,https://dodo.ac/np/images/d/d4/Spike%27s_Poster_NH_Icon.png
photos,c41241b312a064f6,https://dodo.ac/np/images/a/a8/Lopez%27s_Photo_%28Natural_Wood%29_NH_Icon.png
photos,c46bb4e9d9b8fdab,https://dodo.ac/np/images/d/da/Margie%27s_Photo_%28Natural_Wood%29_NH_Icon.png
photos,c58e1d2369a33a12,https://dodo.ac/np/images/3/3d/Muffy%27s_Poster_NH_Icon.png
photos,c5ae77eac5cc5775,https://dodo.ac/np/images/3/35/Drago%27s_Photo_%28Natural_Wood%29_NH_Icon.png
photos,c5dd3bdfe27d6995,https://dodo.ac/np/images/a/a0/Tad%27s_Poster_NH_Icon.png
photos,c6036f735a46abc8,https://dodo.ac/np/images/6/68/Pecan%27s_Photo_%28Natural_Wood%29_NH_Icon.png
photos,c634174efc0a81f5,https://dodo.ac/np/images/e/e8/Flick%27s_Poster_NH_Icon.png
photos,c6348213b8524154,https://dodo.ac/np/images/e/e9/Peggy%27s_Poster_NH_Icon.png
photos,c6cbd8b8534c7e96,https://dodo.ac/np/images/1/19/Ed%27s_Photo_%28Natural_Wood%29_NH_Icon.png
photos,c6ceb510d1e0b1db,https://dodo.ac/np/images/e/ea/Zipper%27s_Poster_NH_Icon.png
photos,c74ff9106e1688cf,https://dodo.ac/np/images/e/ee/Broccolo%27s_Photo_%28Natural_Wood%29_NH_Icon.png
photos,c7dc5b62d4bed355,https://dodo.ac/np/images/a/aa/Pascal%27s_Poster_NH_Icon.png
photos,c7ea02aa29c64b4d,https://dodo.ac/np/images/3/39/Monty%27s_Poster_NH_Icon.png
photos,c84cb94929ab0846,https://dodo.ac/np/images/7/75/Chevre%27s_Poster_NH_Icon.png
photos,c85e596a255cd514,https://dodo.ac/np/images/4/46/Elise%27s_Photo_%28Natural_Wood%29_NH_Icon.png
photos,c8fc7cb4839dbcb8,https://dodo.ac/np/images/2/21/Rodeo%27s_Photo_%28Natural_Wood%29_NH_Icon.png
photos,c9124dc14ee73a70,https://dodo.ac/np/images/5/52/Rizzo%27s_Poster_NH_Icon.png
photos,c9bb17d60763044d,https://dodo.ac/np/images/d/d6/Hopkins%27s_Poster_NH_Icon.png
photos,c9bdcfcc78ae116a,https://dodo.ac/np/images/9/9b/Rory%27s_Photo_%28Natural_Wood%29_NH_Icon.png
photos,c9e0291ec0ed8449,https://dodo.ac/np/images/5/54/Stella%27s_Photo_%28Natural_Wood%29_NH_Icon.png
photos,ca97590e4c3397aa,https://dodo.ac/np/images/5/5e/Sasha%27s_Poster_NH_Icon.png
photos,cadb4841d4f8f0a8,https://dodo.ac/np/images/b/bc/Knox%27s_Photo_%28Natural_Wood%29_NH_Icon.png
photos,caeafeae33a33cf0,https://dodo.ac/np/images/0/07/Katt%27s_Poster_NH_Icon.png
photos,cb0c175b5d6be793,https://dodo.ac/np/images/f/f4/Klaus%27s_Poster_NH_Icon.png
photos,cb1c3b781176db17,https://dodo.ac/np/images/a/a3/Luna%27s_Photo_%28Natural_Wood%29_NH_Icon.png
photos,cb25bd570e9d51ab,https://dodo.ac/np/images/d/dd/Monique%27s_Photo_%28Natural_Wood%29_NH_Icon.png
photos,cb3e48ec2fd728b6,https://dodo.ac/np/images/f/f4/Greta%27s_Poster_NH_Icon.png
photos,cb46f646722ca8cd,https://dodo.ac/np/images/b/bd/Hopper%27s_Photo_%28Natural_Wood%29_NH_Icon.png
photos,cb90eba963ba0fe8,https://dodo.ac/np/images/a/ae/Clay%27s_Poster_NH_Icon.png
photos,cbed1d2430d8d05d,https://dodo.ac/np/images/8/80/Peck%27s_Photo_%28Natural_Wood%29_NH_Icon.png
photos,cccbe03d119fabc1,https://dodo.ac/np/images/a/a9/Sandy%27s_Poster_NH_Icon.png
photos,ccdedf4518239f51,https://dodo.ac/np/images/a/a3/Queenie%27s_Poster_NH_Icon.png
photos,cd4b7c144376f2d5,https://dodo.ac/np/images/3/33/Mott%27s_Photo_%28Natural_Wood%29_NH_Icon.png
photos,cd4cbbf1234f6650,https://dodo.ac/np/images/e/e9/Twiggy%27s_Poster_NH_Icon.png
photos,cd534324307c1906,https://dodo.ac/np/images/1/1e/Franklin%27s_Poster_NH_Icon.png
photos,cd7451ca9d1fbf5c,https://dodo.ac/np/images/3/3d/Nibbles%27s_Photo_%28Natural_Wood%29_NH_Icon.png
photos,ce08cb6733b9bdbc,https://dodo.ac/np/images/7/79/Louie%27s_Photo_%28Natural_Wood%29_NH_Icon.png
photos,ce2196f383686382,https://dodo.ac/np/images/0/00/Kidd%27s_Photo_%28Natural_Wood%29_NH_Icon.png
photos,ce2787e5d5f672e7,https://dodo.ac/np/images/9/99/Axel%27s_Poster_NH_Icon.png
photos,cf12e0b50d8f2689,https://dodo.ac/np/images/d/d8/Bella%27s_Poster_NH_Icon.png
photos,cf1e7f1788df13e7,https://dodo.ac/np/images/6/61/Peanut%27s_Photo_%28Natural_Wood%29_NH_Icon.png
photos,cf20900434cb6ce5,https://dodo.ac/np/images/a/ab/Violet%27s_Poster_NH_Icon.png
photos,cf2a3d5a94a6a1d1,https://dodo.ac/np/images/7/74/Merry%27s_Photo_%28Natural_Wood%29_NH_Icon.png
photos,cf3c708dcc3ffdf1,https://dodo.ac/np/images/3/3a/Zell%27s_Photo_%28Natural_Wood%29_NH_Icon.png
photos,cf557f7bb1ae200d,https://dodo.ac/np/images/5/5d/Erik%27s_Photo_%28Natural_Wood%29_NH_Icon.png
photos,cfe0b965ea4a3d95,https://dodo.ac/np/images/0/0a/Astrid%27s_Photo_%28Natural_Wood%29_NH_Icon.png
photos,d100192f22826708,https://dodo.ac/np/images/2/2f/Zoe%27s_Photo_%28Natural_Wood%29_NH_Icon.png
photos,d13c5c8b56eedc67,https://dodo.ac/np/images/4/4b/Anchovy%27s_Poster_NH_Icon.png
photos,d1bf66ecdf564908,https://dodo.ac/np/images/c/c8/Copper%27s_Photo_%28Natural_Wood%29_NH_Icon.png
photos,d1c331331ed31383,https://dodo.ac/np/images/d/d6/Reneigh%27s_Poster_NH_Icon.png
photos,d1c6bd43aa433606,https://dodo.ac/np/images/a/a0/Zipper%27s_Photo_%28Natural_Wood%29_NH_Icon.png
photos,d1c8d717fc677558,https://dodo.ac/np/images/d/d5/Curt%27s_Poster_NH_Icon.png
photos,d1ea292aad594d92,https://dodo.ac/np/images/5/52/Samson%27s_Photo_%28Natural_Wood%29_NH_Icon.png
photos,d1f3bfd345540892,https://dodo.ac/np/images/4/49/Wade%27s_Photo_%28Natural_Wood%29_NH_Icon.png
photos,d24fdd3f44e94c03,https://dodo.ac/np/images/d/d3/Raymond%27s_Photo_%28Natural_Wood%29_NH_Icon.png
photos,d268d763dfb12429,https://dodo.ac/np/images/1/11/Bea%27s_Poster_NH_Icon.png
photos,d2a973e889a70f9e,https://dodo.ac/np/images/a/a8/Chrissy%27s_Poster_NH_Icon.png
photos,d2eb527d42aa5106,https://dodo.ac/np/images/e/ea/Bianca%27s_Poster_NH_Icon.png
photos,d3a2ea10f6ac5e20,https://dodo.ac/np/images/1/1e/Niko%27s_Poster_NH_Icon.png
photos,d3aeb7f4140185f7,https://dodo.ac/np/images/8/8b/Benedict%27s_Photo_%28Natural_Wood%29_NH_Icon.png
photos,d47c208c79cb97a8,https://dodo.ac/np/images/8/8f/Poncho%27s_Photo_%28Natural_Wood%29_NH_Icon.png
photos,d4e097c6d1c8f0d3,https://dodo.ac/np/images/4/4c/Pate%27s_Poster_NH_Icon.png
photos,d4f92f6e7a1d188b,https://dodo.ac/np/images/7/71/Gigi%27s_Photo_%28Natural_Wood%29_NH_Icon.png
photos,d568d821d748cd07,https://dodo.ac/np/images/5/50/Cleo%27s_Poster_NH_Icon.png
photos,d6129c43f6213d2e,https://dodo.ac/np/images/b/bc/Derwin%27s_Photo_%28Natural_Wood%29_NH_Icon.png
photos,d61d5133d3866dd0,https://dodo.ac/np/images/b/bf/Victoria%27s_Poster_NH_Icon.png
photos,d671d2566a4a826c,https://dodo.ac/np/images/c/cb/Flip%27s_Photo_%28Natural_Wood%29_NH_Icon.png
photos,d68ac634f9a81243,https://dodo.ac/np/images/4/4f/Friga%27s_Poster_NH_Icon.png
photos,d6dbf435b4528672,https://dodo.ac/np/images/f/f0/Buzz%27s_Poster_NH_Icon.png
photos,d6e4f70df5406452,https://dodo.ac/np/images/7/71/Egbert%27s_Photo_%28Natural_Wood%29_NH_Icon.png
photos,d707703df3ab69f5,https://dodo.ac/np/images/1/1a/Rilla%27s_Poster_NH_Icon.png
photos,d720d7339ba04b22,https://dodo.ac/np/images/c/c2/Jay%27s_Photo_%28Natural_Wood%29_NH_Icon.png
photos,d754727becb1a2b4,https://dodo.ac/np/images/2/2a/C.J.%27s_Poster_NH_Icon.png
photos,d7a7dfcae29d3eb4,https://dodo.ac/np/images/7/76/Pancetti%27s_Photo_%28Natural_Wood%29_NH_Icon.png
photos,d7f562fc96d7ee2d,https://dodo.ac/np/images/e/eb/Jambette%27s_Photo_%28Natural_Wood%29_NH_Icon.png
photos,d825b0312188f1f1,https://dodo.ac/np/images/c/cc/Shari%27s_Photo_%28Natural_Wood%29_NH_Icon.png
photos,d8afe61d29b79280,https://dodo.ac/np/images/2/25/Pashmina%27s_Photo_%28Natural_Wood%29_NH_Icon.png
photos,d8dd7a80f773db0c,https://dodo.ac/np/images/b/b9/Marcie%27s_Photo_%28Natural_Wood%29_NH_Icon.png
photos,d9290be6eece495f,https://dodo.ac/np/images/0/0c/Goose%27s_Photo_%28Natural_Wood%29_NH_Icon.png
photos,d960ec2673bd829b,https://dodo.ac/np/images/2/21/Vesta%27s_Photo_%28Natural_Wood%29_NH_Icon.png
photos,d981e37f60b8e77b,https://dodo.ac/np/images/5/5d/Celeste%27s_Photo_%28Natural_Wood%29_NH_Icon.png
photos,d9c13d0a25060e01,https://dodo.ac/np/images/7/78/Alli%27s_Photo_%28Natural_Wood%29_NH_Icon.png
photos,da36c91c25386b98,https://dodo.ac/np/images/d/d9/Joey%27s_Photo_%28Natural_Wood%29_NH_Icon.png
photos,da773029ae9fd647,https://dodo.ac/np/images/f/fa/Pete%27s_Poster_NH_Icon.png
photos,db1bf15eaac88941,https://dodo.ac/np/images/2/2a/Lionel%27s_Photo_%28Natural_Wood%29_NH_Icon.png
photos,db66a36504219695,https://dodo.ac/np/images/8/81/Flick%27s_Photo_%28Natural_Wood%29_NH_Icon.png
photos,db94b1e07f20577c,https://dodo.ac/np/images/2/21/Patty%27s_Photo_%28Natural_Wood%29_NH_Icon.png
photos,dbc2a49863bcfcb4,https://dodo.ac/np/images/8/85/Blanca%27s_Poster_NH_Icon.png
photos,dc1e10092f57c703,https://dodo.ac/np/images/a/aa/Hornsby%27s_Photo_%28Natural_Wood%29_NH_Icon.png
photos,dc201e2cff3df2f4,https://dodo.ac/np/images/c/c7/Jambette%27s_Poster_NH_Icon.png
photos,dcad6a7e463e8cb5,https://dodo.ac/np/images/e/e4/Claudia%27s_Photo_%28Natural_Wood%29_NH_Icon.png
photos,dce62d564dc78637,https://dodo.ac/np/images/4/48/Walker%27s_Photo_%28Natural_Wood%29_NH_Icon.png
photos,de0286012f8c15be,https://dodo.ac/np/images/6/6f/Cheri%27s_Photo_%28Natural_Wood%29_NH_Icon.png
photos,de08a5baf60014d2,https://dodo.ac/np/images/7/76/Sally%27s_Poster_NH_Icon.png
photos,de576145bf452fb6,https://dodo.ac/np/images/e/e1/Flora%27s_Poster_NH_Icon.png
photos,de842d0eb7152903,https://dodo.ac/np/images/5/5c/Chai%27s_Photo_%28Natural_Wood%29_NH_Icon.png
photos,dea2852bb93d0ff2,https://dodo.ac/np/images/1/10/Snooty%27s_Poster_NH_Icon.png
photos,dec7252781f3f974,https://dodo.ac/np/images/c/c9/Pierce%27s_Photo_%28Natural_Wood%29_NH_Icon.png
photos,deedf5376c956d99,https://dodo.ac/np/images/6/64/Rasher%27s_Poster_NH_Icon.png
photos,df3c75d2fcf9e2fc,https://dodo.ac/np/images/c/cd/Pippy%27s_Photo_%28Natural_Wood%29_NH_Icon.png
photos,df41565b91cd13ee,https://dodo.ac/np/images/b/b9/Barold%27s_Photo_%28Natural_Wood%29_NH_Icon.png
photos,dfdf79ef51f70ae9,https://dodo.ac/np/images/7/74/Pelly%27s_Photo_%28Natural_Wood%29_NH_Icon.png
photos,e0006b4cd55d9613,https://dodo.ac/np/images/e/e1/Chelsea%27s_Photo_%28Natural_Wood%29_NH_Icon.png
photos,e03b064ac6e70f02,https://dodo.ac/np/images/5/55/Hippeux%27s_Poster_NH_Icon.png
photos,e05f9f4b89464e78,https://dodo.ac/np/images/d/da/Tucker%27s_Photo_%28Natural_Wood%29_NH_Icon.png
photos,e0682c610655b99e,https://dodo.ac/np/images/a/ab/Murphy%27s_Photo_%28Natural_Wood%29_NH_Icon.png
photos,e082166d58c3a192,https://dodo.ac/np/images/3/39/Zell%27s_Poster_NH_Icon.png
photos,e08ab77f7a2c6459,https://dodo.ac/np/images/5/5c/Sherb%27s_Poster_NH_Icon.png
photos,e08b0935e6e0c8aa,https://dodo.ac/np/images/d/d2/Candi%27s_Photo_%28Natural_Wood%29_NH_Icon.png
photos,e0a8db62c4972d8e,https://dodo.ac/np/images/9/94/Pierce%27s_Poster_NH_Icon.png
photos,e0f9b94212efdea0,https://dodo.ac/np/images/4/4f/Booker%27s_Photo_%28Natural_Wood%29_NH_Icon.png
photos,e13bf7e4eee093a1,https://dodo.ac/np/images/3/3a/Rosie%27s_Photo_%28Natural_Wood%29_NH_Icon.png
photos,e1458878ee425dea,https://dodo.ac/np/images/6/68/Moose%27s_Poster_NH_Icon.png
photos,e1f0c65c45c887e7,https://dodo.ac/np/images/0/00/Katie%27s_Poster_NH_Icon.png
photos,e1fc7d6b8afc2c5e,https://dodo.ac/np/images/4/4f/Bruce%27s_Poster_NH_Icon.png
photos,e24122b4e8de012d,https://dodo.ac/np/images/4/49/Alfonso%27s_Photo_%28Natural_Wood%29_NH_Icon.png
photos,e278fb88f5f4dea2,https://dodo.ac/np/images/a/a3/Carmen%27s_Poster_NH_Icon.png
photos,e2831b1640ca5bf7,https://dodo.ac/np/images/5/55/Gabi%27s_Poster_NH_Icon.png
photos,e2875e8da955b6d4,https://dodo.ac/np/images/4/4a/Hans%27s_Poster_NH_Icon.png
photos,e2bb76bb30126df3,https://dodo.ac/np/images/1/1c/Marcie%27s_Poster_NH_Icon.png
photos,e3182e7b6f39158b,https://dodo.ac/np/images/8/88/Lyle%27s_Photo_%28Natural_Wood%29_NH_Icon.png
photos,e3617c9902dfafcf,https://dodo.ac/np/images/5/5c/Hans%27s_Photo_%28Natural_Wood%29_NH_Icon.png
photos,e3ebbbc476b3bf28,https://dodo.ac/np/images/7/78/Wolfgang%27s_Photo_%28Natural_Wood%29_NH_Icon.png
photos,e3ec2ed03d222cf3,https://dodo.ac/np/images/1/16/Cyrano%27s_Poster_NH_Icon.png
photos,e4033660de7bdd2c,https://dodo.ac/np/images/f/fc/Joan%27s_Poster_NH_Icon.png
photos,e491cd771797464f,https://dodo.ac/np/images/b/b1/Ruby%27s_Photo_%28Natural_Wood%29_NH_Icon.png
photos,e49e6e821927e689,https://dodo.ac/np/images/1/1c/Stitches%27s_Photo_%28Natural_Wood%29_NH_Icon.png
photos,e4a14e42593c009f,https://dodo.ac/np/images/0/05/Midge%27s_Photo_%28Natural_Wood%29_NH_Icon.png
photos,e4cb7befee512c26,https://dodo.ac/np/images/5/5a/Deli%27s_Photo_%28Natural_Wood%29_NH_Icon.png
photos,e533fac204f47270,https://dodo.ac/np/images/0/03/Boyd%27s_Poster_NH_Icon.png
photos,e53d0f2896983b37,https://dodo.ac/np/images/a/ae/Gala%27s_Poster_NH_Icon.png
photos,e56abece5a4ca847,https://dodo.ac/np/images/a/ac/Kody%27s_Photo_%28Natural_Wood%29_NH_Icon.png
photos,e5b68c880b3d32a0,https://dodo.ac/np/images/4/43/Pascal%27s_Photo_%28Natural_Wood%29_NH_Icon.png
photos,e5f62e863b92a557,https://dodo.ac/np/images/6/6a/Blanche%27s_Poster_NH_Icon.png
photos,e60b70f32af9e557,https://dodo.ac/np/images/f/ff/Rooney%27s_Photo_%28Natural_Wood%29_NH_Icon.png
photos,e659d13ba431536b,https://dodo.ac/np/images/3/35/Cookie%27s_Poster_NH_Icon.png
photos,e66c76aaab7c68db,https://dodo.ac/np/images/6/6b/Marshal%27s_Photo_%28Natural_Wood%29_NH_Icon.png
photos,e6985b5e94e253b3,https://dodo.ac/np/images/d/d9/Chadder%27s_Photo_%28Natural_Wood%29_NH_Icon.png
photos,e7352b34283e16c3,https://dodo.ac/np/images/8/83/Apple%27s_Poster_NH_Icon.png
photos,e747e5a7bd328101,https://dodo.ac/np/images/3/38/Apollo%27s_Poster_NH_Icon.png
photos,e78fdfbee7fd2523,https://dodo.ac/np/images/6/61/Don%27s_Poster_NH_Icon.png
photos,e7cc0e5c7c384f35,https://dodo.ac/np/images/6/67/Julia%27s_Photo_%28Natural_Wood%29_NH_Icon.png
photos,e81b466d150ffd27,https://dodo.ac/np/images/d/d0/Puck%27s_Poster_NH_Icon.png
photos,e849aff674b85360,https://dodo.ac/np/images/7/79/Curlos%27s_Photo_%28Natural_Wood%29_NH_Icon.png
photos,e8b59957d88fd94f,https://dodo.ac/np/images/6/6c/Tasha%27s_Photo_%28Natural_Wood%29_NH_Icon.png
photos,e8e0f8579e7529e5,https://dodo.ac/np/images/3/39/Yuka%27s_Poster_NH_Icon.png
photos,ea7b0ed389974858,https://dodo.ac/np/images/4/42/Drago%27s_Poster_NH_Icon.png
photos,eab71d0b11d173dd,https://dodo.ac/np/images/e/e7/Buck%27s_Photo_%28Natural_Wood%29_NH_Icon.png
photos,eaee3462c718f7a3,https://dodo.ac/np/images/e/e9/Norma%27s_Photo_%28Natural_Wood%29_NH_Icon.png
photos,eaee605e12dbbc30,https://dodo.ac/np/images/e/e7/Marina%27s_Photo_%28Natural_Wood%29_NH_Icon.png
photos,eaf887f126d35e81,https://dodo.ac/np/images/0/0a/Cece%27s_Poster_NH_Icon.png
photos,eb641324ab988985,https://dodo.ac/np/images/5/5e/Annalisa%27s_Poster_NH_Icon.png
photos,eb751d9ade2ca924,https://dodo.ac/np/images/e/e3/Huck%27s_Photo_%28Natural_Wood%29_NH_Icon.png
photos,ebe991f467b6c46e,https://dodo.ac/np/images/5/5d/Freckles%27s_Photo_%28Natural_Wood%29_NH_Icon.png
photos,ebfd83219f340a83,https://dodo.ac/np/images/b/b5/Wilbur%27s_Photo_%28Natural_Wood%29_NH_Icon.png
photos,ede134b9c857c264,https://dodo.ac/np/images/2/23/Leila%27s_Photo_%28Natural_Wood%29_NH_Icon.png
photos,eea9393bf6f7c0aa,https://dodo.ac/np/images/e/e3/Roscoe%27s_Photo_%28Natural_Wood%29_NH_Icon.png
photos,eec4b88eb5e12e05,https://dodo.ac/np/images/0/00/Fauna%27s_Poster_NH_Icon.png
photos,eec5d9f49ce81a8c,https://dodo.ac/np/images/8/8b/Rio%27s_Poster_NH_Icon.png
photos,eecd52560467a249,https://dodo.ac/np/images/9/95/Cousteau%27s_Poster_NH_Icon.png
photos,eeec1a598879deb2,https://dodo.ac/np/images/5/50/Caroline%27s_Photo_%28Natural_Wood%29_NH_Icon.png
photos,eef2fe700d2424e4,https://dodo.ac/np/images/e/e4/Olive%27s_Photo_%28Natural_Wood%29_NH_Icon.png
photos,ef09d1905f027484,https://dodo.ac/np/images/3/35/Rocco%27s_Photo_%28Natural_Wood%29_NH_Icon.png
photos,efa55f01cd6afc71,https://dodo.ac/np/images/e/ef/Tom_Nook%27s_Photo_%28Natural_Wood%29_NH_Icon.png
photos,efa5d75ae5633804,https://dodo.ac/np/images/7/7a/Harry%27s_Photo_%28Natural_Wood%29_NH_Icon.png
photos,efa837f81c4423ff,https://dodo.ac/np/images/5/5d/Rasher%27s_Photo_%28Natural_Wood%29_NH_Icon.png
photos,efdd598a09e326c5,https://dodo.ac/np/images/d/d0/Lyle%27s_Poster_NH_Icon.png
photos,f073cd400a08c38c,https://dodo.ac/np/images/8/80/Anabelle%27s_Photo_%28Natural_Wood%29_NH_Icon.png
photos,f08d43d08e71d846,https://dodo.ac/np/images/5/59/Katt%27s_Photo_%28Natural_Wood%29_NH_Icon.png
photos,f0b6462f0cf9b86b,https://dodo.ac/np/images/b/be/Bitty%27s_Photo_%28Natural_Wood%29_NH_Icon.png
photos,f0d886cb1ff9e7d0,https://dodo.ac/np/images/b/b0/Benjamin%27s_Poster_NH_Icon.png
photos,f0f5956d62ac9e80,https://dodo.ac/np/images/c/c1/Walker%27s_Poster_NH_Icon.png
photos,f1127b22929822c2,https://dodo.ac/np/images/2/2c/Rod%27s_Poster_NH_Icon.png
photos,f152f0c611f2a9b1,https://dodo.ac/np/images/b/be/Pompompurin_Poster_NH_Icon.png
photos,f154857f63a0fa0c,https://dodo.ac/np/images/f/f6/Pate%27s_Photo_%28Natural_Wood%29_NH_Icon.png
photos,f165281974114343,https://dodo.ac/np/images/3/38/Joan%27s_Photo_%28Natural_Wood%29_NH_Icon.png
photos,f17430539e4eae76,https://dodo.ac/np/images/a/a4/Bonbon%27s_Poster_NH_Icon.png
photos,f19d63e37f3db4ae,https://dodo.ac/np/images/e/e4/Frank%27s_Photo_%28Natural_Wood%29_NH_Icon.png
photos,f1d79a103151d3e3,https://dodo.ac/np/images/5/50/Ursala%27s_Poster_NH_Icon.png
photos,f1dad6fabde69cfd,https://dodo.ac/np/images/4/4e/Dora%27s_Poster_NH_Icon.png
photos,f1e423cabea827f8,https://dodo.ac/np/images/8/8e/Moe%27s_Poster_NH_Icon.png
photos,f1e6385a691cbd1c,https://dodo.ac/np/images/6/6e/Tucker%27s_Poster_NH_Icon.png
photos,f206fd54044cfdf4,https://dodo.ac/np/images/f/f2/Brewster%27s_Photo_%28Natural_Wood%29_NH_Icon.png
photos,f213d86dfa95d645,https://dodo.ac/np/images/d/db/Hazel%27s_Photo_%28Natural_Wood%29_NH_Icon.png
photos,f2159ae742acce80,https://dodo.ac/np/images/4/4d/Rocket%27s_Poster_NH_Icon.png
photos,f232d01afb1018c6,https://dodo.ac/np/images/d/da/Bam%27s_Poster_NH_Icon.png
photos,f234156d79ff38cc,https://dodo.ac/np/images/4/4c/Octavian%27s_Photo_%28Natural_Wood%29_NH_Icon.png
photos,f23717a9b433cb2c,https://dodo.ac/np/images/e/e0/Broffina%27s_Poster_NH_Icon.png
photos,f28c1740befa08cb,https://dodo.ac/np/images/4/40/Billy%27s_Photo_%28Natural_Wood%29_NH_Icon.png
photos,f2c669653dc0e0a7,https://dodo.ac/np/images/7/7b/Anchovy%27s_Photo_%28Natural_Wood%29_NH_Icon.png
photos,f2f3cfe2bc835ca3,https://dodo.ac/np/images/7/78/Plucky%27s_Poster_NH_Icon.png
photos,f3233f358aff004f,https://dodo.ac/np/images/5/53/Lionel%27s_Poster_NH_Icon.png
photos,f337fb3edb12412a,https://dodo.ac/np/images/1/1d/Tiansheng%27s_Photo_%28Natural_Wood%29_NH_Icon.png
photos,f39e06f265318845,https://dodo.ac/np/images/6/63/Timbra%27s_Poster_NH_Icon.png
photos,f48dd6d7a62d6781,https://dodo.ac/np/images/f/f1/Iggly%27s_Poster_NH_Icon.png
photos,f4b52b5c6370e9c6,https://dodo.ac/np/images/4/45/Walt%27s_Poster_NH_Icon.png
photos,f4e3124e88940bc1,https://dodo.ac/np/images/3/35/Zucker%27s_Poster_NH_Icon.png
photos,f52d457357fca5db,https://dodo.ac/np/images/9/9a/Marlo%27s_Poster_NH_Icon.png
photos,f56d030b4ff82dfb,https://dodo.ac/np/images/b/b0/Clyde%27s_Poster_NH_Icon.png
photos,f580c880861df341,https://dodo.ac/np/images/3/3e/Truffles%27s_Photo_%28Natural_Wood%29_NH_Icon.png
photos,f5b294757757f024,https://dodo.ac/np/images/9/94/Drift%27s_Poster_NH_Icon.png
photos,f614c13938b8e5fe,https://dodo.ac/np/images/a/ab/Biskit%27s_Poster_NH_Icon.png
photos,f62efba11fbb7801,https://dodo.ac/np/images/e/e7/Sasha%27s_Photo_%28Natural_Wood%29_NH_Icon.png
photos,f703c055465bb34a,https://dodo.ac/np/images/8/87/Tipper%27s_Poster_NH_Icon.png
photos,f785ed57d4e62ebb,https://dodo.ac/np/images/1/16/Leif%27s_Poster_NH_Icon.png
photos,f802f87a71a4dbba,https://dodo.ac/np/images/5/51/Sprinkle%27s_Poster_NH_Icon.png
photos,f958669cbb2bf4cd,https://dodo.ac/np/images/a/ae/Wisp%27s_Photo_%28Natural_Wood%29_NH_Icon.png
photos,f960fbc6dc4327dc,https://dodo.ac/np/images/2/21/Nate%27s_Poster_NH_Icon.png
photos,f9a38e425dab2868,https://dodo.ac/np/images/4/4e/Mitzi%27s_Photo_%28Natural_Wood%29_NH_Icon.png
photos,f9fcc338f75fd57e,https://dodo.ac/np/images/d/db/Hugh%27s_Photo_%28Natural_Wood%29_NH_Icon.png
photos,fa23a9eda4b0befb,https://dodo.ac/np/images/8/8e/Kody%27s_Poster_NH_Icon.png
photos,fa457ea341f7e0e6,https://dodo.ac/np/images/e/e5/Paula%27s_Photo_%28Natural_Wood%29_NH_Icon.png
photos,fa683e625d30244e,https://dodo.ac/np/images/c/c9/Stitches%27s_Poster_NH_Icon.png
photos,fa9e2e464eadd071,https://dodo.ac/np/images/c/c9/Amelia%27s_Photo_%28Natural_Wood%29_NH_Icon.png
photos,fab8f8d842e5f6fb,https://dodo.ac/np/images/e/ef/Bianca%27s_Photo_%28Natural_Wood%29_NH_Icon.png
photos,fac89d225cdb9b80,https://dodo.ac/np/images/1/10/Chevre%27s_Photo_%28Natural_Wood%29_NH_Icon.png
photos,fb1bdabeaa5027e5,https://dodo.ac/np/images/9/99/Paolo%27s_Photo_%28Natural_Wood%29_NH_Icon.png
photos,fb3daaa8e36556a1,https://dodo.ac/np/images/a/a3/Kitt%27s_Photo_%28Natural_Wood%29_NH_Icon.png
photos,fb422f16d6f45bee,https://dodo.ac/np/images/9/97/Big_Top%27s_Photo_%28Natural_Wood%29_NH_Icon.png
photos,fbab27017fcadf27,https://dodo.ac/np/images/6/61/Bea%27s_Photo_%28Natural_Wood%29_NH_Icon.png
photos,fc5dff04c3a0c2fd,https://dodo.ac/np/images/7/72/Marshal%27s_Poster_NH_Icon.png
photos,fcc8fccfca1a81f1,https://dodo.ac/np/images/3/38/Ricky%27s_Photo_%28Natural_Wood%29_NH_Icon.png
photos,fcde05d8ad3db449,https://dodo.ac/np/images/a/a6/Lucy%27s_Poster_NH_Icon.png
photos,fd18dd04c5fb503e,https://dodo.ac/np/images/e/ee/Julian%27s_Photo_%28Natural_Wood%29_NH_Icon.png
photos,fd30c86f11935082,https://dodo.ac/np/images/a/a1/Blaire%27s_Photo_%28Natural_Wood%29_NH_Icon.png
photos,fd5b0e068f754a53,https://dodo.ac/np/images/5/55/Reese%27s_Poster_NH_Icon.png
photos,fd8360874107b01d,https://dodo.ac/np/images/7/78/Sly%27s_Poster_NH_Icon.png
photos,fdaad3a1e8b3dd20,https://dodo.ac/np/images/e/ed/Label%27s_Photo_%28Natural_Wood%29_NH_Icon.png
photos,fe24497596e8c24d,https://dodo.ac/np/images/1/1c/Hamlet%27s_Poster_NH_Icon.png
photos,fed7715c5771d5aa,https://dodo.ac/np/images/b/ba/Groucho%27s_Photo_%28Natural_Wood%29_NH_Icon.png
photos,ff439c54a47fecfc,https://dodo.ac/np/images/0/04/Portia%27s_Poster_NH_Icon.png
photos,ff5752d16dffbb14,https://dodo.ac/np/images/f/fb/Ankha%27s_Photo_%28Natural_Wood%29_NH_Icon.png
reactions,0205e411f437cde1,https://acnhcdn.com/latest/ManpuIcon/Sneezing.png
reactions,044e600c8b3aa35c,https://acnhcdn.com/latest/ManpuIcon/AddDance.png
reactions,0761a6263fa2c882,https://acnhcdn.com/latest/ManpuIcon/IdeaBulb.png
reactions,0822f0976a81ca1f,https://acnhcdn.com/latest/ManpuIcon/Blushing.png
reactions,0e84a54d058c606d,https://acnhcdn.com/latest/ManpuIcon/HappyDance.png
reactions,176380f5e7c5fd16,https://acnhcdn.com/latest/ManpuIcon/AddKKFesLower.png
reactions,17f42052352d0be9,https://acnhcdn.com/latest/ManpuIcon/RequestOkay.png
reactions,18ab0201f6d2a39e,https://acnhcdn.com/latest/ManpuIcon/Surprised.png
reactions,1a6e6f6022f2bfc3,https://acnhcdn.com/latest/ManpuIcon/Thinking.png
reactions,1aa64dbe6f22c4b7,https://acnhcdn.com/latest/ManpuIcon/Oops.png
reactions,1b772daf8f0a4b74,https://acnhcdn.com/latest/ManpuIcon/Laughing.png
reactions,1bfbd34099390277,https://acnhcdn.com/latest/ManpuIcon/HappyFlower.png
reactions,1dce982c1cad955c,https://acnhcdn.com/latest/ManpuIcon/Crying.png
reactions,20e3db3854f432e0,https://acnhcdn.com/latest/ManpuIcon/AddGymnastics.png
reactions,22b5c61cbbd97265,https://acnhcdn.com/latest/ManpuIcon/AddRadioGymnastics05.png
reactions,23dcd7e3bea25a8a,https://acnhcdn.com/latest/ManpuIcon/Frantic.png
reactions,2496af29e6270944,https://acnhcdn.com/latest/ManpuIcon/Outraged.png
reactions,24ce1c2ae7f03d72,https://acnhcdn.com/latest/ManpuIcon/AddKKFesPosing00.png
reactions,24e58ff1c538e91e,https://acnhcdn.com/latest/ManpuIcon/Apologize.png
reactions,24f80d1ea3aba45d,https://acnhcdn.com/latest/ManpuIcon/AddHereYouGo.png
reactions,2985c8c48cbf907f,https://acnhcdn.com/latest/ManpuIcon/AddEntice.png
reactions,2d129d28ad6592aa,https://acnhcdn.com/latest/ManpuIcon/Silent.png
reactions,329beecc9d534b80,https://acnhcdn.com/latest/ManpuIcon/AddKKFesPosing05.png
reactions,3a83170a4774a858,https://acnhcdn.com/latest/ManpuIcon/AddRadioGymnastics04.png
reactions,3b56da56f1837139,https://acnhcdn.com/latest/ManpuIcon/AddConfetti.png
reactions,3ceb92193112e31b,https://acnhcdn.com/latest/ManpuIcon/BrokenHeart.png
reactions,424be9e7c7870d7b,https://acnhcdn.com/latest/ManpuIcon/Shocked.png
reactions,426cf268026be587,https://acnhcdn.com/latest/ManpuIcon/AddKKFesUpper.png
reactions,44147f58d129bd5f,https://acnhcdn.com/latest/ManpuIcon/Sleepy.png
reactions,4c5cf93a723de6dc,https://acnhcdn.com/latest/ManpuIcon/AddViva.png
reactions,4f37e067f5d9863a,https://acnhcdn.com/latest/ManpuIcon/Sleep.png
reactions,508aeb1e57e60c18,https://acnhcdn.com/latest/ManpuIcon/SmugFace.png
reactions,57a04e5875353c38,https://acnhcdn.com/latest/ManpuIcon/AddKKFesPosing01.png
reactions,580263f381c13b69,https://acnhcdn.com/latest/ManpuIcon/AddPraise.png
reactions,5a2ff53d95664628,https://acnhcdn.com/latest/ManpuIcon/AddKKFesRight.png
reactions,5f4028ebe644ee23,https://acnhcdn.com/latest/ManpuIcon/Love.png
reactions,64f06d7498e71e54,https://acnhcdn.com/latest/ManpuIcon/AddPoseNaturel.png
reactions,6585adabb079f32b,https://acnhcdn.com/latest/ManpuIcon/AddRhythm.png
reactions,65b2e750e605e238,https://acnhcdn.com/latest/ManpuIcon/Shaking.png
reactions,67555a5f444a09eb,https://acnhcdn.com/latest/ManpuIcon/AddHula.png
reactions,6d839e5d7a2fe5e7,https://acnhcdn.com/latest/ManpuIcon/Pardon.png
reactions,70c6466966ad1030,https://acnhcdn.com/latest/ManpuIcon/SadSpiral.png
reactions,715b91cb16116a47,https://acnhcdn.com/latest/ManpuIcon/Dance.png
reactions,721c0cd1bfd14b59,https://acnhcdn.com/latest/ManpuIcon/AddWaveHands.png
reactions,7324f1b506d8afeb,https://acnhcdn.com/latest/ManpuIcon/AddMusclePose.png
reactions,75e82f62cafde95d,https://acnhcdn.com/latest/ManpuIcon/AddPrank.png
reactions,75f7acfa6e67b837,https://acnhcdn.com/latest/ManpuIcon/AddSmell.png
reactions,77d17ce74c73a1c5,https://acnhcdn.com/latest/ManpuIcon/Grin.png
reactions,7dc3ad80cdb9f33d,https://acnhcdn.com/latest/ManpuIcon/Smiling.png
reactions,7dc6c6738c1e1acc,https://acnhcdn.com/latest/ManpuIcon/AddPoseCool.png
reactions,7e18b2586e87194d,https://acnhcdn.com/latest/ManpuIcon/Aha.png
reactions,81ba05a602594ada,https://acnhcdn.com/latest/ManpuIcon/Greeting.png
reactions,822f49f5cad2b413,https://acnhcdn.com/latest/ManpuIcon/AddRadioGymnastics06.png
reactions,8cbfc8d20628f484,https://acnhcdn.com/latest/ManpuIcon/Negative.png
reactions,92d0ce932e3b8ed2,https://acnhcdn.com/latest/ManpuIcon/Scheming.png
reactions,9d60d16e92cdf7f5,https://acnhcdn.com/latest/ManpuIcon/AddRequestLook.png
reactions,a011eb3b1cb297a7,https://acnhcdn.com/latest/ManpuIcon/AddKKFesPosing03.png
reactions,a093d52fb9efa7d7,https://acnhcdn.com/latest/ManpuIcon/Shaki.png
reactions,a16281428b3635ed,https://acnhcdn.com/latest/ManpuIcon/AddSitDown.png
reactions,a2b536df8dd304b3,https://acnhcdn.com/latest/ManpuIcon/AddGreetingBothHands.png
reactions,a593513799bc86ff,https://acnhcdn.com/latest/ManpuIcon/Worried.png
reactions,a5cec7e6189c38e2,https://acnhcdn.com/latest/ManpuIcon/OhGeez.png
reactions,abc455df9e45bea1,https://acnhcdn.com/latest/ManpuIcon/AddRadioGymnastics07.png
reactions,ac455671151aca48,https://acnhcdn.com/latest/ManpuIcon/Cheering.png
reactions,ae3182a08ecb3420,https://acnhcdn.com/latest/ManpuIcon/Clapping.png
reactions,b9c9dcfb4826ae4a,https://acnhcdn.com/latest/ManpuIcon/ColdChill.png
reactions,be6a0cee39e8fcb2,https://acnhcdn.com/latest/ManpuIcon/AddExcited.png
reactions,c4e90f3b357d0d36,https://acnhcdn.com/latest/ManpuIcon/Hello.png
reactions,c7550a65eaf26ac8,https://acnhcdn.com/latest/ManpuIcon/AddTakePictures.png
reactions,c92e5f115dd23be9,https://acnhcdn.com/latest/ManpuIcon/AddKKFesPosing02.png
reactions,cccbdc00b47a7f1a,https://acnhcdn.com/latest/ManpuIcon/RequestWillingness.png
reactions,cfc65315d5b54c08,https://acnhcdn.com/latest/ManpuIcon/Nodding.png
reactions,d05ab3d778e5f748,https://acnhcdn.com/latest/ManpuIcon/AddListen.png
reactions,d2719ca177ea3d6f,https://acnhcdn.com/latest/ManpuIcon/AddKKFesPosing06.png
reactions,d4af0d065497ff09,https://acnhcdn.com/latest/ManpuIcon/AddStretch.png
reactions,db47969a45036d8a,https://acnhcdn.com/latest/ManpuIcon/QuestionMark.png
reactions,dc1f524575cbc057,https://acnhcdn.com/latest/ManpuIcon/AbsentMindedness.png
reactions,e29106573de6d33a,https://acnhcdn.com/latest/ManpuIcon/AddScaring.png
reactions,e719c1cf4a5230aa,https://acnhcdn.com/latest/ManpuIcon/AddRadioGymnastics02.png
reactions,e75883ed954ead75,https://acnhcdn.com/latest/ManpuIcon/AddKKFesPosing04.png
reactions,e7a43a8d7af202f8,https://acnhcdn.com/latest/ManpuIcon/AddRadioGymnastics01.png
reactions,eed3053ad1ad0ea4,https://acnhcdn.com/latest/ManpuIcon/Sighing.png
reactions,f28a26d436e32014,https://acnhcdn.com/latest/ManpuIcon/AddKKFesLeft.png
reactions,f76f811c426d085f,https://acnhcdn.com/latest/ManpuIcon/AddRadioGymnastics03.png
reactions,f81e3d948fc19014,https://acnhcdn.com/latest/ManpuIcon/AddYoga.png
reactions,f9949fa286c28147,https://acnhcdn.com/latest/ManpuIcon/Hesitate.png
reactions,fa2a4e014d9a8c4a,https://acnhcdn.com/latest/ManpuIcon/Assent.png
reactions,ff8e1702c1fe4435,https://acnhcdn.com/latest/ManpuIcon/WrySmile.png
recipes,0016467b3d467f78,https://dodo.ac/np/images/f/f9/Ironwood_Cart_NH_DIY_Icon.png
recipes,005ed9c10bd91e14,https://dodo.ac/np/images/4/4c/Purple_Pansy_Crown_NH_DIY_Icon.png
recipes,010eaa7135469134,https://dodo.ac/np/images/4/44/Orange_Wall-Mounted_Clock_NH_DIY_Icon.png
recipes,01186763251adba7,https://dodo.ac/np/images/b/ba/Low_Simple_Island_Counter_NH_DIY_Icon.png
recipes,011dd370fc3a1705,https://dodo.ac/np/images/5/56/Bamboo_Drum_NH_DIY_Icon.png
recipes,016eea2e2e0836c1,https://dodo.ac/np/images/4/4a/Pond_Stone_NH_DIY_Icon.png
recipes,01d4fe299899e3b2,https://dodo.ac/np/images/6/66/Pear_Hat_NH_DIY_Icon.png
recipes,02885a410ddf067a,https://dodo.ac/np/images/a/a2/Unglazed_Dish_Set_NH_DIY_Icon.png
recipes,02ae21bd35840911,https://dodo.ac/np/images/1/14/Water-Egg_Shell_NH_DIY_Icon.png
recipes,02ed42d5d95b01a5,https://dodo.ac/np/images/6/6f/Rope-Net_Flooring_NH_DIY_Icon.png
recipes,03166488de5f7983,https://dodo.ac/np/images/4/4a/Earth-Egg_Shoes_NH_DIY_Icon.png
recipes,03716bb01813f79c,https://dodo.ac/np/images/b/b8/Raccoon_Figurine_NH_DIY_Icon.png
recipes,0375354a5af328a3,https://dodo.ac/np/images/8/85/Garden_Bench_NH_DIY_Icon.png
recipes,03c7e066485ba768,https://dodo.ac/np/images/7/7b/Veggie_Cupcakes_NH_DIY_Icon.png
recipes,0425443cea824be2,https://dodo.ac/np/images/c/c3/Fish-and-Chips_NH_DIY_Icon.png
recipes,044deb99a97ccbf9,https://dodo.ac/np/images/0/0f/Carp_on_a_Cutting_Board_NH_DIY_Icon.png
recipes,045ad42e4285d13b,https://dodo.ac/np/images/4/4d/Dark_Lily_Wreath_NH_DIY_Icon.png
recipes,048d6a0c84ae6b80,https://dodo.ac/np/images/7/77/Country_Fence_NH_DIY_Icon.png
recipes,0491611e737f052f,https://dodo.ac/np/images/4/47/Giant_Vine_NH_DIY_Icon.png
recipes,04f901a40f305565,https://dodo.ac/np/images/f/f5/Green-Leaf_Pile_NH_DIY_Icon.png
recipes,05196eb1d6eb35b3,https://dodo.ac/np/images/2/2e/Skateboard_Wall_Rack_NH_DIY_Icon.png
recipes,0577163784ab39a8,https://dodo.ac/np/images/b/b4/Gold-Armor_Shoes_NH_DIY_Icon.png
recipes,06396017b7911cab,https://dodo.ac/np/images/c/c9/Star_Head_NH_DIY_Icon.png
recipes,064ee5a857eb633c,https://dodo.ac/np/images/6/60/Crest_Doorplate_NH_DIY_Icon.png
recipes,069f25f31e0828a8,https://dodo.ac/np/images/d/da/Bamboo_Sphere_NH_DIY_Icon.png
recipes,06da19ceddf3bdf4,https://dodo.ac/np/images/5/57/Frozen_Partition_NH_DIY_Icon.png
recipes,071507faf5fc1adf,https://dodo.ac/np/images/a/a3/Fruit_Salad_NH_DIY_Icon.png
recipes,0782e16778c2946a,https://dodo.ac/np/images/4/4a/Festive_Tree_NH_DIY_Icon.png
recipes,07db2aae12e64e6f,https://dodo.ac/np/images/7/73/Spooky_Table_Setting_NH_DIY_Icon.png
recipes,081b36f1535c1a44,https://dodo.ac/np/images/2/2a/Snowflake_Wreath_NH_DIY_Icon.png
recipes,086e12daa62b3a62,https://dodo.ac/np/images/1/11/Mermaid_Wall_Clock_NH_DIY_Icon.png
recipes,08837929067f3fdb,https://dodo.ac/np/images/a/a6/Cool_Hyacinth_Wreath_NH_DIY_Icon.png
recipes,08d4db36fe8c5c18,https://dodo.ac/np/images/5/56/Cherry-Blossom-Trees_Wall_NH_DIY_Icon.png
recipes,093a41755ccfb6ef,https://dodo.ac/np/images/7/7c/Flat_Garden_Rock_NH_DIY_Icon.png
recipes,0944697cbfc12e93,https://dodo.ac/np/images/a/ae/Gemini_Closet_NH_DIY_Icon.png
recipes,09720dbec9f5b3ff,https://dodo.ac/np/images/3/3b/Turnip_Salad_NH_DIY_Icon.png
recipes,0995d02428b66289,https://dodo.ac/np/images/9/9a/Iron_Wand_NH_DIY_Icon.png
recipes,0a5f7e765b30fb1b,https://dodo.ac/np/images/2/24/Golden_Gear_Apparatus_NH_DIY_Icon.png
recipes,0a9e026587ddce3d,https://dodo.ac/np/images/6/64/Wand_NH_DIY_Icon.png
recipes,0b285c54605f385e,https://dodo.ac/np/images/d/d1/Gold_Helmet_NH_DIY_Icon.png
recipes,0b788d2f680869a3,https://dodo.ac/np/images/c/cf/Log_Dining_Table_NH_DIY_Icon.png
recipes,0be3dd326f2a5518,https://dodo.ac/np/images/f/f5/Summer-Shell_Rug_NH_DIY_Icon.png
recipes,0c68ec2627209ab5,https://dodo.ac/np/images/7/73/Cherry-Blossom_Flooring_NH_DIY_Icon.png
recipes,0c74cb3129385c1d,https://dodo.ac/np/images/3/30/Spooky_Chair_NH_DIY_Icon.png
recipes,0cbf4bc134a4310c,https://dodo.ac/np/images/b/b8/Pumpkin_Scones_NH_DIY_Icon.png
recipes,0d0a76539016e1cb,https://dodo.ac/np/images/5/5f/Beekeeper%27s_Hive_NH_DIY_Icon.png
recipes,0dc0291dd1f5790c,https://dodo.ac/np/images/f/f0/Starry_Garland_NH_DIY_Icon.png
recipes,0dce965674c7ee16,https://dodo.ac/np/images/2/2b/Shell_Arch_NH_DIY_Icon.png
recipes,0e100e2b8fe80e8e,https://dodo.ac/np/images/1/10/Festive_Rug_NH_DIY_Icon.png
recipes,0e3e49bc267b937a,https://dodo.ac/np/images/e/ed/Bamboo_Partition_NH_DIY_Icon.png
recipes,0e62adbdc2cd4991,https://dodo.ac/np/images/4/45/Golden_Urn_NH_DIY_Icon.png
recipes,0eae168531be9e3f,https://dodo.ac/np/images/a/a1/Ice_Wand_NH_DIY_Icon.png
recipes,0ec02c260d85fdd2,https://dodo.ac/np/images/a/ae/Log_Stool_NH_DIY_Icon.png
recipes,0ef0ca7ad06047e7,https://dodo.ac/np/images/c/c2/Peach_Wall_NH_DIY_Icon.png
recipes,0f81e0acbbc23ce9,https://dodo.ac/np/images/1/1c/Anchoas_al_Ajillo_NH_DIY_Icon.png
recipes,0fe630c8cff72840,https://dodo.ac/np/images/6/60/Mossy_Garden_Rock_NH_DIY_Icon.png
recipes,101def283e5c007f,https://dodo.ac/np/images/1/1d/Orange_Pound_Cake_NH_DIY_Icon.png
recipes,103e3d19ef70ef48,https://dodo.ac/np/images/1/1b/Blue_Rose_Crown_NH_DIY_Icon.png
recipes,11ac5bed268120b3,https://dodo.ac/np/images/d/d9/Sky-Egg_Shoes_NH_DIY_Icon.png
recipes,11b31c3d74acd547,https://dodo.ac/np/images/e/e0/Bamboo_Stopblock_NH_DIY_Icon.png
recipes,11b693456af66f14,https://dodo.ac/np/images/d/d0/Silo_NH_DIY_Icon.png
recipes,121e0c6504455e86,https://dodo.ac/np/images/9/97/Tree-Branch_Wand_NH_DIY_Icon.png
recipes,123c4bd7353775df,https://dodo.ac/np/images/b/b6/Sakura-Wood_Wall_NH_DIY_Icon.png
recipes,1249a452644affc4,https://dodo.ac/np/images/0/0a/Stone_Fence_NH_DIY_Icon.png
recipes,125d9c1b9f52732f,https://dodo.ac/np/images/f/f5/Fancy_Rose_Wreath_NH_DIY_Icon.png
recipes,1280974f1723f95c,https://dodo.ac/np/images/8/85/Veggie_Crepe_NH_DIY_Icon.png
recipes,12d9517c033210d8,https://dodo.ac/np/images/f/f5/Leaf-Egg_Shell_NH_DIY_Icon.png
recipes,12e54e95dff05285,https://dodo.ac/np/images/a/a9/Wooden_Low_Table_NH_DIY_Icon.png
recipes,131d48e2755b9983,https://dodo.ac/np/images/a/ad/Frosted_Pretzels_NH_DIY_Icon.png
recipes,1322029271668df1,https://dodo.ac/np/images/d/d2/Bunny_Day_Wardrobe_NH_DIY_Icon.png
recipes,139bc8f7568f0523,https://dodo.ac/np/images/c/c9/Spaghetti_Napolitan_NH_DIY_Icon.png
recipes,13ad094cfd21c9b7,https://dodo.ac/np/images/c/c2/Cherry-Blossom_Pond_Stone_NH_DIY_Icon.png
recipes,13d979ca23c609b4,https://dodo.ac/np/images/9/92/Log_Chair_NH_DIY_Icon.png
recipes,13d988b5171628a5,https://dodo.ac/np/images/8/81/Spooky_Lantern_Set_NH_DIY_Icon.png
recipes,14a82c59d906552c,https://dodo.ac/np/images/b/bf/Jarred_Mushrooms_NH_DIY_Icon.png
recipes,14d1f6fc32d0a40c,https://dodo.ac/np/images/7/78/Wooden_Fish_NH_DIY_Icon.png
recipes,15183e7ccd24c6f1,https://dodo.ac/np/images/d/d6/Wooden_Bucket_NH_DIY_Icon.png
recipes,15447477f0b57678,https://dodo.ac/np/images/d/db/Sugar_NH_DIY_Icon.png
recipes,15aecfcb1a1d2328,https://dodo.ac/np/images/5/54/Pot_NH_DIY_Icon.png
recipes,161083317519657a,https://dodo.ac/np/images/d/d4/Block_Fence_NH_DIY_Icon.png
recipes,161d4a0c190febb1,https://dodo.ac/np/images/5/52/Orange_Dress_NH_DIY_Icon.png
recipes,167d4d327e05f819,https://dodo.ac/np/images/9/9e/Cherry-Blossom_Bonsai_NH_DIY_Icon.png
recipes,16d8029f36df972c,https://dodo.ac/np/images/e/eb/Ski-Slope_Flooring_NH_DIY_Icon.png
recipes,175792f3c601ac43,https://dodo.ac/np/images/6/61/Cool_Pansy_Wreath_NH_DIY_Icon.png
recipes,1762e79ae13c5800,https://dodo.ac/np/images/6/6d/Clothesline_NH_DIY_Icon.png
recipes,17ae02bf6883750e,https://dodo.ac/np/images/a/a0/Dark_Lily_Crown_NH_DIY_Icon.png
recipes,18804bf380b70e12,https://dodo.ac/np/images/c/c7/Destinations_Signpost_NH_DIY_Icon.png
recipes,189e6df8292d3afa,https://dodo.ac/np/images/2/27/Tree-Stump_Rug_NH_DIY_Icon.png
recipes,193cc2e4004e8920,https://dodo.ac/np/images/d/df/Star_Pochette_NH_DIY_Icon.png
recipes,196f7b6ada2add3b,https://dodo.ac/np/images/3/3f/Flower_Stand_NH_DIY_Icon.png
recipes,19704ec3c811ae26,https://dodo.ac/np/images/a/aa/Mermaid_Shelf_NH_DIY_Icon.png
recipes,19a33ecf375a3e8d,https://dodo.ac/np/images/7/7e/Cosmos_Shower_NH_DIY_Icon.png
recipes,19e47f757398c471,https://dodo.ac/np/images/2/21/Windflower_Wreath_NH_DIY_Icon.png
recipes,19e8b240b9d7e6c1,https://dodo.ac/np/images/7/70/Earth-Egg_Shell_NH_DIY_Icon.png
recipes,19edd95002984022,https://dodo.ac/np/images/d/d2/Apple_Jam_NH_DIY_Icon.png
recipes,1a03ca67e3db2239,https://dodo.ac/np/images/0/05/Pound_Cake_NH_DIY_Icon.png
recipes,1a1246264377ceda,https://dodo.ac/np/images/a/ac/Mermaid_Vanity_NH_DIY_Icon.png
recipes,1a867572e74d8ff9,https://dodo.ac/np/images/4/48/Cherry-Blossom-Petal_Pile_NH_DIY_Icon.png
recipes,1ab7637018ea5387,https://dodo.ac/np/images/6/6d/Shell_Wreath_NH_DIY_Icon.png
recipes,1b44d059f9131a6d,https://dodo.ac/np/images/8/81/Bamboo-Grove_Wall_NH_DIY_Icon.png
recipes,1b8f981fe0c1a50a,https://dodo.ac/np/images/4/4b/Spooky_Cookies_NH_DIY_Icon.png
recipes,1bfe1d6ff0fdfd70,https://dodo.ac/np/images/6/6f/Partition_Wall_NH_DIY_Icon.png
recipes,1c4bb1af98e7fd7c,https://dodo.ac/np/images/5/5d/Tomato_Juice_NH_DIY_Icon.png
recipes,1caf7d619002bfe9,https://dodo.ac/np/images/6/6d/Stall_NH_DIY_Icon.png
recipes,1cbcd81234cf70bd,https://dodo.ac/np/images/a/ad/Sauna_Heater_NH_DIY_Icon.png
recipes,1d0dbf342cb5fa02,https://dodo.ac/np/images/7/7a/Pile_of_Leaves_NH_DIY_Icon.png
recipes,1d1ce6527db4a420,https://dodo.ac/np/images/7/77/Bamboo-Shoot_Lamp_NH_DIY_Icon.png
recipes,1da9a15efca6b9e5,https://dodo.ac/np/images/9/92/Mum_Cushion_NH_DIY_Icon.png
recipes,1dea2c7b6749a719,https://dodo.ac/np/images/a/ab/Cherry_Pie_NH_DIY_Icon.png
recipes,1e04628b728b05ba,https://dodo.ac/np/images/d/d4/Rose_Wreath_NH_DIY_Icon.png
recipes,1e10bd0125d5d36d,https://dodo.ac/np/images/f/fb/Fancy_Mum_Wreath_NH_DIY_Icon.png
recipes,1e10ca4e974b004c,https://dodo.ac/np/images/1/1b/Aries_Rocking_Chair_NH_DIY_Icon.png
recipes,1e1a19a97d016243,https://dodo.ac/np/images/6/6f/Turkey_Day_Decorations_%28Fall_Harvest%29_NH_DIY_Icon.png
recipes,1e44f392b93d7de2,https://dodo.ac/np/images/a/a6/Wooden_Chest_NH_DIY_Icon.png
recipes,1e8e452390ee74f2,https://dodo.ac/np/images/b/b3/Iron_Fence_NH_DIY_Icon.png
recipes,1e94c2afa4d570b3,https://dodo.ac/np/images/c/c9/Apple_Dress_NH_DIY_Icon.png
recipes,1e99a80ff9efe249,https://dodo.ac/np/images/f/ff/Log_Pack_NH_DIY_Icon.png
recipes,1ea2cab6e3f81d00,https://dodo.ac/np/images/3/30/Pretzels_NH_DIY_Icon.png
recipes,1eba7482d426f73e,https://dodo.ac/np/images/1/12/Gnocchi_di_Carote_NH_DIY_Icon.png
recipes,1ed19e242c04de4d,https://dodo.ac/np/images/c/c7/Scorpio_Lamp_NH_DIY_Icon.png
recipes,1eee86f38bb16543,https://dodo.ac/np/images/c/cd/Tabletop_Festive_Tree_NH_DIY_Icon.png
recipes,1f04b21beeeb7e06,https://dodo.ac/np/images/c/c0/Stonework_Kitchen_NH_DIY_Icon.png
recipes,1f245d60b33babf7,https://dodo.ac/np/images/6/6c/Infused-Water_Dispenser_NH_DIY_Icon.png
recipes,1f7dc42ea8c7ae31,https://dodo.ac/np/images/9/98/Golden_Garden_Bunny_NH_DIY_Icon.png
recipes,1f8c9f97e9a6aed8,https://dodo.ac/np/images/3/36/Stacked_Fish_Containers_NH_DIY_Icon.png
recipes,1fd976af7db8ae6f,https://dodo.ac/np/images/7/7e/Veggie_Basket_NH_DIY_Icon.png
recipes,2089e18c929b6e64,https://dodo.ac/np/images/1/1a/Tomato_Bagel_Sandwich_NH_DIY_Icon.png
recipes,20a379add2449318,https://dodo.ac/np/images/7/78/Hedge_Standee_NH_DIY_Icon.png
recipes,20de74a63b3456ff,https://dodo.ac/np/images/b/b2/Spooky_Garland_NH_DIY_Icon.png
recipes,210a760e48129a43,https://dodo.ac/np/images/e/e6/Woven-Vines_Hat_NH_DIY_Icon.png
recipes,2141710d990a6af0,https://dodo.ac/np/images/0/05/Olive-Flounder_Meuni%C3%A8re_NH_DIY_Icon.png
recipes,21586c558f9d2382,https://dodo.ac/np/images/e/e5/Golden_Gear_Tower_NH_DIY_Icon.png
recipes,21b8aa664d290365,https://dodo.ac/np/images/e/ed/Ironwood_Bed_NH_DIY_Icon.png
recipes,2236aa3182afafe2,https://dodo.ac/np/images/1/1e/Mush_Low_Stool_NH_DIY_Icon.png
recipes,227cdab2b18cb654,https://dodo.ac/np/images/0/00/Mums_Wand_NH_DIY_Icon.png
recipes,22b08150be84a2a9,https://dodo.ac/np/images/5/5b/Recycled_Boots_NH_DIY_Icon.png
recipes,22e7bc93854aa011,https://dodo.ac/np/images/b/bd/Forest_Wall_NH_DIY_Icon.png
recipes,23178c9b0424b80c,https://dodo.ac/np/images/b/b5/Gold_Bars_NH_DIY_Icon.png
recipes,235525352df2cecc,https://dodo.ac/np/images/9/9d/Project_Table_NH_DIY_Icon.png
recipes,239546ba3154862a,https://dodo.ac/np/images/3/33/Terrarium_NH_DIY_Icon.png
recipes,23a150107a0a044a,https://dodo.ac/np/images/7/7f/Windflower_Crown_NH_DIY_Icon.png
recipes,24594547840e2217,https://dodo.ac/np/images/2/29/Illuminated_Tree_NH_DIY_Icon.png
recipes,2484a1b2105ea2b2,https://dodo.ac/np/images/e/e9/Tree_Branch_Wreath_NH_DIY_Icon.png
recipes,248f8228fc176934,https://dodo.ac/np/images/d/d0/Wood-Egg_Outfit_NH_DIY_Icon.png
recipes,24aec71fc17c610f,https://dodo.ac/np/images/8/8c/Ornament_Mobile_NH_DIY_Icon.png
recipes,24b38a7de7d8dffc,https://dodo.ac/np/images/c/cb/Leaf_Campfire_NH_DIY_Icon.png
recipes,24f761d0f5698a1a,https://dodo.ac/np/images/c/c9/Bonfire_NH_DIY_Icon.png
recipes,253248dc9222e640,https://dodo.ac/np/images/1/1f/Wedding_Wand_NH_DIY_Icon.png
recipes,2557acb2077b916d,https://dodo.ac/np/images/9/92/Ocarina_NH_DIY_Icon.png
recipes,259f35a52be898e5,https://dodo.ac/np/images/2/27/Stone-Egg_Shell_NH_DIY_Icon.png
recipes,25df8c139e6f6cf4,https://dodo.ac/np/images/8/81/Sea-Bass_Pie_NH_DIY_Icon.png
recipes,25eff46dff8aeefe,https://dodo.ac/np/images/7/71/Bridge_Construction_Kit_NH_DIY_Icon.png
recipes,2603438c4d1f56fe,https://dodo.ac/np/images/a/a6/Iron_Shelf_NH_DIY_Icon.png
recipes,2661cb105f5f932a,https://dodo.ac/np/images/a/ae/Bamboo_Bench_NH_DIY_Icon.png
recipes,26b4dc65a9bd95d8,https://dodo.ac/np/images/1/10/Shell_Lamp_NH_DIY_Icon.png
recipes,2702b3ba51da35e5,https://dodo.ac/np/images/e/e9/Stacked_Bottle_Crates_NH_DIY_Icon.png
recipes,274565b7095b2771,https://dodo.ac/np/images/d/dd/Vine_Outfit_NH_DIY_Icon.png
recipes,2778120a13b593b3,https://dodo.ac/np/images/f/f1/Vertical-Board_Fence_NH_DIY_Icon.png
recipes,277a269f3339289d,https://dodo.ac/np/images/6/69/Golden_Ladder_Set-Up_Kit_NH_DIY_Icon.png
recipes,2789f86b64dcb8a0,https://dodo.ac/np/images/c/c2/Cabin_Wall_NH_DIY_Icon.png
recipes,27dd7784b382a32c,https://dodo.ac/np/images/e/e2/Apple_Jelly_NH_DIY_Icon.png
recipes,2808ede5e8fea8cd,https://dodo.ac/np/images/0/09/Purple_Hyacinth_Wreath_NH_DIY_Icon.png
recipes,2811ae620d7d2ceb,https://dodo.ac/np/images/c/cc/Ironwood_DIY_Workbench_NH_DIY_Icon.png
recipes,2824ba6d215a0d2a,https://dodo.ac/np/images/6/6b/Wooden-Block_Chest_NH_DIY_Icon.png
recipes,28ca45930831d93b,https://dodo.ac/np/images/8/8b/Wooden-Block_Chair_NH_DIY_Icon.png
recipes,28f07d4a5bbdb8ca,https://dodo.ac/np/images/6/6c/Pear_Dress_NH_DIY_Icon.png
recipes,2971968b831b8399,https://dodo.ac/np/images/4/44/Seafood_Pizza_NH_DIY_Icon.png
recipes,299e266ea41ea2ad,https://dodo.ac/np/images/6/67/Asteroid_NH_DIY_Icon.png
recipes,29c356e9b2dce5b9,https://dodo.ac/np/images/d/dd/Fish_Bait_NH_DIY_Icon.png
recipes,29dd282d8d1eb54d,https://dodo.ac/np/images/5/55/Cool_Pansy_Crown_NH_DIY_Icon.png
recipes,2a218bbd4d8c134b,https://dodo.ac/np/images/f/f2/Cave_NH_DIY_Icon.png
recipes,2a236a9f954f157d,https://dodo.ac/np/images/c/ca/Whole-Wheat_Flour_NH_DIY_Icon.png
recipes,2a88879e9b40dc8a,https://dodo.ac/np/images/4/47/Decoy_Duck_NH_DIY_Icon.png
recipes,2a95be04e5e00df6,https://dodo.ac/np/images/4/40/Cool_Windflower_Wreath_NH_DIY_Icon.png
recipes,2aca8017473019f5,https://dodo.ac/np/images/2/2c/Seafood_Salad_NH_DIY_Icon.png
recipes,2b18817cb682c320,https://dodo.ac/np/images/5/52/Ironwood_Dresser_NH_DIY_Icon.png
recipes,2b3976694293ddab,https://dodo.ac/np/images/4/42/Pumpkin_Curry_NH_DIY_Icon.png
recipes,2c173af9fdeb5708,https://dodo.ac/np/images/d/dc/Golden_Samurai_Suit_NH_DIY_Icon.png
recipes,2c35d3aa86b76dd2,https://dodo.ac/np/images/3/32/Wooden_Music_Box_NH_DIY_Icon.png
recipes,2c41a64b0812e33a,https://dodo.ac/np/images/f/fa/Garbage-Heap_Flooring_NH_DIY_Icon.png
recipes,2c460a53ffe3b466,https://dodo.ac/np/images/a/a6/Shellfish_Pochette_NH_DIY_Icon.png
recipes,2c53f72d75a7ee3f,https://dodo.ac/np/images/e/eb/Fruit_Scones_NH_DIY_Icon.png
recipes,2c72dad77dd84215,https://dodo.ac/np/images/6/6c/Orange_Jelly_NH_DIY_Icon.png
recipes,2cdbfb822ac43f8c,https://dodo.ac/np/images/4/47/Chic_Windflower_Wreath_NH_DIY_Icon.png
recipes,2d0b2884bb839733,https://dodo.ac/np/images/1/16/Gold_Armor_NH_DIY_Icon.png
recipes,2d1c90b0148753f3,https://dodo.ac/np/images/4/45/Wooden-Block_Stool_NH_DIY_Icon.png
recipes,2d5122b311d00807,https://dodo.ac/np/images/e/e1/Lunar_Surface_NH_DIY_Icon.png
recipes,2dafce3de4a2b97e,https://dodo.ac/np/images/d/dd/Yellow_Bamboo_Mat_NH_DIY_Icon.png
recipes,2dc7b437a3375aba,https://dodo.ac/np/images/0/02/Wooden_Mini_Table_NH_DIY_Icon.png
recipes,2dfab5ea57220604,https://dodo.ac/np/images/6/67/Low_Golden_Island_Counter_NH_DIY_Icon.png
recipes,2e6241f8e3c0d897,https://dodo.ac/np/images/c/c1/Veggie_Sandwich_NH_DIY_Icon.png
recipes,2e8ad66b2d67918a,https://dodo.ac/np/images/4/41/Floral_Swag_NH_DIY_Icon.png
recipes,2ecc344260b7687d,https://dodo.ac/np/images/3/3d/Pansy_Wreath_NH_DIY_Icon.png
recipes,2f23fa0a81702135,https://dodo.ac/np/images/3/37/Dark_Cosmos_Crown_NH_DIY_Icon.png
recipes,2f2a410bff73c882,https://dodo.ac/np/images/7/70/Glowing-Moss_Boulder_NH_DIY_Icon.png
recipes,2f37283e4a8b4ecd,https://dodo.ac/np/images/d/d8/Glowing-Moss_Balloon_NH_DIY_Icon.png
recipes,2f55237458e3dd18,https://dodo.ac/np/images/9/9f/Turkey_Day_Garden_Stand_%28Fall_Harvest%29_NH_DIY_Icon.png
recipes,2ffd36500309d7b1,https://dodo.ac/np/images/b/bb/Rose_Bed_NH_DIY_Icon.png
recipes,30263ad67b000336,https://dodo.ac/np/images/3/30/Wooden-Block_Stereo_NH_DIY_Icon.png
recipes,303ac57fe2bcda91,https://dodo.ac/np/images/c/c8/Dark_Tulip_Crown_NH_DIY_Icon.png
recipes,303e9aebdf87016d,https://dodo.ac/np/images/f/f2/Cardboard_Chair_NH_DIY_Icon.png
recipes,307192c377e61c39,https://dodo.ac/np/images/d/db/Bunny_Day_Wand_NH_DIY_Icon.png
recipes,309022245e736240,https://dodo.ac/np/images/f/f5/Rainbow_Feather_NH_DIY_Icon.png
recipes,309f338105a323b6,https://dodo.ac/np/images/0/09/Pear_Rug_NH_DIY_Icon.png
recipes,30b206083544f577,https://dodo.ac/np/images/0/0c/Fruit_Pizza_NH_DIY_Icon.png
recipes,30d2c3de1028091f,https://dodo.ac/np/images/c/c3/Flimsy_Shovel_NH_DIY_Icon.png
recipes,311a6ce57ebacd11,https://dodo.ac/np/images/0/0d/Mixed-Fruits_Tart_NH_DIY_Icon.png
recipes,31d76019994595a4,https://dodo.ac/np/images/c/c0/Glowing-Moss_Forest_Wall_NH_DIY_Icon.png
recipes,3211837d0513f894,https://dodo.ac/np/images/7/7d/Frozen_Bed_NH_DIY_Icon.png
recipes,3335cf9e8c7782da,https://dodo.ac/np/images/3/3f/Veggie_Quiche_NH_DIY_Icon.png
recipes,34293610baba8740,https://dodo.ac/np/images/d/df/Cherry_Tart_NH_DIY_Icon.png
recipes,34411b56f804fd32,https://dodo.ac/np/images/3/35/Iron_Worktable_NH_DIY_Icon.png
recipes,3457279b20f06bf1,https://dodo.ac/np/images/d/de/Acorn_Pochette_NH_DIY_Icon.png
recipes,3471a58c8289a7c5,https://dodo.ac/np/images/3/3c/Tall_Steel_Island_Counter_NH_DIY_Icon.png
recipes,347cdf50f3c12348,https://dodo.ac/np/images/c/cf/Vine_Lamp_NH_DIY_Icon.png
recipes,3498a86331935c44,https://dodo.ac/np/images/7/75/Lovely_Cosmos_Crown_NH_DIY_Icon.png
recipes,34bbec71ad17fd66,https://dodo.ac/np/images/0/0e/Falling-Snow_Wall_NH_DIY_Icon.png
recipes,34d3e5e931b5bd6a,https://dodo.ac/np/images/0/06/Carrot_Juice_NH_DIY_Icon.png
recipes,34fc185e885050bf,https://dodo.ac/np/images/8/85/Bamboo_Floor_Lamp_NH_DIY_Icon.png
recipes,35bf6260e129c857,https://dodo.ac/np/images/9/96/Shell_Table_NH_DIY_Icon.png
recipes,35fabfa8de312763,https://dodo.ac/np/images/5/54/Birdcage_NH_DIY_Icon.png
recipes,36503f427fade484,https://dodo.ac/np/images/f/fa/Festive_Top_Set_NH_DIY_Icon.png
recipes,36887d44cec7552d,https://dodo.ac/np/images/2/2c/Pickled_Veggies_NH_DIY_Icon.png
recipes,36c5af60b6060c3c,https://dodo.ac/np/images/0/02/Spiky_Fence_NH_DIY_Icon.png
recipes,36d94d888594fa81,https://dodo.ac/np/images/2/27/Ironwood_Clock_NH_DIY_Icon.png
recipes,3733e19243503e6e,https://dodo.ac/np/images/3/32/Water-Egg_Shoes_NH_DIY_Icon.png
recipes,379fe2954be26f07,https://dodo.ac/np/images/3/3d/Basement_Flooring_NH_DIY_Icon.png
recipes,3819d47efeed7e16,https://dodo.ac/np/images/3/3c/Astronaut_Suit_NH_DIY_Icon.png
recipes,381c3b810635dc05,https://dodo.ac/np/images/4/44/Dharma_NH_DIY_Icon.png
recipes,389f8e4065e41b16,https://dodo.ac/np/images/1/17/Brown_Herringbone_Wall_NH_DIY_Icon.png
recipes,39d13721d2627761,https://dodo.ac/np/images/5/5e/Vine_Hanging_Chair_NH_DIY_Icon.png
recipes,39efe515bf85a976,https://dodo.ac/np/images/d/d0/Log_Bed_NH_DIY_Icon.png
recipes,39f49b91e22aa5ab,https://dodo.ac/np/images/a/a3/Mini_Golden_Dharma_NH_DIY_Icon.png
recipes,39f6dd11364e60ad,https://dodo.ac/np/images/a/ab/Key_Holder_NH_DIY_Icon.png
recipes,3a3537557b933126,https://dodo.ac/np/images/0/0d/Illuminated_Present_NH_DIY_Icon.png
recipes,3a5daf5e7e6cdd93,https://dodo.ac/np/images/0/0e/Ice_Flooring_NH_DIY_Icon.png
recipes,3a64d4c8aaa142bb,https://dodo.ac/np/images/4/44/Yellow-Leaf_Pile_NH_DIY_Icon.png
recipes,3a854bf6422a7a7e,https://dodo.ac/np/images/6/6c/Coconut_Oil_NH_DIY_Icon.png
recipes,3a990c7ac0b5d550,https://dodo.ac/np/images/7/72/Orange_Wall_NH_DIY_Icon.png
recipes,3b0373df8df32d86,https://dodo.ac/np/images/1/1e/Trash_Bags_NH_DIY_Icon.png
recipes,3b41f02378bad5a3,https://dodo.ac/np/images/8/89/Wooden_Stool_NH_DIY_Icon.png
recipes,3b4b7f3fed6e2bef,https://dodo.ac/np/images/7/71/Standard_Umbrella_Stand_NH_DIY_Icon.png
recipes,3b550466268868d6,https://dodo.ac/np/images/e/e9/Coconut_Juice_NH_DIY_Icon.png
recipes,3bca6f9aa65cfddf,https://dodo.ac/np/images/7/79/Tomates_al_Ajillo_NH_DIY_Icon.png
recipes,3c374e41ff12e478,https://dodo.ac/np/images/b/b3/Flimsy_Fishing_Rod_NH_DIY_Icon.png
recipes,3d77e379db4f269e,https://dodo.ac/np/images/d/df/Plain_Cupcakes_NH_DIY_Icon.png
recipes,3d7f5ae8d5d53968,https://dodo.ac/np/images/2/24/Vaulting_Pole_NH_DIY_Icon.png
recipes,3db999ab78d4bd5a,https://dodo.ac/np/images/4/40/Brick_Well_NH_DIY_Icon.png
recipes,3dd21cf85f5010bf,https://dodo.ac/np/images/8/82/Karei_no_Nitsuke_NH_DIY_Icon.png
recipes,3deacb5f119d834e,https://dodo.ac/np/images/9/9f/Aroma_Pot_NH_DIY_Icon.png
recipes,3e89c221c3a4785f,https://dodo.ac/np/images/f/fb/Potato_Potage_NH_DIY_Icon.png
recipes,3e8baa029681c128,https://dodo.ac/np/images/9/9a/Log-Wall_Fence_NH_DIY_Icon.png
recipes,3e972952a5f4f848,https://dodo.ac/np/images/b/ba/Mush_Parasol_NH_DIY_Icon.png
recipes,3eddb44c6c40e0dc,https://dodo.ac/np/images/f/f9/Natural_Garden_Chair_NH_DIY_Icon.png
recipes,3f69fe7fd2e68fba,https://dodo.ac/np/images/d/dd/Palm-Tree_Lamp_NH_DIY_Icon.png
recipes,3fa7c029d3482c78,https://dodo.ac/np/images/3/3a/Stone_Lion-Dog_NH_DIY_Icon.png
recipes,4043fd7fbcc2b8a0,https://dodo.ac/np/images/5/5e/Flimsy_Net_NH_DIY_Icon.png
recipes,404c34a5ce80d99e,https://dodo.ac/np/images/f/fa/Apple_Rug_NH_DIY_Icon.png
recipes,40626310b96beaf2,https://dodo.ac/np/images/c/cc/Vine_Bench_NH_DIY_Icon.png
recipes,4094d3f572f882ca,https://dodo.ac/np/images/6/6e/Shell_Wand_NH_DIY_Icon.png
recipes,40c2afc70b86234a,https://dodo.ac/np/images/e/ee/Pan_Flute_NH_DIY_Icon.png
recipes,41647cfe5d8d9481,https://dodo.ac/np/images/7/7f/Carrot_Potage_NH_DIY_Icon.png
recipes,41c0fd87f072373b,https://dodo.ac/np/images/0/0a/Wooden-Block_Bed_NH_DIY_Icon.png
recipes,423d41d54d3c661c,https://dodo.ac/np/images/f/fa/Rocket_NH_DIY_Icon.png
recipes,426d23bf0447405c,https://dodo.ac/np/images/e/ed/Turkey_Day_Table_%28Fall_Harvest%29_NH_DIY_Icon.png
recipes,42700fea2881e6af,https://dodo.ac/np/images/c/cb/Mum_Crown_NH_DIY_Icon.png
recipes,4274fd76a5e641f0,https://dodo.ac/np/images/6/68/Light_Bamboo_Bath_Mat_NH_DIY_Icon.png
recipes,42db13d730515bc2,https://dodo.ac/np/images/e/e7/Chic_Rose_Crown_NH_DIY_Icon.png
recipes,433017d5342ea690,https://dodo.ac/np/images/f/fd/Tire_Toy_NH_DIY_Icon.png
recipes,43c1520fe8ca9c6b,https://dodo.ac/np/images/6/67/Wooden_Bookshelf_NH_DIY_Icon.png
recipes,44254e8bff7106f8,https://dodo.ac/np/images/b/b1/Low_Brick_Island_Counter_NH_DIY_Icon.png
recipes,45546bf3df06a535,https://dodo.ac/np/images/e/e4/Mermaid_Lamp_NH_DIY_Icon.png
recipes,4555d742a18bb594,https://dodo.ac/np/images/6/6b/Cherry_Rug_NH_DIY_Icon.png
recipes,45dda2941cbd6a45,https://dodo.ac/np/images/6/67/Stone-Egg_Shoes_NH_DIY_Icon.png
recipes,4603e0b1ee5ac268,https://dodo.ac/np/images/9/90/Pear_Tart_NH_DIY_Icon.png
recipes,46564a371453582a,https://dodo.ac/np/images/c/c9/Glowing-Moss_Pointed_Cap_NH_DIY_Icon.png
recipes,46ac0da878113d33,https://dodo.ac/np/images/2/20/Wooden-Block_Table_NH_DIY_Icon.png
recipes,46d9ed87224d454e,https://dodo.ac/np/images/a/a3/Peach_Hat_NH_DIY_Icon.png
recipes,46e1861bc9c42be4,https://dodo.ac/np/images/a/af/Simple_Well_NH_DIY_Icon.png
recipes,4729ac5d8c61d07d,https://dodo.ac/np/images/e/e1/Spaghetti_Marinara_NH_DIY_Icon.png
recipes,475a6dcf1980e437,https://dodo.ac/np/images/9/9a/Tall_Brick_Island_Counter_NH_DIY_Icon.png
recipes,4773626dc3309dcd,https://dodo.ac/np/images/6/64/Butter_Churn_NH_DIY_Icon.png
recipes,47e86983c90f517e,https://dodo.ac/np/images/0/03/Rose_Crown_NH_DIY_Icon.png
recipes,483f716cc81ebb93,https://dodo.ac/np/images/d/d9/Iceberg_Wall_NH_DIY_Icon.png
recipes,48782a522b8225e9,https://dodo.ac/np/images/e/e7/Mermaid_Sofa_NH_DIY_Icon.png
recipes,489d8f58ee910153,https://dodo.ac/np/images/6/66/Glowing-Moss_Cave_Wall_NH_DIY_Icon.png
recipes,48da18d40e78b2d0,https://dodo.ac/np/images/7/72/Bamboo_Lattice_Fence_NH_DIY_Icon.png
recipes,48edf813a0a17ada,https://dodo.ac/np/images/0/05/Spooky_Table_NH_DIY_Icon.png
recipes,4907aae7d0381a4f,https://dodo.ac/np/images/8/86/Tomato_Curry_NH_DIY_Icon.png
recipes,49828df89f72deb8,https://dodo.ac/np/images/2/29/Gratin_NH_DIY_Icon.png
recipes,49cb863618dd58d0,https://dodo.ac/np/images/2/28/DIY_Workbench_NH_DIY_Icon.png
recipes,49e4d0577bd45202,https://dodo.ac/np/images/c/cd/Capricorn_Ornament_NH_DIY_Icon.png
recipes,4a19bcaaabf3205a,https://dodo.ac/np/images/1/1d/Mush_Log_NH_DIY_Icon.png
recipes,4a68a158a0c015ff,https://dodo.ac/np/images/1/14/Bunny_Day_Bag_NH_DIY_Icon.png
recipes,4abd0ab236d217e7,https://dodo.ac/np/images/a/a2/Iron_Garden_Chair_NH_DIY_Icon.png
recipes,4b21e4582b01707a,https://dodo.ac/np/images/d/d0/Gnocchi_di_Zucca_NH_DIY_Icon.png
recipes,4b485dcb3230a9c3,https://dodo.ac/np/images/4/43/Egg_Party_Hat_NH_DIY_Icon.png
recipes,4bbaa35f46639707,https://dodo.ac/np/images/1/1e/Bread_Gratin_NH_DIY_Icon.png
recipes,4c13dd205d7c339a,https://dodo.ac/np/images/b/bc/Wedding_Fence_NH_DIY_Icon.png
recipes,4c90f8d97951fd63,https://dodo.ac/np/images/c/c0/Log_Wall-Mounted_Clock_NH_DIY_Icon.png
recipes,4cddc166c5d3f7f4,https://dodo.ac/np/images/c/ce/Leaf_Mask_NH_DIY_Icon.png
recipes,4ce736c727069a54,https://dodo.ac/np/images/e/e0/Rocking_Horse_NH_DIY_Icon.png
recipes,4cfd614345149aa3,https://dodo.ac/np/images/1/17/Wood-Egg_Shell_NH_DIY_Icon.png
recipes,4d6142846f8d2f6c,https://dodo.ac/np/images/9/9b/Backyard_Lawn_NH_DIY_Icon.png
recipes,4d98f3337010dfd5,https://dodo.ac/np/images/0/08/Pitfall_Seed_NH_DIY_Icon.png
recipes,4e4eaf7ed7dbd0c3,https://dodo.ac/np/images/d/d8/Wooden-Knot_Wall_NH_DIY_Icon.png
recipes,4e864bf4b11c35d0,https://dodo.ac/np/images/f/f4/Gear_Tower_NH_DIY_Icon.png
recipes,4ed3ecef094847e2,https://dodo.ac/np/images/b/b2/Hedge_NH_DIY_Icon.png
recipes,4f25ca1fc389d353,https://dodo.ac/np/images/f/f8/Green_Bamboo_Mat_NH_DIY_Icon.png
recipes,4f51d69550f54e45,https://dodo.ac/np/images/b/b1/Bone_Doorplate_NH_DIY_Icon.png
recipes,4fba8048085f7671,https://dodo.ac/np/images/e/e9/Red-Leaf_Pile_NH_DIY_Icon.png
recipes,501a37872db189a9,https://dodo.ac/np/images/6/62/Tree%27s_Bounty_Little_Tree_NH_DIY_Icon.png
recipes,513140788278a926,https://dodo.ac/np/images/f/f6/Baked_Potatoes_NH_DIY_Icon.png
recipes,5161dc7517e71e12,https://dodo.ac/np/images/3/3c/Peach_Chair_NH_DIY_Icon.png
recipes,517ebec7204bed49,https://dodo.ac/np/images/d/d0/Foxtail_NH_DIY_Icon.png
recipes,5195d322002843e9,https://dodo.ac/np/images/c/cf/Galaxy_Flooring_NH_DIY_Icon.png
recipes,525e506064a72782,https://dodo.ac/np/images/9/9b/Large_Cardboard_Boxes_NH_DIY_Icon.png
recipes,530152a87d997d01,https://dodo.ac/np/images/d/dd/Log_Garden_Lounge_NH_DIY_Icon.png
recipes,5326f26876123acd,https://dodo.ac/np/images/3/3c/Golden_Plate_Armor_NH_DIY_Icon.png
recipes,5356fb95f513f1eb,https://dodo.ac/np/images/2/2a/Wild-Wood_Wall_NH_DIY_Icon.png
recipes,544291ccc2d79abb,https://dodo.ac/np/images/7/77/Bamboo_Wand_NH_DIY_Icon.png
recipes,544b77fe0d8f78a6,https://dodo.ac/np/images/1/14/Aquarius_Urn_NH_DIY_Icon.png
recipes,547c98c275dc20df,https://dodo.ac/np/images/e/ef/Savory_Bread_NH_DIY_Icon.png
recipes,549d2dc8cbc5ea42,https://dodo.ac/np/images/4/49/Veggie_Cookies_NH_DIY_Icon.png
recipes,549d92f38fd9be36,https://dodo.ac/np/images/c/c0/Snowperson_Head_NH_DIY_Icon.png
recipes,549eaa535ca08657,https://dodo.ac/np/images/6/64/Star_Wand_NH_DIY_Icon.png
recipes,54eed538735ebb2c,https://dodo.ac/np/images/a/ab/Glow-in-the-Dark_Stickers_NH_DIY_Icon.png
recipes,550a53fc1ecb8f75,https://dodo.ac/np/images/8/83/Cherry_Umbrella_NH_DIY_Icon.png
recipes,5532305c3f8bad18,https://dodo.ac/np/images/5/5f/Turkey_Day_Chair_%28Fall_Harvest%29_NH_DIY_Icon.png
recipes,557e18de3f6bbcfa,https://dodo.ac/np/images/2/2d/Wooden_Toolbox_NH_DIY_Icon.png
recipes,559ad011dcb4a035,https://dodo.ac/np/images/b/bf/Mermaid_Chair_NH_DIY_Icon.png
recipes,55adcc38d0953cc5,https://dodo.ac/np/images/9/9a/Leaf_Umbrella_NH_DIY_Icon.png
recipes,55af7bda2359a063,https://dodo.ac/np/images/7/7d/Carpaccio_di_Marlin_Blu_NH_DIY_Icon.png
recipes,55ed7067cec419c1,https://dodo.ac/np/images/a/a5/Shovel_NH_DIY_Icon.png
recipes,55ff7c2b248c8065,https://dodo.ac/np/images/4/49/Apple_Chair_NH_DIY_Icon.png
recipes,563090901138e2ca,https://dodo.ac/np/images/8/8a/Golden_Dharma_NH_DIY_Icon.png
recipes,5666e463e76731ef,https://dodo.ac/np/images/7/74/Spooky_Tree_NH_DIY_Icon.png
recipes,56713e3c624f9e1c,https://dodo.ac/np/images/d/d0/Iron_Hanger_Stand_NH_DIY_Icon.png
recipes,57505fc6c5a9b88a,https://dodo.ac/np/images/a/a0/Wooden_Double_Bed_NH_DIY_Icon.png
recipes,5785086416bc7bba,https://dodo.ac/np/images/a/aa/Leaf-Egg_Shoes_NH_DIY_Icon.png
recipes,5788ffcd03e540f2,https://dodo.ac/np/images/f/ff/Flying_Saucer_NH_DIY_Icon.png
recipes,57c4e2223381a8d7,https://dodo.ac/np/images/9/96/Seafood_Ajillo_NH_DIY_Icon.png
recipes,57f49e4b314eac98,https://dodo.ac/np/images/1/19/Peach_Surprise_Box_NH_DIY_Icon.png
recipes,58066ab51ca43941,https://dodo.ac/np/images/3/39/Iron_Garden_Bench_NH_DIY_Icon.png
recipes,582c3542db775ec4,https://dodo.ac/np/images/6/66/Green_Grass_Skirt_NH_DIY_Icon.png
recipes,5868ead7ef5a8b7d,https://dodo.ac/np/images/a/a3/Cherry_Jam_NH_DIY_Icon.png
recipes,588b8427a7c1d772,https://dodo.ac/np/images/9/96/Mum_Wreath_NH_DIY_Icon.png
recipes,58a58ebcdd9c2df2,https://dodo.ac/np/images/7/7d/Bunny_Day_Bed_NH_DIY_Icon.png
recipes,58f4276adbd2478c,https://dodo.ac/np/images/4/40/Cosmos_Crown_NH_DIY_Icon.png
recipes,59d3c3d47da5a31e,https://dodo.ac/np/images/d/df/Jungle_Flooring_NH_DIY_Icon.png
recipes,5afac077512557d1,https://dodo.ac/np/images/a/ac/Honeycomb_Wall_NH_DIY_Icon.png
recipes,5b5376da46efd8b1,https://dodo.ac/np/images/4/47/Cherry_Smoothie_NH_DIY_Icon.png
recipes,5bac7f222157a14e,https://dodo.ac/np/images/6/63/Pumpkin_Cupcakes_NH_DIY_Icon.png
recipes,5c731cf96d9173ca,https://dodo.ac/np/images/3/38/Bunny_Day_Flooring_NH_DIY_Icon.png
recipes,5c8081aa33f80686,https://dodo.ac/np/images/9/99/Bunny_Day_Glowy_Garland_NH_DIY_Icon.png
recipes,5cda800603533a02,https://dodo.ac/np/images/d/d9/Gift_Pile_NH_DIY_Icon.png
recipes,5cefee63623e302a,https://dodo.ac/np/images/c/cf/Maple-Leaf_Pochette_NH_DIY_Icon.png
recipes,5d2800e3b28578af,https://dodo.ac/np/images/2/2a/Chic_Cosmos_Wreath_NH_DIY_Icon.png
recipes,5d2e4b87a05660b5,https://dodo.ac/np/images/3/36/Frozen-Treat_Set_NH_DIY_Icon.png
recipes,5d78a48240b21b9b,https://dodo.ac/np/images/2/2f/Medicine_NH_DIY_Icon.png
recipes,5d8f5d6eb1e901ac,https://dodo.ac/np/images/2/2d/Gnocchi_di_Patate_NH_DIY_Icon.png
recipes,5dae78d1a05af6f1,https://dodo.ac/np/images/5/57/Gear_Apparatus_NH_DIY_Icon.png
recipes,5ded1f6ca81e5c09,https://dodo.ac/np/images/4/4b/Shamrock_Wand_NH_DIY_Icon.png
recipes,5e02f51bd09f5534,https://dodo.ac/np/images/8/85/Mini_DIY_Workbench_NH_DIY_Icon.png
recipes,5e3f89cb561305e4,https://dodo.ac/np/images/5/5b/Satellite_NH_DIY_Icon.png
recipes,5e4b5641564f8dba,https://dodo.ac/np/images/8/8c/Bunny_Day_Table_NH_DIY_Icon.png
recipes,5e784ac594c3a061,https://dodo.ac/np/images/f/fd/Golden_Watering_Can_NH_DIY_Icon.png
recipes,5e85174a4563da06,https://dodo.ac/np/images/1/1f/Cherry-Blossom_Wand_NH_DIY_Icon.png
recipes,5eca4d8722e0eccd,https://dodo.ac/np/images/1/1c/Stack_of_Books_NH_DIY_Icon.png
recipes,5f429c3735e57b45,https://dodo.ac/np/images/8/88/Imperial_Fence_NH_DIY_Icon.png
recipes,5fba1a463fa4528e,https://dodo.ac/np/images/1/10/Coconut_Pudding_NH_DIY_Icon.png
recipes,5fdd9a8d8c614095,https://dodo.ac/np/images/3/31/Large_Lattice_Fence_NH_DIY_Icon.png
recipes,605770f62edaa456,https://dodo.ac/np/images/2/26/Apple_Hat_NH_DIY_Icon.png
recipes,60a93937c7443395,https://dodo.ac/np/images/c/c3/Robot_Hero_NH_DIY_Icon.png
recipes,60dece34b6bfa4dc,https://dodo.ac/np/images/8/8c/Cardboard_Table_NH_DIY_Icon.png
recipes,610746e3e35e4acd,https://dodo.ac/np/images/0/08/Hyacinth_Crown_NH_DIY_Icon.png
recipes,618de98478daf381,https://dodo.ac/np/images/f/f5/Sky-Egg_Outfit_NH_DIY_Icon.png
recipes,61b3abdc4ab7e04d,https://dodo.ac/np/images/b/bc/King_Tut_Mask_NH_DIY_Icon.png
recipes,62ce230090838eb3,https://dodo.ac/np/images/a/ac/Glowing-Moss_Jar_NH_DIY_Icon.png
recipes,630d6c90677fbcf8,https://dodo.ac/np/images/f/fe/Green_Bamboo_Fence_NH_DIY_Icon.png
recipes,6412d4dee1a7cd26,https://dodo.ac/np/images/9/9b/Traditional_Straw_Coat_NH_DIY_Icon.png
recipes,64e4c26c1569b1e4,https://dodo.ac/np/images/a/aa/Leo_Sculpture_NH_DIY_Icon.png
recipes,64e88ba247bcd315,https://dodo.ac/np/images/3/3b/Wooden_Wardrobe_NH_DIY_Icon.png
recipes,6502d81c40cbee70,https://dodo.ac/np/images/5/51/Steel_Flooring_NH_DIY_Icon.png
recipes,65978f0f1dccd07e,https://dodo.ac/np/images/d/de/Jungle_Wall_NH_DIY_Icon.png
recipes,65e70e426408f32f,https://dodo.ac/np/images/9/97/Water_Pump_NH_DIY_Icon.png
recipes,6620b139de5ee52a,https://dodo.ac/np/images/9/92/Frozen_Arch_NH_DIY_Icon.png
recipes,667bb6c9ff786f32,https://dodo.ac/np/images/7/7e/Dark_Bamboo_Bath_Mat_NH_DIY_Icon.png
recipes,66832c0990778954,https://dodo.ac/np/images/4/48/Glowing-Moss_Ruins_Wall_NH_DIY_Icon.png
recipes,6686812278b3ef39,https://dodo.ac/np/images/4/40/Libra_Scale_NH_DIY_Icon.png
recipes,66a62b9cb0fcf200,https://dodo.ac/np/images/1/15/Sandy-Beach_Flooring_NH_DIY_Icon.png
recipes,66ac4f572f8d6607,https://dodo.ac/np/images/7/74/Bunny_Day_Merry_Balloons_NH_DIY_Icon.png
recipes,67009e5230f29269,https://dodo.ac/np/images/c/c5/Tree%27s_Bounty_Lamp_NH_DIY_Icon.png
recipes,6714ac439c78f95c,https://dodo.ac/np/images/8/88/Trophy_Case_NH_DIY_Icon.png
recipes,67156d3bfdf0ab78,https://dodo.ac/np/images/7/79/Wooden_Field_Sign_NH_DIY_Icon.png
recipes,671b9990b5a16835,https://dodo.ac/np/images/e/e2/Coconut_Milk_NH_DIY_Icon.png
recipes,67338db6d4705081,https://dodo.ac/np/images/1/16/Cake_Sal%C3%A9_NH_DIY_Icon.png
recipes,6787897ed5d7ddbb,https://dodo.ac/np/images/e/e0/Clackercart_NH_DIY_Icon.png
recipes,6823866a98f16831,https://dodo.ac/np/images/c/c9/Pear_Wardrobe_NH_DIY_Icon.png
recipes,68d306dc1be300be,https://dodo.ac/np/images/7/7a/Crewed_Spaceship_NH_DIY_Icon.png
recipes,695a39901b7dba80,https://dodo.ac/np/images/7/72/Suspicious_Cauldron_NH_DIY_Icon.png
recipes,695dde3afe8232f8,https://dodo.ac/np/images/9/9c/Simple_Wooden_Fence_NH_DIY_Icon.png
recipes,6a17774c6e3b46c2,https://dodo.ac/np/images/d/dc/Spooky_Candy_Set_NH_DIY_Icon.png
recipes,6a9f82e715c0402b,https://dodo.ac/np/images/e/e5/Pear_Wall_NH_DIY_Icon.png
recipes,6abda59aa4008ec5,https://dodo.ac/np/images/f/f5/Festival-Lantern_Set_NH_DIY_Icon.png
recipes,6b107ee03672d3f6,https://dodo.ac/np/images/b/b2/Stone_Axe_NH_DIY_Icon.png
recipes,6b24ced54520bc83,https://dodo.ac/np/images/4/4e/Wooden_Chair_NH_DIY_Icon.png
recipes,6b3fb283ad534517,https://dodo.ac/np/images/b/bc/Ruined_Arch_NH_DIY_Icon.png
recipes,6b8c5f8fdccb8401,https://dodo.ac/np/images/e/e1/Spooky_Lantern_NH_DIY_Icon.png
recipes,6b9f72f661d45fb8,https://dodo.ac/np/images/7/78/Ruined_Decorated_Pillar_NH_DIY_Icon.png
recipes,6baed5d7ccc33340,https://dodo.ac/np/images/6/6f/Natural_Square_Table_NH_DIY_Icon.png
recipes,6bb59100a0923f13,https://dodo.ac/np/images/f/f3/Steel-Frame_Wall_NH_DIY_Icon.png
recipes,6c6322bc580f8733,https://dodo.ac/np/images/8/8b/Axe_NH_DIY_Icon.png
recipes,6cd00363949d3a83,https://dodo.ac/np/images/f/f9/Cool_Hyacinth_Crown_NH_DIY_Icon.png
recipes,6d2db9b775753130,https://dodo.ac/np/images/7/77/Low_Wooden_Island_Counter_NH_DIY_Icon.png
recipes,6dec6a30ecb9e883,https://dodo.ac/np/images/b/b1/Pear_Jelly_NH_DIY_Icon.png
recipes,6e51e3f681d89932,https://dodo.ac/np/images/2/22/Wooden_Waste_Bin_NH_DIY_Icon.png
recipes,6e860ae70942460c,https://dodo.ac/np/images/9/98/Tea_Table_NH_DIY_Icon.png
recipes,6e96d46a5292ef6c,https://dodo.ac/np/images/f/f2/Egg_Party_Dress_NH_DIY_Icon.png
recipes,6ea12d1df6a7d071,https://dodo.ac/np/images/e/e2/Coconut_Pancakes_NH_DIY_Icon.png
recipes,6eb3ecd0c836931a,https://dodo.ac/np/images/2/2d/Golden_Seat_NH_DIY_Icon.png
recipes,6f38ab15119cda1b,https://dodo.ac/np/images/8/89/Birdhouse_NH_DIY_Icon.png
recipes,6f56b8aae71d40e5,https://dodo.ac/np/images/0/05/Full-Body_Glowing-Moss_Suit_NH_DIY_Icon.png
recipes,6f5f6a5f6c7817c2,https://dodo.ac/np/images/8/86/Classic_Pitcher_NH_DIY_Icon.png
recipes,700bc631eac28e4d,https://dodo.ac/np/images/f/f8/Windflower_Fan_NH_DIY_Icon.png
recipes,703305dbbcc3d0d3,https://dodo.ac/np/images/0/03/Bamboo_Wall_NH_DIY_Icon.png
recipes,70e28aca2a4e8972,https://dodo.ac/np/images/8/8d/Shell_Stool_NH_DIY_Icon.png
recipes,7168acd5ba4d7971,https://dodo.ac/np/images/8/8c/Bamboo_Hat_NH_DIY_Icon.png
recipes,7195090e4f58bbfb,https://dodo.ac/np/images/0/0c/Mushroom_Potage_NH_DIY_Icon.png
recipes,721ca134defb0175,https://dodo.ac/np/images/a/a9/Mush_Umbrella_NH_DIY_Icon.png
recipes,7268f33eee8fc385,https://dodo.ac/np/images/9/98/Flour_NH_DIY_Icon.png
recipes,72b388cdf873dd42,https://dodo.ac/np/images/e/e9/Autumn_Wall_NH_DIY_Icon.png
recipes,7303369df39b886c,https://dodo.ac/np/images/6/6c/Golden_Decorative_Plate_NH_DIY_Icon.png
recipes,73393d62d3c1ee3e,https://dodo.ac/np/images/4/46/Frozen_Pillar_NH_DIY_Icon.png
recipes,7372a6269d52649c,https://dodo.ac/np/images/c/ca/Timber_Doorplate_NH_DIY_Icon.png
recipes,73a8cb4be7ead2d7,https://dodo.ac/np/images/0/08/Space_Shuttle_NH_DIY_Icon.png
recipes,74065c0cbce926b8,https://dodo.ac/np/images/d/de/Golden_Casket_NH_DIY_Icon.png
recipes,741e6c5f982432e8,https://dodo.ac/np/images/6/65/Log_Bench_NH_DIY_Icon.png
recipes,74bbb21d9e691dac,https://dodo.ac/np/images/4/46/Golden_Meter_and_Pipes_NH_DIY_Icon.png
recipes,7525bc73d9fcc83f,https://dodo.ac/np/images/0/05/Gold_Rose_Wreath_NH_DIY_Icon.png
recipes,752c190abb7d2fd6,https://dodo.ac/np/images/4/40/Dark_Wooden-Mosaic_Wall_NH_DIY_Icon.png
recipes,75428eddd3e15dda,https://dodo.ac/np/images/c/cd/Bread_NH_DIY_Icon.png
recipes,7592e34708a64fae,https://dodo.ac/np/images/7/78/Wooden_Storage_Shed_NH_DIY_Icon.png
recipes,75b5cc7a9fe6f782,https://dodo.ac/np/images/8/84/Bamboo-Shoot_Soup_NH_DIY_Icon.png
recipes,75bc2869562ef401,https://dodo.ac/np/images/c/c8/Simple_DIY_Workbench_NH_DIY_Icon.png
recipes,75efa99884eecf50,https://dodo.ac/np/images/a/a8/Campsite_Construction_Kit_NH_DIY_Icon.png
recipes,769248a75502436b,https://dodo.ac/np/images/d/db/Frozen_Counter_NH_DIY_Icon.png
recipes,772c36bf3798ec5d,https://dodo.ac/np/images/7/70/Mushroom_Wand_NH_DIY_Icon.png
recipes,77d8efad09c2446b,https://dodo.ac/np/images/8/85/Glowing-Moss_Dress_NH_DIY_Icon.png
recipes,77e3154db3d4fded,https://dodo.ac/np/images/6/68/Bunny_Day_Rug_NH_DIY_Icon.png
recipes,7842a58ec2687e93,https://dodo.ac/np/images/8/8b/Salad-Stuffed_Tomato_NH_DIY_Icon.png
recipes,787fdffbf65a6ec5,https://dodo.ac/np/images/6/60/Simple_Pillar_NH_DIY_Icon.png
recipes,78db17d0e2f29568,https://dodo.ac/np/images/4/47/Golden_Vase_NH_DIY_Icon.png
recipes,791c4187ca7ca12e,https://dodo.ac/np/images/6/64/Cherry-Blossom_Pochette_NH_DIY_Icon.png
recipes,798fe6eb7916b77a,https://dodo.ac/np/images/2/2a/Frozen_Fence_NH_DIY_Icon.png
recipes,79b112cb57bda57f,https://dodo.ac/np/images/8/87/Wooden-Block_Bench_NH_DIY_Icon.png
recipes,7a0b5075844d4d8f,https://dodo.ac/np/images/8/85/Barbed-Wire_Fence_NH_DIY_Icon.png
recipes,7a1f01613b4aaf34,https://dodo.ac/np/images/e/e1/Star_Clock_NH_DIY_Icon.png
recipes,7a2d0326f1c2644f,https://dodo.ac/np/images/0/0a/Bamboo_Noodle_Slide_NH_DIY_Icon.png
recipes,7aabe3f46a98cd27,https://dodo.ac/np/images/9/94/Mermaid_Dresser_NH_DIY_Icon.png
recipes,7ad927d37fa8db66,https://dodo.ac/np/images/1/19/Watering_Can_NH_DIY_Icon.png
recipes,7b7c718dc36e58b8,https://dodo.ac/np/images/9/98/Pumpkin_Bagel_Sandwich_NH_DIY_Icon.png
recipes,7c317715abf38a51,https://dodo.ac/np/images/a/af/Woven-Vine_Pochette_NH_DIY_Icon.png
recipes,7c3d27a7ae79458f,https://dodo.ac/np/images/2/21/Spooky_Carriage_NH_DIY_Icon.png
recipes,7c51bea76300aa38,https://dodo.ac/np/images/6/69/Mermaid_Rug_NH_DIY_Icon.png
recipes,7d272c2bf9e0fd22,https://dodo.ac/np/images/2/2b/Bunny_Day_Fence_NH_DIY_Icon.png
recipes,7d6a7f13048abbf1,https://dodo.ac/np/images/d/d3/Shell_Partition_NH_DIY_Icon.png
recipes,7d749f750c60d969,https://dodo.ac/np/images/6/6e/Stone_Arch_NH_DIY_Icon.png
recipes,7d79c10fa688961f,https://dodo.ac/np/images/e/e7/Golden_Toilet_NH_DIY_Icon.png
recipes,7deb4c30f3f117d5,https://dodo.ac/np/images/9/93/Pumpkin_Soup_NH_DIY_Icon.png
recipes,7dfcd3ca2393c312,https://dodo.ac/np/images/9/9f/Log_Round_Table_NH_DIY_Icon.png
recipes,7e02b89ce6be8156,https://dodo.ac/np/images/c/c8/Saut%C3%A9ed_Olive_Flounder_NH_DIY_Icon.png
recipes,7e06b36582057409,https://dodo.ac/np/images/e/ec/Lunar_Lander_NH_DIY_Icon.png
recipes,7ec22da7f6bec913,https://dodo.ac/np/images/c/c8/Seaweed_Soup_NH_DIY_Icon.png
recipes,7f77bf21f77da44b,https://dodo.ac/np/images/6/69/Illuminated_Snowflakes_NH_DIY_Icon.png
recipes,7f91057f65b9cf48,https://dodo.ac/np/images/4/4a/Knight%27s_Helmet_NH_DIY_Icon.png
recipes,7f927357b679fc18,https://dodo.ac/np/images/b/bf/Frozen_Chair_NH_DIY_Icon.png
recipes,7f9f1dd7e7ce7e58,https://dodo.ac/np/images/0/0e/Spooky_Standing_Lamp_NH_DIY_Icon.png
recipes,807bcb7deb49678b,https://dodo.ac/np/images/1/17/Cardboard_Sofa_NH_DIY_Icon.png
recipes,80990818abee43f5,https://dodo.ac/np/images/f/f4/Tree%27s_Bounty_Mobile_NH_DIY_Icon.png
recipes,81ffd3920611fd8d,https://dodo.ac/np/images/9/94/Cardboard_Bed_NH_DIY_Icon.png
recipes,8223b4f220ccee3f,https://dodo.ac/np/images/4/43/Knitted-Grass_Backpack_NH_DIY_Icon.png
recipes,82249428d822ccfd,https://dodo.ac/np/images/6/6b/Brown-Sugar_Cupcakes_NH_DIY_Icon.png
recipes,8233ac8e5f2ad6bf,https://dodo.ac/np/images/4/4a/Tall_Lantern_NH_DIY_Icon.png
recipes,8269de4d18633a7e,https://dodo.ac/np/images/2/24/Bunny_Day_Lamp_NH_DIY_Icon.png
recipes,8279944ec567db1a,https://dodo.ac/np/images/b/bb/Simple_Mum_Crown_NH_DIY_Icon.png
recipes,82cc4602ab6ebaad,https://dodo.ac/np/images/3/32/Mermaid_Flooring_NH_DIY_Icon.png
recipes,836427bcd0a80541,https://dodo.ac/np/images/0/01/Bunny_Day_Crown_NH_DIY_Icon.png
recipes,838238765099f942,https://dodo.ac/np/images/f/f2/Low_Marble_Island_Counter_NH_DIY_Icon.png
recipes,83a27eaaab1259bc,https://dodo.ac/np/images/5/5e/Stacked_Senmaizuke_Barrels_NH_DIY_Icon.png
recipes,83ad5acf9b2014bb,https://dodo.ac/np/images/0/06/Concrete_Pillar_NH_DIY_Icon.png
recipes,83f36826730f7fe1,https://dodo.ac/np/images/c/c1/Iron_Wall_Lamp_NH_DIY_Icon.png
recipes,840e416442a0727e,https://dodo.ac/np/images/c/c8/Pull-Apart_Bread_NH_DIY_Icon.png
recipes,847682dd9b411030,https://dodo.ac/np/images/3/32/Carrot_Scones_NH_DIY_Icon.png
recipes,849cd1582c7594ac,https://dodo.ac/np/images/6/62/Document_Stack_NH_DIY_Icon.png
recipes,84ad5db251caa619,https://dodo.ac/np/images/1/1f/Golden_Dung_Beetle_NH_DIY_Icon.png
recipes,84b2ea1ed38ef4eb,https://dodo.ac/np/images/c/cc/Coconut_Cookies_NH_DIY_Icon.png
recipes,84d3f463653bc783,https://dodo.ac/np/images/6/69/Chic_Tulip_Crown_NH_DIY_Icon.png
recipes,85ce86458281adb3,https://dodo.ac/np/images/0/08/Wooden_Simple_Bed_NH_DIY_Icon.png
recipes,85eabe1726c0900a,https://dodo.ac/np/images/b/bb/Ornament_Table_Lamp_NH_DIY_Icon.png
recipes,862e0fca6411a96e,https://dodo.ac/np/images/a/aa/Pumpkin_Pound_Cake_NH_DIY_Icon.png
recipes,864ec9028be7360f,https://dodo.ac/np/images/f/f0/Mermaid_Wall_NH_DIY_Icon.png
recipes,8703a07c4fae80a0,https://dodo.ac/np/images/e/e2/Pile_of_Zen_Cushions_NH_DIY_Icon.png
recipes,87386c7fea5856d7,https://dodo.ac/np/images/c/cb/Pile_of_Cardboard_Boxes_NH_DIY_Icon.png
recipes,8802e0ea48d5279a,https://dodo.ac/np/images/3/3a/Cherry_Hat_NH_DIY_Icon.png
recipes,882515afb7e31bbb,https://dodo.ac/np/images/4/47/Rope-Net_Wall_NH_DIY_Icon.png
recipes,8956d9312a381861,https://dodo.ac/np/images/6/61/Hyacinth_Wand_NH_DIY_Icon.png
recipes,8967ce9635f95c82,https://dodo.ac/np/images/5/5c/Wood-Egg_Shoes_NH_DIY_Icon.png
recipes,8a11393d14de96f9,https://dodo.ac/np/images/a/ab/Rose_Wand_NH_DIY_Icon.png
recipes,8a50e6ed7300137b,https://dodo.ac/np/images/8/8e/Apple_Smoothie_NH_DIY_Icon.png
recipes,8aae70ed11768f50,https://dodo.ac/np/images/d/d9/Grass_Skirt_NH_DIY_Icon.png
recipes,8b1a9e2c981fb242,https://dodo.ac/np/images/0/0b/Golden_Piggy_Bank_NH_DIY_Icon.png
recipes,8b33aa1b4ac5ed00,https://dodo.ac/np/images/7/76/Swinging_Bench_NH_DIY_Icon.png
recipes,8b57361305a085d7,https://dodo.ac/np/images/3/31/Cosmos_Wreath_NH_DIY_Icon.png
recipes,8bbd0009e7bc3306,https://dodo.ac/np/images/6/6e/Cosmos_Wand_NH_DIY_Icon.png
recipes,8bd00e2419cdb9f4,https://dodo.ac/np/images/d/d2/Traditional_Balancing_Toy_NH_DIY_Icon.png
recipes,8bedeebb6c763126,https://dodo.ac/np/images/b/bb/Paw-Print_Doorplate_NH_DIY_Icon.png
recipes,8bfcb5c359df29ef,https://dodo.ac/np/images/b/b0/Decayed_Tree_NH_DIY_Icon.png
recipes,8c1e05159f3ec02a,https://dodo.ac/np/images/8/82/Spooky_Fence_NH_DIY_Icon.png
recipes,8c50272f1cfc7372,https://dodo.ac/np/images/d/db/Pear_Umbrella_NH_DIY_Icon.png
recipes,8c76b43a58e875de,https://dodo.ac/np/images/5/5c/Tall_Marble_Island_Counter_NH_DIY_Icon.png
recipes,8c965c9de807bed4,https://dodo.ac/np/images/6/65/Grilled_Sea_Bass_with_Herbs_NH_DIY_Icon.png
recipes,8cc0a2561e41250a,https://dodo.ac/np/images/9/9f/Carrot-Tops_Curry_NH_DIY_Icon.png
recipes,8d11f79ba35a3d56,https://dodo.ac/np/images/3/31/Tree%27s_Bounty_Big_Tree_NH_DIY_Icon.png
recipes,8d1fb12bd7a06b69,https://dodo.ac/np/images/6/6a/Peach_Dress_NH_DIY_Icon.png
recipes,8d238cf4ebd82f4c,https://dodo.ac/np/images/d/d1/Peach_Jam_NH_DIY_Icon.png
recipes,8d618aa57470f080,https://dodo.ac/np/images/6/68/Doghouse_NH_DIY_Icon.png
recipes,8d70ea369840eb00,https://dodo.ac/np/images/2/2d/Thumbprint_Jam_Cookies_NH_DIY_Icon.png
recipes,8dafad36da12f95f,https://dodo.ac/np/images/a/a3/Juicy-Apple_TV_NH_DIY_Icon.png
recipes,8e3881aa17cf91b0,https://dodo.ac/np/images/d/d5/Bunny_Day_Wreath_NH_DIY_Icon.png
recipes,8f46f89180db8fb1,https://dodo.ac/np/images/f/fc/Sakura-Wood_Flooring_NH_DIY_Icon.png
recipes,8f59c1e55e8eac13,https://dodo.ac/np/images/3/3a/Brick_Oven_NH_DIY_Icon.png
recipes,8fa695bd4f900e39,https://dodo.ac/np/images/2/25/Peach_Rug_NH_DIY_Icon.png
recipes,90202e98a0ec26a6,https://dodo.ac/np/images/a/ae/Stone-Egg_Outfit_NH_DIY_Icon.png
recipes,90295f9c66ee411b,https://dodo.ac/np/images/5/56/Mush_Wall_NH_DIY_Icon.png
recipes,9114788818841b4a,https://dodo.ac/np/images/8/8f/Fruit-Topped_Pancakes_NH_DIY_Icon.png
recipes,914ec2f775d7a135,https://dodo.ac/np/images/8/80/Squid-Ink_Curry_NH_DIY_Icon.png
recipes,916e40936c35e423,https://dodo.ac/np/images/9/94/Angled_Signpost_NH_DIY_Icon.png
recipes,9170a867be87f852,https://dodo.ac/np/images/b/bd/Iron_Armor_NH_DIY_Icon.png
recipes,9175293e8d881708,https://dodo.ac/np/images/0/09/Brick_Fence_NH_DIY_Icon.png
recipes,919d399fe445bc8f,https://dodo.ac/np/images/6/69/Apple_Wall_NH_DIY_Icon.png
recipes,92655cfe90fe434a,https://dodo.ac/np/images/0/04/Three-Tiered_Snowperson_NH_DIY_Icon.png
recipes,92ca83f68e95f132,https://dodo.ac/np/images/2/20/Cherry-Blossom_Umbrella_NH_DIY_Icon.png
recipes,932c2feac59dd327,https://dodo.ac/np/images/5/5f/Pretty_Tulip_Wreath_NH_DIY_Icon.png
recipes,934fe090f3b2d8d9,https://dodo.ac/np/images/f/f5/Turkey_Day_Hearth_%28Fall_Harvest%29_NH_DIY_Icon.png
recipes,939023483a014dd7,https://dodo.ac/np/images/8/88/Ringtoss_NH_DIY_Icon.png
recipes,93cc031d591f2b2a,https://dodo.ac/np/images/a/aa/Birdbath_NH_DIY_Icon.png
recipes,93d1b4d463a87989,https://dodo.ac/np/images/c/c8/Brown-Sugar_Pound_Cake_NH_DIY_Icon.png
recipes,93f5ec0cc46d1396,https://dodo.ac/np/images/9/9a/Ornament_Wreath_NH_DIY_Icon.png
recipes,940ccd8a41002354,https://dodo.ac/np/images/b/b8/Mush_Partition_NH_DIY_Icon.png
recipes,9517bda5554756a4,https://dodo.ac/np/images/6/61/Shell_Rug_NH_DIY_Icon.png
recipes,9599c15b4d353ba8,https://dodo.ac/np/images/c/c0/Tree_Standee_NH_DIY_Icon.png
recipes,95b3432daf6e638d,https://dodo.ac/np/images/8/83/Basket_Pack_NH_DIY_Icon.png
recipes,96c9ebf3a2288482,https://dodo.ac/np/images/4/42/Peach_Jelly_NH_DIY_Icon.png
recipes,97fb96a401317a60,https://dodo.ac/np/images/9/97/Blue_Rose_Wreath_NH_DIY_Icon.png
recipes,991599eaab6ac545,https://dodo.ac/np/images/4/45/Lily_Wand_NH_DIY_Icon.png
recipes,994f4eca1c83e113,https://dodo.ac/np/images/7/72/Poke_NH_DIY_Icon.png
recipes,99616ffa37f0bee7,https://dodo.ac/np/images/7/78/Tall_Wooden_Island_Counter_NH_DIY_Icon.png
recipes,996ccf987311260c,https://dodo.ac/np/images/5/5b/Orange_Rug_NH_DIY_Icon.png
recipes,99b52ca9ec2954df,https://dodo.ac/np/images/d/d7/Dark_Tulip_Wreath_NH_DIY_Icon.png
recipes,99cb3f750ba7fe11,https://dodo.ac/np/images/9/9a/Jingle_Wall_NH_DIY_Icon.png
recipes,99df0362451a7b22,https://dodo.ac/np/images/5/50/Hay_Bed_NH_DIY_Icon.png
recipes,99e95e510e91f3da,https://dodo.ac/np/images/4/4c/Pear_Pie_NH_DIY_Icon.png
recipes,99ebc4d4572d6713,https://dodo.ac/np/images/6/62/Pile_of_Cash_NH_DIY_Icon.png
recipes,9a818e86cbe062c3,https://dodo.ac/np/images/1/1c/Tall_Simple_Island_Counter_NH_DIY_Icon.png
recipes,9adb108e48ba89b6,https://dodo.ac/np/images/0/05/Garden_Wagon_NH_DIY_Icon.png
recipes,9af0f5b48ec8be91,https://dodo.ac/np/images/c/c6/Music_Stand_NH_DIY_Icon.png
recipes,9b2a93f75b7f74e9,https://dodo.ac/np/images/b/bc/Orange_Umbrella_NH_DIY_Icon.png
recipes,9b379a341b7eaae7,https://dodo.ac/np/images/7/79/Grass_Standee_NH_DIY_Icon.png
recipes,9b43fe849794f8bb,https://dodo.ac/np/images/5/58/Rocking_Chair_NH_DIY_Icon.png
recipes,9b501fb9bff1040c,https://dodo.ac/np/images/7/7e/Mushroom_Salad_NH_DIY_Icon.png
recipes,9c363438951b2e83,https://dodo.ac/np/images/7/77/Orange_Hat_NH_DIY_Icon.png
recipes,9d3140125efd7569,https://dodo.ac/np/images/c/c8/Mushroom_Pizza_NH_DIY_Icon.png
recipes,9d67cd87cb6ae0c5,https://dodo.ac/np/images/7/77/Pansy_Wand_NH_DIY_Icon.png
recipes,9d8e89cba7e621c1,https://dodo.ac/np/images/1/15/Carrot_Bagel_Sandwich_NH_DIY_Icon.png
recipes,9db119a15f298a12,https://dodo.ac/np/images/c/c0/Shell_Fountain_NH_DIY_Icon.png
recipes,9dcc2f8941e00664,https://dodo.ac/np/images/b/b8/Golden_Pillar_NH_DIY_Icon.png
recipes,9e15921a7582b543,https://dodo.ac/np/images/6/65/Kettlebell_NH_DIY_Icon.png
recipes,9e499c0aa2ed498e,https://dodo.ac/np/images/d/d5/Glowing-Moss_Stool_NH_DIY_Icon.png
recipes,9e70461c26f71e60,https://dodo.ac/np/images/e/ea/Marble_Pillar_NH_DIY_Icon.png
recipes,9ea34372a7e3b614,https://dodo.ac/np/images/e/e7/Brick_Pillar_NH_DIY_Icon.png
recipes,9f44ee9a82cf413a,https://dodo.ac/np/images/8/82/Log_Fence_NH_DIY_Icon.png
recipes,9f6285cee17d1aa2,https://dodo.ac/np/images/5/54/Taurus_Bathtub_NH_DIY_Icon.png
recipes,9f8de973548c06fc,https://dodo.ac/np/images/4/46/Sci-Fi_Wall_NH_DIY_Icon.png
recipes,a07372495ba2b540,https://dodo.ac/np/images/8/86/Wooden_Table_NH_DIY_Icon.png
recipes,a0eb72a38db1f294,https://dodo.ac/np/images/1/1d/Bamboo_Stool_NH_DIY_Icon.png
recipes,a0fcfe5105762295,https://dodo.ac/np/images/c/c9/Golden_Wristwatch_NH_DIY_Icon.png
recipes,a10eac2c2dfb4fa9,https://dodo.ac/np/images/2/27/Drinking_Fountain_NH_DIY_Icon.png
recipes,a12443b256f35c38,https://dodo.ac/np/images/5/55/Mermaid_Closet_NH_DIY_Icon.png
recipes,a152e31561a46040,https://dodo.ac/np/images/d/d2/Golden_Arowana_Model_NH_DIY_Icon.png
recipes,a15d587c96a3d678,https://dodo.ac/np/images/8/8e/Corrugated_Iron_Fence_NH_DIY_Icon.png
recipes,a19ec96481dd294b,https://dodo.ac/np/images/3/33/Scarecrow_NH_DIY_Icon.png
recipes,a1f1c1a7dca40af0,https://dodo.ac/np/images/2/20/Golden_Rod_NH_DIY_Icon.png
recipes,a228a097687f3bf2,https://dodo.ac/np/images/5/5e/Glowing-Moss_Statue_NH_DIY_Icon.png
recipes,a229ec90ae66c669,https://dodo.ac/np/images/1/1b/Maple-Leaf_Umbrella_NH_DIY_Icon.png
recipes,a2a75b45724f8d45,https://dodo.ac/np/images/8/8f/Starry-Sands_Flooring_NH_DIY_Icon.png
recipes,a2c0689f3670235e,https://dodo.ac/np/images/3/30/Virgo_Harp_NH_DIY_Icon.png
recipes,a30014c17b9ca433,https://dodo.ac/np/images/d/de/Cute_Rose_Crown_NH_DIY_Icon.png
recipes,a3d6f3b6a07edb54,https://dodo.ac/np/images/8/84/Fossil_Doorplate_NH_DIY_Icon.png
recipes,a40b06af7ac04ca7,https://dodo.ac/np/images/b/b2/Frozen_Table_NH_DIY_Icon.png
recipes,a4d611d31d4de77e,https://dodo.ac/np/images/5/5d/Ironwood_Cupboard_NH_DIY_Icon.png
recipes,a503496bbfa3fcfc,https://dodo.ac/np/images/f/f0/Garbage-Heap_Wall_NH_DIY_Icon.png
recipes,a506617f2556ce42,https://dodo.ac/np/images/7/7f/French_Fries_NH_DIY_Icon.png
recipes,a50e0a8230e7926c,https://dodo.ac/np/images/f/fa/Mixed-Fruits_Pie_NH_DIY_Icon.png
recipes,a5ad3c5d58200099,https://dodo.ac/np/images/4/4f/Chic_Mum_Crown_NH_DIY_Icon.png
recipes,a5b322742406310f,https://dodo.ac/np/images/d/da/Zen-Style_Stone_NH_DIY_Icon.png
recipes,a5d456871787d19a,https://dodo.ac/np/images/5/5f/Pear_Jam_NH_DIY_Icon.png
recipes,a5d6992aea667c0b,https://dodo.ac/np/images/e/e0/Bamboo_Shelf_NH_DIY_Icon.png
recipes,a65068c675f5cf7c,https://dodo.ac/np/images/5/58/Rope_Fence_NH_DIY_Icon.png
recipes,a679078c4f0f77f8,https://dodo.ac/np/images/d/d6/Holiday_Candle_NH_DIY_Icon.png
recipes,a6a41d8e8fb652e8,https://dodo.ac/np/images/9/9c/Ornament_Tree_NH_DIY_Icon.png
recipes,a707421eef82b54f,https://dodo.ac/np/images/5/5f/Leaf_NH_DIY_Icon.png
recipes,a78dcb27aaf2eacd,https://dodo.ac/np/images/1/17/Cherry_Speakers_NH_DIY_Icon.png
recipes,a7db7efee9af1282,https://dodo.ac/np/images/4/4f/Gold-Screen_Wall_NH_DIY_Icon.png
recipes,a84a9589dd9d65ac,https://dodo.ac/np/images/8/8f/Cancer_Table_NH_DIY_Icon.png
recipes,a87e7c226622f820,https://dodo.ac/np/images/9/95/Brown_Sugar_NH_DIY_Icon.png
recipes,a8a367dd4c9dee9c,https://dodo.ac/np/images/0/0a/Iron_Wall_Rack_NH_DIY_Icon.png
recipes,a8cd9260cb492a32,https://dodo.ac/np/images/3/30/Cherry-Blossom_Rug_NH_DIY_Icon.png
recipes,a8d500a939b402de,https://dodo.ac/np/images/1/1e/Turkey_Day_Casserole_%28Fall_Harvest%29_NH_DIY_Icon.png
recipes,a92b80c8646629e4,https://dodo.ac/np/images/c/c4/Wooden-Mosaic_Wall_NH_DIY_Icon.png
recipes,a93f3a218ceddae7,https://dodo.ac/np/images/c/c5/Ornament_Garland_NH_DIY_Icon.png
recipes,a9433ec60a057d7b,https://dodo.ac/np/images/5/5f/Tomato_Puree_NH_DIY_Icon.png
recipes,a96bb43b49cb16ec,https://dodo.ac/np/images/4/48/Wooden_Pillar_NH_DIY_Icon.png
recipes,a9e9a597d8914281,https://dodo.ac/np/images/6/65/Mermaid_Fence_NH_DIY_Icon.png
recipes,aa120882dca1e8eb,https://dodo.ac/np/images/3/39/Potted_Ivy_NH_DIY_Icon.png
recipes,aa36c7064d727747,https://dodo.ac/np/images/8/85/Wooden-Plank_Sign_NH_DIY_Icon.png
recipes,abbb57ec53185e6f,https://dodo.ac/np/images/6/61/Bunny_Day_Stool_NH_DIY_Icon.png
recipes,abf58b0e52bc24fa,https://dodo.ac/np/images/a/ae/Frozen_Mini_Snowperson_NH_DIY_Icon.png
recipes,ac268f8774ab7f8e,https://dodo.ac/np/images/2/29/Mountain_Standee_NH_DIY_Icon.png
recipes,ac93b17ac273cc50,https://dodo.ac/np/images/9/9a/Golden_Slingshot_NH_DIY_Icon.png
recipes,acacebea5be46d0b,https://dodo.ac/np/images/c/c4/Spooky_Arch_NH_DIY_Icon.png
recipes,ad549b6a9bb03543,https://dodo.ac/np/images/1/12/Leaf-Egg_Outfit_NH_DIY_Icon.png
recipes,adc3f76c52757403,https://dodo.ac/np/images/9/96/Mermaid_Bed_NH_DIY_Icon.png
recipes,ae31d135273526f5,https://dodo.ac/np/images/0/0d/Manhole_Cover_NH_DIY_Icon.png
recipes,ae5f38bc74006085,https://dodo.ac/np/images/6/66/Pansy_Crown_NH_DIY_Icon.png
recipes,af84b2956f5c163e,https://dodo.ac/np/images/7/76/Yellow_Star_Rug_NH_DIY_Icon.png
recipes,af86418ee6b7afda,https://dodo.ac/np/images/d/df/Stacked_Shopping_Baskets_NH_DIY_Icon.png
recipes,b02988c4ca8bcb0e,https://dodo.ac/np/images/9/9e/Golden_Net_NH_DIY_Icon.png
recipes,b0bfc09c7609f83c,https://dodo.ac/np/images/c/c0/Leaf_Stool_NH_DIY_Icon.png
recipes,b0ed8d54a19696c8,https://dodo.ac/np/images/6/6e/Donation_Box_NH_DIY_Icon.png
recipes,b10f0871da9d3602,https://dodo.ac/np/images/1/16/Cherry_Wall_NH_DIY_Icon.png
recipes,b133120325909cbb,https://dodo.ac/np/images/0/0b/Cherry_Jelly_NH_DIY_Icon.png
recipes,b1ac5b5d2c6bcdb7,https://dodo.ac/np/images/b/bf/Apple_Umbrella_NH_DIY_Icon.png
recipes,b27de6890cde2717,https://dodo.ac/np/images/5/56/Glowing-Moss_Hood_NH_DIY_Icon.png
recipes,b284b0252e197d7e,https://dodo.ac/np/images/4/44/Wooden_Full-Length_Mirror_NH_DIY_Icon.png
recipes,b287ef1be46065ed,https://dodo.ac/np/images/2/2d/Champi%C3%B1ones_al_Ajillo_NH_DIY_Icon.png
recipes,b28c6b9fe38a1fac,https://dodo.ac/np/images/c/c2/Barrel_NH_DIY_Icon.png
recipes,b2dab96de3f137da,https://dodo.ac/np/images/4/43/Salmon_Sandwich_NH_DIY_Icon.png
recipes,b2e996a26efe0ed5,https://dodo.ac/np/images/a/ac/Old-Fashioned_Washtub_NH_DIY_Icon.png
recipes,b366643205e2be9b,https://dodo.ac/np/images/1/17/Pumpkin_Pie_NH_DIY_Icon.png
recipes,b3ad777e37efde97,https://dodo.ac/np/images/9/94/Bamboo_Flooring_NH_DIY_Icon.png
recipes,b4a81fa7da403f0a,https://dodo.ac/np/images/f/f0/Rustic-Stone_Wall_NH_DIY_Icon.png
recipes,b4c00ef690c8fa15,https://dodo.ac/np/images/4/48/Pear_Bed_NH_DIY_Icon.png
recipes,b4c8e9941a1d327d,https://dodo.ac/np/images/a/a4/Ladder_NH_DIY_Icon.png
recipes,b4eac2060e92cfbd,https://dodo.ac/np/images/4/47/Turkey_Day_Wheat_Decor_%28Fall_Harvest%29_NH_DIY_Icon.png
recipes,b5b2baf1303376a8,https://dodo.ac/np/images/4/46/Gong_NH_DIY_Icon.png
recipes,b60bfad1b869e068,https://dodo.ac/np/images/6/66/Nova_Light_NH_DIY_Icon.png
recipes,b6413e6cdf59c40a,https://dodo.ac/np/images/7/7d/Deer_Scare_NH_DIY_Icon.png
recipes,b696cdb76b78de59,https://dodo.ac/np/images/4/43/Purple_Hyacinth_Crown_NH_DIY_Icon.png
recipes,b69d89fdb1488d9b,https://dodo.ac/np/images/5/5b/Snack_Bread_NH_DIY_Icon.png
recipes,b7490cc3035aac91,https://dodo.ac/np/images/f/f0/Golden_Shovel_NH_DIY_Icon.png
recipes,b7683f2f49dd01c5,https://dodo.ac/np/images/e/e9/Street_Piano_NH_DIY_Icon.png
recipes,b7cb75112ff1a036,https://dodo.ac/np/images/a/a1/Cutting_Board_NH_DIY_Icon.png
recipes,b7dbdc6f4e685d03,https://dodo.ac/np/images/8/88/Coconut_Wall_Planter_NH_DIY_Icon.png
recipes,b8404ba38073397c,https://dodo.ac/np/images/e/e0/Golden_Flooring_NH_DIY_Icon.png
recipes,b89fb7819fdd5fc9,https://dodo.ac/np/images/6/6b/Lucky_Gold_Cat_NH_DIY_Icon.png
recipes,b8e6d7a169596f75,https://dodo.ac/np/images/d/d2/Pesce_All%27acqua_Pazza_NH_DIY_Icon.png
recipes,b9296c277069b019,https://dodo.ac/np/images/0/0f/Wooden_Ladder_Set-Up_Kit_NH_DIY_Icon.png
recipes,b9476577e37663c3,https://dodo.ac/np/images/b/b0/Orange_Marmalade_NH_DIY_Icon.png
recipes,b9723fb664141947,https://dodo.ac/np/images/a/a2/Pine_Bonsai_Tree_NH_DIY_Icon.png
recipes,b9729021a8ab6447,https://dodo.ac/np/images/c/c5/Ironwood_Table_NH_DIY_Icon.png
recipes,ba0d742694b72601,https://dodo.ac/np/images/8/80/Iron_Garden_Table_NH_DIY_Icon.png
recipes,ba2cc4b6bfd51513,https://dodo.ac/np/images/4/46/Starry-Sky_Wall_NH_DIY_Icon.png
recipes,ba523acb1fe51efa,https://dodo.ac/np/images/4/45/Starry-Skies_Rug_NH_DIY_Icon.png
recipes,badf6cae0382a2b3,https://dodo.ac/np/images/a/a4/Tulip_Surprise_Box_NH_DIY_Icon.png
recipes,baf579b3c809d53c,https://dodo.ac/np/images/d/d8/Western-Style_Stone_NH_DIY_Icon.png
recipes,bbbc04249284612d,https://dodo.ac/np/images/0/02/Woodland_Wall_NH_DIY_Icon.png
recipes,bc274c6636a3f191,https://dodo.ac/np/images/3/38/Festive_Wrapping_Paper_NH_DIY_Icon.png
recipes,bc2b003812d8241a,https://dodo.ac/np/images/9/9a/Bunny_Day_Wall_Clock_NH_DIY_Icon.png
recipes,bc5b84876687b432,https://dodo.ac/np/images/9/95/Mermaid_Screen_NH_DIY_Icon.png
recipes,bc68e9390dda18bf,https://dodo.ac/np/images/9/9a/Imperial_Pot_NH_DIY_Icon.png
recipes,bca1e6defbe170af,https://dodo.ac/np/images/8/8c/Armor_Shoes_NH_DIY_Icon.png
recipes,bdd4d21855b08892,https://dodo.ac/np/images/1/13/Plate_Armor_NH_DIY_Icon.png
recipes,be5377335f34686e,https://dodo.ac/np/images/1/1e/Barred-Knifejaw_Carpaccio_NH_DIY_Icon.png
recipes,beb8bb4338c5ea04,https://dodo.ac/np/images/b/b8/Barbell_NH_DIY_Icon.png
recipes,beda31fc6d47685f,https://dodo.ac/np/images/4/4c/Peach_Tart_NH_DIY_Icon.png
recipes,bf18af0ffe5d2bef,https://dodo.ac/np/images/c/c7/Moon_NH_DIY_Icon.png
recipes,bf21a54fabc40e40,https://dodo.ac/np/images/5/5c/Natural_Garden_Table_NH_DIY_Icon.png
recipes,bf26e87a7bcfba60,https://dodo.ac/np/images/3/36/Salad_NH_DIY_Icon.png
recipes,bf5df80e31ec515c,https://dodo.ac/np/images/9/90/Ironwood_Low_Table_NH_DIY_Icon.png
recipes,c044258be1970393,https://dodo.ac/np/images/4/49/Carpaccio_di_Capesante_NH_DIY_Icon.png
recipes,c06034c7984c9c2a,https://dodo.ac/np/images/8/8a/Wooden_Box_NH_DIY_Icon.png
recipes,c0fb8d0c1c010244,https://dodo.ac/np/images/6/6f/Fruit_Cupcakes_NH_DIY_Icon.png
recipes,c197f395b1cd8933,https://dodo.ac/np/images/5/5f/Magazine_Rack_NH_DIY_Icon.png
recipes,c1ae5fb97c317459,https://dodo.ac/np/images/0/03/Wooden-Block_Toy_NH_DIY_Icon.png
recipes,c1d193528b9779a9,https://dodo.ac/np/images/0/0b/Bunny_Day_Vanity_NH_DIY_Icon.png
recipes,c221cb6145042a5e,https://dodo.ac/np/images/f/f1/Gold-Nugget_Mining_Car_NH_DIY_Icon.png
recipes,c22576dc7cbc34e5,https://dodo.ac/np/images/b/b3/Mushroom_Crepe_NH_DIY_Icon.png
recipes,c2fda55f41ea1305,https://dodo.ac/np/images/b/bf/Bamboo_Doll_NH_DIY_Icon.png
recipes,c370c7361a201821,https://dodo.ac/np/images/1/16/Maple-Leaf_Pond_Stone_NH_DIY_Icon.png
recipes,c3834158373f4032,https://dodo.ac/np/images/4/4d/Windflower_Wand_NH_DIY_Icon.png
recipes,c38eab721b4e23f9,https://dodo.ac/np/images/a/ac/Mixed-Fruits_Crepe_NH_DIY_Icon.png
recipes,c3948984218ec639,https://dodo.ac/np/images/d/d8/Bamboo-Slats_Fence_NH_DIY_Icon.png
recipes,c3ba38a0cf93c046,https://dodo.ac/np/images/8/83/Salade_de_Carottes_R%C3%A2p%C3%A9es_NH_DIY_Icon.png
recipes,c416073450e725c9,https://dodo.ac/np/images/b/bf/Frozen_Floor_Tiles_NH_DIY_Icon.png
recipes,c470275cf5e41911,https://dodo.ac/np/images/c/c2/Plain_Wooden_Shop_Sign_NH_DIY_Icon.png
recipes,c49d8f282b4165a2,https://dodo.ac/np/images/6/63/Manga-Library_Wall_NH_DIY_Icon.png
recipes,c4d042c5ff54fb7b,https://dodo.ac/np/images/8/84/Apple_Tart_NH_DIY_Icon.png
recipes,c4e4c8e5e8a253ce,https://dodo.ac/np/images/8/85/Small_Cardboard_Boxes_NH_DIY_Icon.png
recipes,c50dbed6046b774f,https://dodo.ac/np/images/a/ae/Cherry_Lamp_NH_DIY_Icon.png
recipes,c51956b0da0c68f5,https://dodo.ac/np/images/0/07/Acoustic_Guitar_NH_DIY_Icon.png
recipes,c53587bf532316cf,https://dodo.ac/np/images/d/dd/Matryoshka_NH_DIY_Icon.png
recipes,c5e6c2d5a68936ff,https://dodo.ac/np/images/a/ab/Plain_Sink_NH_DIY_Icon.png
recipes,c6baae3a8155bf42,https://dodo.ac/np/images/d/d4/Dark_Rose_Wreath_NH_DIY_Icon.png
recipes,c6c3e2cddf24f723,https://dodo.ac/np/images/4/4e/Nice_Branch_NH_DIY_Icon.png
recipes,c6d68f8fb4f5a3f1,https://dodo.ac/np/images/3/39/Forest_Flooring_NH_DIY_Icon.png
recipes,c7704680fd913687,https://dodo.ac/np/images/9/92/Golden_Candlestick_NH_DIY_Icon.png
recipes,c7d21532dfd47e51,https://dodo.ac/np/images/e/e3/Giant_Ornament_NH_DIY_Icon.png
recipes,c7f695a958181703,https://dodo.ac/np/images/b/b3/Mixed-Fruits_Bagel_Sandwich_NH_DIY_Icon.png
recipes,c7fc2b4700e60e9f,https://dodo.ac/np/images/d/d6/Potato_Galette_NH_DIY_Icon.png
recipes,c81c0749060258df,https://dodo.ac/np/images/c/cd/Outdoor_Bath_NH_DIY_Icon.png
recipes,c88575e5b1cb9c9f,https://dodo.ac/np/images/d/de/Steamer-Basket_Set_NH_DIY_Icon.png
recipes,c8e351f6e14f33a6,https://dodo.ac/np/images/3/36/Hanging_Glowing_Moss_NH_DIY_Icon.png
recipes,c8e8e3549e893c77,https://dodo.ac/np/images/d/d2/Glowing-Moss-Jar_Shelves_NH_DIY_Icon.png
recipes,c8fdd9c97a850c41,https://dodo.ac/np/images/6/6c/Peach_Smoothie_NH_DIY_Icon.png
recipes,ca28a3ec29a1617d,https://dodo.ac/np/images/7/77/Spooky_Scarecrow_NH_DIY_Icon.png
recipes,ca4d9be642f39c99,https://dodo.ac/np/images/8/85/Squid-Ink_Spaghetti_NH_DIY_Icon.png
recipes,cafa7e67b5ac59e9,https://dodo.ac/np/images/a/a2/Sleigh_NH_DIY_Icon.png
recipes,cb1011424af9fa66,https://dodo.ac/np/images/a/ac/Flimsy_Axe_NH_DIY_Icon.png
recipes,cb837fc4c41b763d,https://dodo.ac/np/images/a/a3/Modern_Wood_Wall_NH_DIY_Icon.png
recipes,cb98b09a39419e38,https://dodo.ac/np/images/1/12/Mush_Table_NH_DIY_Icon.png
recipes,cbfe9dae86aa205b,https://dodo.ac/np/images/1/1d/Orange_End_Table_NH_DIY_Icon.png
recipes,cc4add0fab927c96,https://dodo.ac/np/images/1/19/Organic_Bread_NH_DIY_Icon.png
recipes,cc9f6f0232447576,https://dodo.ac/np/images/b/bc/Zen_Fence_NH_DIY_Icon.png
recipes,ccb61fed4d879541,https://dodo.ac/np/images/0/02/Round_Glowing-Moss_Rug_NH_DIY_Icon.png
recipes,ccc8edaf76e8684c,https://dodo.ac/np/images/3/3a/Ice_Wall_NH_DIY_Icon.png
recipes,ccf9b7ce678eeb5c,https://dodo.ac/np/images/e/eb/Lily_Record_Player_NH_DIY_Icon.png
recipes,cd33fbf9c3f92d95,https://dodo.ac/np/images/3/38/Maple-Leaf_Rug_NH_DIY_Icon.png
recipes,cd566c5db7ced2db,https://dodo.ac/np/images/c/cd/Wild_Log_Bench_NH_DIY_Icon.png
recipes,cd8244c501c04f3b,https://dodo.ac/np/images/a/a0/Straw_Umbrella_Hat_NH_DIY_Icon.png
recipes,cd88fbcddb3d3140,https://dodo.ac/np/images/6/60/Shell_Bed_NH_DIY_Icon.png
recipes,cd8fb73e33cab5f8,https://dodo.ac/np/images/2/21/Frying_Pan_NH_DIY_Icon.png
recipes,cdb47b2c6cbee2e9,https://dodo.ac/np/images/8/8f/Snowflake_Pochette_NH_DIY_Icon.png
recipes,ce01c559c875bd39,https://dodo.ac/np/images/f/f6/Spooky_Tower_NH_DIY_Icon.png
recipes,ce2bea83cba9dd8a,https://dodo.ac/np/images/b/b8/Water_Flooring_NH_DIY_Icon.png
recipes,ce6090c9935b7dcc,https://dodo.ac/np/images/3/35/Golden_Wand_NH_DIY_Icon.png
recipes,ce8afefdd40f2aa0,https://dodo.ac/np/images/b/b1/Stone_Wall_NH_DIY_Icon.png
recipes,ced276f9738c6b96,https://dodo.ac/np/images/d/d4/Iceberg_Flooring_NH_DIY_Icon.png
recipes,ced4897ba25b3932,https://dodo.ac/np/images/9/95/Roost_Sabl%C3%A9_Cookie_NH_DIY_Icon.png
recipes,ceeb5c1647020662,https://dodo.ac/np/images/f/fd/Log_Extra-Long_Sofa_NH_DIY_Icon.png
recipes,cf2abeb17fdc0537,https://dodo.ac/np/images/7/7d/Hearth_NH_DIY_Icon.png
recipes,cf825c2b05167054,https://dodo.ac/np/images/2/2b/Iron-and-Stone_Fence_NH_DIY_Icon.png
recipes,cfac23afbf246bcd,https://dodo.ac/np/images/4/4e/Golden_Bathtub_NH_DIY_Icon.png
recipes,cff67827dd6b6e0a,https://dodo.ac/np/images/9/90/Boomerang_NH_DIY_Icon.png
recipes,d000d3c4f076122e,https://dodo.ac/np/images/a/a3/Fountain_NH_DIY_Icon.png
recipes,d00b6c41babe4a18,https://dodo.ac/np/images/b/b0/Bamboo_Speaker_NH_DIY_Icon.png
recipes,d12f407a615c7e7f,https://dodo.ac/np/images/2/23/Big_Festive_Tree_NH_DIY_Icon.png
recipes,d1377a8df7c6d306,https://dodo.ac/np/images/7/7f/Oil-Barrel_Bathtub_NH_DIY_Icon.png
recipes,d194fbc128025d2e,https://dodo.ac/np/images/1/17/Fruit_Basket_NH_DIY_Icon.png
recipes,d1ef8ffb67d1b2d5,https://dodo.ac/np/images/2/20/Golden_Altar_NH_DIY_Icon.png
recipes,d215a6f78184b8a7,https://dodo.ac/np/images/e/ee/Tropical_Vista_NH_DIY_Icon.png
recipes,d28344e26e235504,https://dodo.ac/np/images/e/ee/Vine_Ladder_Set-Up_Kit_NH_DIY_Icon.png
recipes,d2d93355ed16a29d,https://dodo.ac/np/images/3/36/Stacked-Wood_Wall_NH_DIY_Icon.png
recipes,d33343fe3136f310,https://dodo.ac/np/images/4/45/Modeling_Clay_NH_DIY_Icon.png
recipes,d3828d1bcc93130c,https://dodo.ac/np/images/c/c9/Stone_Stool_NH_DIY_Icon.png
recipes,d3b050c9fd350bf0,https://dodo.ac/np/images/a/a0/Stone_Table_NH_DIY_Icon.png
recipes,d40e552ff6e763b1,https://dodo.ac/np/images/e/e1/Minestrone_Soup_NH_DIY_Icon.png
recipes,d451f228c02f238e,https://dodo.ac/np/images/9/95/Iron_Ladder_Set-Up_Kit_NH_DIY_Icon.png
recipes,d4a9ef889906297e,https://dodo.ac/np/images/9/98/Stone_Tablet_NH_DIY_Icon.png
recipes,d4e8efc14bf995af,https://dodo.ac/np/images/e/ed/Bamboo_Candleholder_NH_DIY_Icon.png
recipes,d4ffa116aaa80196,https://dodo.ac/np/images/3/3a/Orange_Tart_NH_DIY_Icon.png
recipes,d50b40de5a574c00,https://dodo.ac/np/images/d/d8/Sagittarius_Arrow_NH_DIY_Icon.png
recipes,d5583dc79cd5a1bb,https://dodo.ac/np/images/f/fb/Cool_Windflower_Crown_NH_DIY_Icon.png
recipes,d55f02445112cf9a,https://dodo.ac/np/images/0/04/Mushroom_Wreath_NH_DIY_Icon.png
recipes,d56342a714f06e47,https://dodo.ac/np/images/5/54/Pisces_Lamp_NH_DIY_Icon.png
recipes,d62e84032ee115ea,https://dodo.ac/np/images/6/6c/Low_Concrete_Island_Counter_NH_DIY_Icon.png
recipes,d64286757f1fdd83,https://dodo.ac/np/images/e/e3/Net_NH_DIY_Icon.png
recipes,d6ad89444f350cbd,https://dodo.ac/np/images/5/5e/Ski-Slope_Wall_NH_DIY_Icon.png
recipes,d6cc02905db34218,https://dodo.ac/np/images/4/41/Tall_Golden_Island_Counter_NH_DIY_Icon.png
recipes,d70a2b5e40cde193,https://dodo.ac/np/images/1/18/Corral_Fence_NH_DIY_Icon.png
recipes,d71b74b76df9ffaf,https://dodo.ac/np/images/5/52/Spooky_Treats_Basket_NH_DIY_Icon.png
recipes,d72c2c6014f51a4d,https://dodo.ac/np/images/8/85/Underwater_Flooring_NH_DIY_Icon.png
recipes,d7c9533ee359e251,https://dodo.ac/np/images/8/8f/Ukulele_NH_DIY_Icon.png
recipes,d7d5aa75d723ccd6,https://dodo.ac/np/images/e/e0/Tulip_Wand_NH_DIY_Icon.png
recipes,d845b8d2e55cb21f,https://dodo.ac/np/images/f/f6/Jarred_Bamboo_Shoots_NH_DIY_Icon.png
recipes,d86a5ddc02388b4b,https://dodo.ac/np/images/7/76/Glowing-Moss_Rug_NH_DIY_Icon.png
recipes,d878bc192269489e,https://dodo.ac/np/images/9/9b/Bamboo_Basket_NH_DIY_Icon.png
recipes,d8f112b91e56e91a,https://dodo.ac/np/images/c/c3/Vine_Garland_NH_DIY_Icon.png
recipes,d91236ab7b46b1a6,https://dodo.ac/np/images/b/bc/Frozen_Sculpture_NH_DIY_Icon.png
recipes,d927fe3704e1d624,https://dodo.ac/np/images/f/f8/Glowing-Moss_Headband_NH_DIY_Icon.png
recipes,d95cee2f76d216de,https://dodo.ac/np/images/9/94/Log_Decorative_Shelves_NH_DIY_Icon.png
recipes,d990a250e161785b,https://dodo.ac/np/images/0/08/Slingshot_NH_DIY_Icon.png
recipes,d9a8726a0a24ebe8,https://dodo.ac/np/images/a/af/Tree%27s_Bounty_Arch_NH_DIY_Icon.png
recipes,d9b34a490c4fd385,https://dodo.ac/np/images/3/3f/Blossom-Viewing_Lantern_NH_DIY_Icon.png
recipes,da1e0fe1617608aa,https://dodo.ac/np/images/f/f7/Frozen_Tree_NH_DIY_Icon.png
recipes,da3e4b2f91826ede,https://dodo.ac/np/images/b/b7/Chocolate_Herringbone_Wall_NH_DIY_Icon.png
recipes,da8bb96ab369046f,https://dodo.ac/np/images/4/4f/Tulip_Wreath_NH_DIY_Icon.png
recipes,db62046b0cd556ca,https://dodo.ac/np/images/b/bd/Spooky_Wand_NH_DIY_Icon.png
recipes,dbf058d152539e30,https://dodo.ac/np/images/8/83/Snowflake_Wall_NH_DIY_Icon.png
recipes,dc804fd9750bcbb2,https://dodo.ac/np/images/0/01/Iron_Doorplate_NH_DIY_Icon.png
recipes,dd0660a1904c110c,https://dodo.ac/np/images/1/17/Vine_Crown_NH_DIY_Icon.png
recipes,dd097888649dd8b7,https://dodo.ac/np/images/e/e2/Acorn_Rug_NH_DIY_Icon.png
recipes,dd2ecfae17c4d9db,https://dodo.ac/np/images/1/11/Signpost_NH_DIY_Icon.png
recipes,dd492b7a98b3dad3,https://dodo.ac/np/images/2/2d/Fruit_Wreath_NH_DIY_Icon.png
recipes,ddf6f49ae48c4e57,https://dodo.ac/np/images/4/42/Tulip_Crown_NH_DIY_Icon.png
recipes,de2dab083c71b72e,https://dodo.ac/np/images/4/45/Tire_Stack_NH_DIY_Icon.png
recipes,de50cf5c414f2f4d,https://dodo.ac/np/images/8/80/Bunny_Day_Wall_NH_DIY_Icon.png
recipes,de6e1945645d9989,https://dodo.ac/np/images/5/5e/Wooden-Block_Bookshelf_NH_DIY_Icon.png
recipes,de7cf6b713cb0c14,https://dodo.ac/np/images/1/1e/Frosted_Cookies_NH_DIY_Icon.png
recipes,de7dda92a657dfcf,https://dodo.ac/np/images/4/4b/Mermaid_Table_NH_DIY_Icon.png
recipes,df7860e69fa8a375,https://dodo.ac/np/images/e/e0/Golden_Dishes_NH_DIY_Icon.png
recipes,dfc9a155f59a6422,https://dodo.ac/np/images/4/4e/Tall_Concrete_Island_Counter_NH_DIY_Icon.png
recipes,e08ea37f5b898d1e,https://dodo.ac/np/images/f/fd/Hanging_Terrarium_NH_DIY_Icon.png
recipes,e09ecc308d982ef8,https://dodo.ac/np/images/5/5e/Fishing_Rod_NH_DIY_Icon.png
recipes,e0b2068788f18628,https://dodo.ac/np/images/a/a0/Fancy_Lily_Wreath_NH_DIY_Icon.png
recipes,e0b2b8dc691f7694,https://dodo.ac/np/images/b/be/Deer_Decoration_NH_DIY_Icon.png
recipes,e10267f022257fbd,https://dodo.ac/np/images/a/aa/Cherry_Dress_NH_DIY_Icon.png
recipes,e124cfd5c4a52fa5,https://dodo.ac/np/images/7/7c/Natural_Mum_Wreath_NH_DIY_Icon.png
recipes,e126407cce1e27c6,https://dodo.ac/np/images/f/fc/Honeycomb_Flooring_NH_DIY_Icon.png
recipes,e1372d5fdb0d1bf2,https://dodo.ac/np/images/6/65/Underwater_Wall_NH_DIY_Icon.png
recipes,e15a373a187e0748,https://dodo.ac/np/images/5/5a/Ornament_Crown_NH_DIY_Icon.png
recipes,e172d6b14f05a18d,https://dodo.ac/np/images/3/36/Low_Steel_Island_Counter_NH_DIY_Icon.png
recipes,e1ae8e975088df54,https://dodo.ac/np/images/a/a4/Lattice_Fence_NH_DIY_Icon.png
recipes,e1c33f5dc9cff5fa,https://dodo.ac/np/images/c/ce/Sci-Fi_Flooring_NH_DIY_Icon.png
recipes,e1cc98230121b4a8,https://dodo.ac/np/images/7/76/Medium_Wooden_Partition_NH_DIY_Icon.png
recipes,e213b162fafb421e,https://dodo.ac/np/images/0/0c/Sugar_Crepe_NH_DIY_Icon.png
recipes,e245822848bd5a86,https://dodo.ac/np/images/d/d3/Potato_Curry_NH_DIY_Icon.png
recipes,e252a8504feffa1e,https://dodo.ac/np/images/e/e0/Light_Bamboo_Rug_NH_DIY_Icon.png
recipes,e283bb542592489d,https://dodo.ac/np/images/c/c6/Box-Shaped_Seat_NH_DIY_Icon.png
recipes,e28d7d305463c30a,https://dodo.ac/np/images/b/be/Garden_Rock_NH_DIY_Icon.png
recipes,e3a85ab71ad2952a,https://dodo.ac/np/images/9/95/Forbidden_Altar_NH_DIY_Icon.png
recipes,e3f2ac6a1a862c7d,https://dodo.ac/np/images/1/19/Money_Flooring_NH_DIY_Icon.png
recipes,e3f8bc153d30b36f,https://dodo.ac/np/images/a/af/Wobbling_Zipper_Toy_NH_DIY_Icon.png
recipes,e53b7f2a86668629,https://dodo.ac/np/images/b/bc/Aji_Fry_NH_DIY_Icon.png
recipes,e5432b065e6c1fb4,https://dodo.ac/np/images/e/e0/Pretty_Cosmos_Wreath_NH_DIY_Icon.png
recipes,e54eed23f85a22ad,https://dodo.ac/np/images/5/51/Dark_Bamboo_Rug_NH_DIY_Icon.png
recipes,e570f16014695df4,https://dodo.ac/np/images/9/98/Campfire_NH_DIY_Icon.png
recipes,e5b2d66ea68fc272,https://dodo.ac/np/images/c/cf/Starry_Wall_NH_DIY_Icon.png
recipes,e5b7f74661d0efc1,https://dodo.ac/np/images/7/79/Orange_Smoothie_NH_DIY_Icon.png
recipes,e70f89afbdb53b59,https://dodo.ac/np/images/f/fb/Illuminated_Reindeer_NH_DIY_Icon.png
recipes,e71259110350d9c0,https://dodo.ac/np/images/1/16/Log_Stakes_NH_DIY_Icon.png
recipes,e7666ba902fd52cc,https://dodo.ac/np/images/7/75/Bunny_Day_Arch_NH_DIY_Icon.png
recipes,e786b14602d9eb7b,https://dodo.ac/np/images/d/d9/Golden_Gears_NH_DIY_Icon.png
recipes,e7b97e5270d3fbf7,https://dodo.ac/np/images/1/1a/Cherry-Blossom_Clock_NH_DIY_Icon.png
recipes,e88efa93ed15deb7,https://dodo.ac/np/images/1/17/Mixed-Fruits_Sandwich_NH_DIY_Icon.png
recipes,e955e5b745f8d041,https://dodo.ac/np/images/1/1e/Sky-Egg_Shell_NH_DIY_Icon.png
recipes,e96d86c844fafb64,https://dodo.ac/np/images/d/d7/Hyacinth_Lamp_NH_DIY_Icon.png
recipes,ea887e837c40092e,https://dodo.ac/np/images/8/8f/Ironwood_Kitchenette_NH_DIY_Icon.png
recipes,eaa3e8e62b067968,https://dodo.ac/np/images/7/73/Pear_Smoothie_NH_DIY_Icon.png
recipes,eac88c7fbc94245f,https://dodo.ac/np/images/6/6e/Round_Vine_Rug_NH_DIY_Icon.png
recipes,ead71f338c1f2b1f,https://dodo.ac/np/images/6/6b/Bonsai_Shelf_NH_DIY_Icon.png
recipes,eb13b6a7d6401aca,https://dodo.ac/np/images/a/a8/Colored-Leaves_Flooring_NH_DIY_Icon.png
recipes,eb83813467a11e12,https://dodo.ac/np/images/4/4f/Tall_Garden_Rock_NH_DIY_Icon.png
recipes,ec2090241415d3aa,https://dodo.ac/np/images/f/fc/Wooden_End_Table_NH_DIY_Icon.png
recipes,ec74ed308c2d72fd,https://dodo.ac/np/images/e/e5/Steel_Pillar_NH_DIY_Icon.png
recipes,ecb8bc0386fd8a3a,https://dodo.ac/np/images/4/4d/Jail_Bars_NH_DIY_Icon.png
recipes,ecd11902c64e58aa,https://dodo.ac/np/images/e/ed/Giant_Teddy_Bear_NH_DIY_Icon.png
recipes,ed1eefb2e87b2bf5,https://dodo.ac/np/images/1/1e/Pansy_Table_NH_DIY_Icon.png
recipes,ed1f7984ef05bfec,https://dodo.ac/np/images/1/12/Carrot_Cake_NH_DIY_Icon.png
recipes,ed2e52fd78b6bb99,https://dodo.ac/np/images/e/e5/Lily_Wreath_NH_DIY_Icon.png
recipes,ee55d4e835d689f9,https://dodo.ac/np/images/d/d2/Park_Fence_NH_DIY_Icon.png
recipes,ee98d01853ac8dc2,https://dodo.ac/np/images/3/3e/Clam_Chowder_NH_DIY_Icon.png
recipes,ef109571777fd347,https://dodo.ac/np/images/1/11/Wooden_Table_Mirror_NH_DIY_Icon.png
recipes,ef3a719c5acc9c8c,https://dodo.ac/np/images/1/10/Golden_Wall_NH_DIY_Icon.png
recipes,ef3e0a363d9738b9,https://dodo.ac/np/images/3/37/Bamboo_Wall_Decoration_NH_DIY_Icon.png
recipes,ef75a54ed3bb32b7,https://dodo.ac/np/images/6/66/Ruined_Broken_Pillar_NH_DIY_Icon.png
recipes,ef796f9537e5dfa7,https://dodo.ac/np/images/3/37/Scattered_Papers_NH_DIY_Icon.png
recipes,efec2e11aaff12c0,https://dodo.ac/np/images/a/a2/Lily_Crown_NH_DIY_Icon.png
recipes,f08a57a103ef25f3,https://dodo.ac/np/images/0/01/Glowing-Moss_Pond_NH_DIY_Icon.png
recipes,f0ba721537695ac1,https://dodo.ac/np/images/1/14/Kettle_Bathtub_NH_DIY_Icon.png
recipes,f0dcbe331b055d97,https://dodo.ac/np/images/3/3d/Cookies_NH_DIY_Icon.png
recipes,f0f2bd18ee3ccd0c,https://dodo.ac/np/images/e/e9/Outdoor_Picnic_Set_NH_DIY_Icon.png
recipes,f119547a3337ed0f,https://dodo.ac/np/images/4/45/Firewood_NH_DIY_Icon.png
recipes,f124d4fdebe1f928,https://dodo.ac/np/images/7/78/Tiny_Library_NH_DIY_Icon.png
recipes,f124e64f80a145b9,https://dodo.ac/np/images/a/a3/Earth-Egg_Outfit_NH_DIY_Icon.png
recipes,f1547abcda9d2cca,https://dodo.ac/np/images/0/0d/Bunny_Day_Festive_Balloons_NH_DIY_Icon.png
recipes,f17b0d0543ac56c9,https://dodo.ac/np/images/4/43/Orange_Pie_NH_DIY_Icon.png
recipes,f1947bab820d1a78,https://dodo.ac/np/images/d/d2/Iron_Closet_NH_DIY_Icon.png
recipes,f2454d3781760478,https://dodo.ac/np/images/b/bf/Straw_Fence_NH_DIY_Icon.png
recipes,f2e61a1d8a503f6d,https://dodo.ac/np/images/b/b5/Ruined_Seat_NH_DIY_Icon.png
recipes,f2fd403d969826ec,https://dodo.ac/np/images/6/69/Salmon_Bagel_Sandwich_NH_DIY_Icon.png
recipes,f2fedf4f4ddc23a8,https://dodo.ac/np/images/f/f7/Spooky_Trick_Lamp_NH_DIY_Icon.png
recipes,f3b387a212d43f23,https://dodo.ac/np/images/a/ab/Recycled-Can_Thumb_Piano_NH_DIY_Icon.png
recipes,f40279d8da10089a,https://dodo.ac/np/images/6/6d/Flimsy_Watering_Can_NH_DIY_Icon.png
recipes,f40738904235ebca,https://dodo.ac/np/images/9/99/Pizza_Margherita_NH_DIY_Icon.png
recipes,f415625e27f6aabe,https://dodo.ac/np/images/c/c6/Glowing-Moss_Flooring_NH_DIY_Icon.png
recipes,f43f7ac557787cb7,https://dodo.ac/np/images/e/ed/Golden_Axe_NH_DIY_Icon.png
recipes,f4b96748901f99fd,https://dodo.ac/np/images/f/fa/Shell_Music_Box_NH_DIY_Icon.png
recipes,f554bdda178b514e,https://dodo.ac/np/images/0/08/Hyacinth_Wreath_NH_DIY_Icon.png
recipes,f69ccc8c8716c678,https://dodo.ac/np/images/c/c6/Cute_Lily_Crown_NH_DIY_Icon.png
recipes,f6a7a27abbf8af85,https://dodo.ac/np/images/9/99/Plain_Scones_NH_DIY_Icon.png
recipes,f76f8dcf6f2a36cf,https://dodo.ac/np/images/4/4c/Open_Wooden_Shelves_NH_DIY_Icon.png
recipes,f78b5f2ff4fc652d,https://dodo.ac/np/images/f/fb/Water-Egg_Outfit_NH_DIY_Icon.png
recipes,f7c277d0cdccc058,https://dodo.ac/np/images/0/06/Stacked_Magazines_NH_DIY_Icon.png
recipes,f7fd714298b3f0f3,https://dodo.ac/np/images/3/3b/Cherry-Blossom_Branches_NH_DIY_Icon.png
recipes,f814c7874591aa65,https://dodo.ac/np/images/a/af/Medium_Cardboard_Boxes_NH_DIY_Icon.png
recipes,f841d903f1f9ff93,https://dodo.ac/np/images/d/db/Glowing-Moss_Wreath_NH_DIY_Icon.png
recipes,f88bc3b40437c32a,https://dodo.ac/np/images/d/dc/Turkey_Day_Table_Setting_%28Fall_Harvest%29_NH_DIY_Icon.png
recipes,f8b62b9eca616e0c,https://dodo.ac/np/images/d/d7/Bamboo_Lunch_Box_NH_DIY_Icon.png
recipes,f96a72cdaca731ff,https://dodo.ac/np/images/1/10/Kabu_Ankake_NH_DIY_Icon.png
recipes,faa599553fe989f1,https://dodo.ac/np/images/3/36/Lunar_Rover_NH_DIY_Icon.png
recipes,fae6d91f45141d3c,https://dodo.ac/np/images/0/07/Gold_Rose_Crown_NH_DIY_Icon.png
recipes,fb55631b18b15d34,https://dodo.ac/np/images/a/af/Mushroom_Curry_NH_DIY_Icon.png
recipes,fb78c92d75e12c32,https://dodo.ac/np/images/a/a4/Wooden-Block_Wall_Clock_NH_DIY_Icon.png
recipes,fb9a52e6fb7c6287,https://dodo.ac/np/images/2/29/Sardines_in_Oil_NH_DIY_Icon.png
recipes,fbdf26a00522d823,https://dodo.ac/np/images/c/c6/Tiki_Torch_NH_DIY_Icon.png
recipes,fbfd9af5fadd991d,https://dodo.ac/np/images/0/05/Ironwood_Chair_NH_DIY_Icon.png
recipes,fc7ca7ff8ba0a578,https://dodo.ac/np/images/4/4e/Peach_Pie_NH_DIY_Icon.png
recipes,fc95b58dcde60a67,https://dodo.ac/np/images/7/7c/Wave_Breaker_NH_DIY_Icon.png
recipes,fc9b13f87e3ca5ee,https://dodo.ac/np/images/d/df/Tension-Pole_Rack_NH_DIY_Icon.png
recipes,fcc60707e34d8c98,https://dodo.ac/np/images/8/8e/Crescent-Moon_Chair_NH_DIY_Icon.png
recipes,fd25aea2db8e0f79,https://dodo.ac/np/images/8/81/Senmaizuke_Barrel_NH_DIY_Icon.png
recipes,fd4c08a2766bb2c5,https://dodo.ac/np/images/9/99/Shell_Speaker_NH_DIY_Icon.png
recipes,fd55eb8bde22e14b,https://dodo.ac/np/images/9/93/Peach_Umbrella_NH_DIY_Icon.png
recipes,fdbd3d89120e11ce,https://dodo.ac/np/images/5/59/Carpaccio_di_Salmone_NH_DIY_Icon.png
recipes,fe408834b0f1c957,https://dodo.ac/np/images/2/22/Apple_Pie_NH_DIY_Icon.png
recipes,fe78dd3cd23b2c7d,https://dodo.ac/np/images/a/ae/Classic-Library_Wall_NH_DIY_Icon.png
recipes,fea55c46ec600282,https://dodo.ac/np/images/2/2a/Small_Wooden_Partition_NH_DIY_Icon.png
recipes,fedee3e748741f31,https://dodo.ac/np/images/b/bd/Succulent_Plant_NH_DIY_Icon.png
recipes,ff5c31ce8b2b561a,https://dodo.ac/np/images/b/bf/Iron_Frame_NH_DIY_Icon.png
recipes,ff65168c35da8ec9,https://dodo.ac/np/images/c/c2/Mush_Lamp_NH_DIY_Icon.png
recipes,ff8ce4a4f1873e4c,https://dodo.ac/np/images/e/e9/Pancakes_NH_DIY_Icon.png
recipes,ff94f1162c1159a3,https://dodo.ac/np/images/8/8a/Purple_Windflower_Crown_NH_DIY_Icon.png
recipes,ffb4d13ad4de45f2,https://dodo.ac/np/images/1/1b/Snazzy_Pansy_Wreath_NH_DIY_Icon.png
sea,013b1ae321ed05a1,https://dodo.ac/np/images/5/5e/Whelk_NH_Icon.png
sea,014a6c70dac90bc5,https://dodo.ac/np/images/7/7d/Mantis_Shrimp_NH_Icon.png
sea,02309ed137f6d957,https://dodo.ac/np/images/0/00/Giant_Isopod_NH_Icon.png
sea,0b2e9846a08b51a1,https://dodo.ac/np/images/a/aa/Spotted_Garden_Eel_NH_Icon.png
sea,0bb07ddadf17255e,https://dodo.ac/np/images/6/61/Sea_Pineapple_NH_Icon.png
sea,132b4744c1761787,https://dodo.ac/np/images/e/e9/Sea_Anemone_NH_Icon.png
sea,13c9887c0c22d593,https://dodo.ac/np/images/9/9d/Red_King_Crab_NH_Icon.png
sea,16b19619bc33fdc7,https://dodo.ac/np/images/6/6c/Sea_Star_NH_Icon.png
sea,19441ee0e9c160dc,https://dodo.ac/np/images/a/a9/Sea_Pig_NH_Icon.png
sea,1f9a75143c922954,https://dodo.ac/np/images/9/93/Turban_Shell_NH_Icon.png
sea,26acb380ca7d2dfe,https://dodo.ac/np/images/0/05/Slate_Pencil_Urchin_NH_Icon.png
sea,2aa67d90a0bb2d64,https://dodo.ac/np/images/5/55/Scallop_NH_Icon.png
sea,479bec50a402e66d,https://dodo.ac/np/images/c/ca/Gigas_Giant_Clam_NH_Icon.png
sea,510f30613819c6e9,https://dodo.ac/np/images/a/ac/Vampire_Squid_NH_Icon.png
sea,5196bc1437648ff6,https://dodo.ac/np/images/8/8c/Spiny_Lobster_NH_Icon.png
sea,618b888531bede4f,https://dodo.ac/np/images/0/04/Abalone_NH_Icon.png
sea,64038687e347a97b,https://dodo.ac/np/images/d/d3/Sweet_Shrimp_NH_Icon.png
sea,6424295ad358c8ab,https://dodo.ac/np/images/9/9c/Sea_Urchin_NH_Icon.png
sea,64d7be2f5aff5fbd,https://dodo.ac/np/images/5/58/Octopus_NH_Icon.png
sea,65ec2916b1f96470,https://dodo.ac/np/images/0/07/Flatworm_NH_Icon.png
sea,6c8fc7d29796f9f6,https://dodo.ac/np/images/7/78/Snow_Crab_NH_Icon.png
sea,71eed0dd8051d922,https://dodo.ac/np/images/6/65/Tiger_Prawn_NH_Icon.png
sea,78a80722a184a23d,https://dodo.ac/np/images/f/f3/Spider_Crab_NH_Icon.png
sea,790c01a99a51c551,https://dodo.ac/np/images/a/a4/Acorn_Barnacle_NH_Icon.png
sea,7ee4d9c9aaa1162a,https://dodo.ac/np/images/d/d0/Firefly_Squid_NH_Icon.png
sea,874183f0dd887888,https://dodo.ac/np/images/5/5b/Horseshoe_Crab_NH_Icon.png
sea,876467b1c906e28f,https://dodo.ac/np/images/6/6c/Mussel_NH_Icon.png
sea,8f0df69bfe1b3381,https://dodo.ac/np/images/0/0a/Pearl_Oyster_NH_Icon.png
sea,a12c9aae89b85772,https://dodo.ac/np/images/a/ac/Umbrella_Octopus_NH_Icon.png
sea,a4da99d7dddb1bd5,https://dodo.ac/np/images/6/65/Dungeness_Crab_NH_Icon.png
sea,aa5c7d8cec6a2f34,https://dodo.ac/np/images/5/54/Sea_Slug_NH_Icon.png
sea,b012f6257dd1d94b,https://dodo.ac/np/images/8/8c/Seaweed_NH_Icon.png
sea,b208cc87a6b0fee1,https://dodo.ac/np/images/f/f9/Moon_Jellyfish_NH_Icon.png
sea,bc30693a908e49d5,https://dodo.ac/np/images/6/60/Gazami_Crab_NH_Icon.png
sea,be36dfa8d32f0de6,https://dodo.ac/np/images/e/e7/Sea_Grapes_NH_Icon.png
sea,c965058073213909,https://dodo.ac/np/images/9/98/Chambered_Nautilus_NH_Icon.png
sea,cceb29fa8d81af83,https://dodo.ac/np/images/6/6a/Venus%27_Flower_Basket_NH_Icon.png
sea,ea7dc74d21a7c8ef,https://dodo.ac/np/images/a/a9/Lobster_NH_Icon.png
sea,ede290618bebc1f7,https://dodo.ac/np/images/9/9b/Sea_Cucumber_NH_Icon.png
sea,f02c9509dd6c77f5,https://dodo.ac/np/images/4/4d/Oyster_NH_Icon.png
special_items,006e58b5c0c82723,https://dodo.ac/np/images/3/31/Kimono_Sandals_%28Gray%29_NH_Icon.png
special_items,019c31da1fbaad41,https://dodo.ac/np/images/3/32/Festivale_Stage_%28Green%29_NH_Icon.png
special_items,02da0fb782875491,https://dodo.ac/np/images/b/b0/Vanilla_Soft_Serve_NH_Icon.png
special_items,04c926bf6d93d821,https://dodo.ac/np/images/0/06/Turkey_Day_Rug_NH_Icon.png
special_items,05897a688f05eacf,https://dodo.ac/np/images/7/77/Common_Butterfly_Model_NH_Icon.png
special_items,05d093d7a03a613e,https://dodo.ac/np/images/7/79/Tilapia_Model_NH_Icon.png
special_items,05df49e25ccd137d,https://dodo.ac/np/images/1/17/Boba_Green_Tea_NH_Icon.png
special_items,06165869d8c7e317,https://dodo.ac/np/images/1/14/Sturgeon_Model_NH_Icon.png
special_items,074600f52c5fc96b,https://dodo.ac/np/images/b/b1/Mom%27s_Knapsack_%28Forest_Print%29_NH_Icon.png
special_items,07db2aae12e64e6f,https://dodo.ac/np/images/7/73/Spooky_Table_Setting_NH_DIY_Icon.png
special_items,08162d6a9f2dd9d0,https://dodo.ac/np/images/f/f4/Mom%27s_Lively_Kitchen_Mat_NH_Icon.png
special_items,086e12daa62b3a62,https://dodo.ac/np/images/1/11/Mermaid_Wall_Clock_NH_DIY_Icon.png
special_items,087a27d4aa2bdd86,https://dodo.ac/np/images/8/8b/Canned_Green_Tea_NH_Icon.png
special_items,08ed924b89baa0d4,https://dodo.ac/np/images/e/ed/Canned_Grape_Juice_NH_Icon.png
special_items,0a52001018a5f20a,https://dodo.ac/np/images/f/fa/Cicada_Shell_Model_NH_Icon.png
special_items,0b1ea605a99f77da,https://dodo.ac/np/images/a/ab/Boba_Coffee_NH_Icon.png
special_items,0b3b54541cc68534,https://dodo.ac/np/images/8/8d/Migratory_Locust_Model_NH_Icon.png
special_items,0ba11a04c35c9b47,https://dodo.ac/np/images/4/4a/Wedding_Head_Table_%28Cute%29_NH_Icon.png
special_items,0bb36bc0f5b9e2bc,https://dodo.ac/np/images/5/53/Wedding_Cake_%28Cute%29_NH_Icon.png
special_items,0bd37e63c9718b48,https://dodo.ac/np/images/3/3c/Milkmaid_Hat_NH_Icon.png
special_items,0c33c822567327ea,https://dodo.ac/np/images/2/24/Matcha_Donut_NH_Icon.png
special_items,0c74cb3129385c1d,https://dodo.ac/np/images/3/30/Spooky_Chair_NH_DIY_Icon.png
special_items,0c95a54833c312c6,https://dodo.ac/np/images/e/e2/Angelfish_Model_NH_Icon.png
special_items,0d270f1d44bc630e,https://dodo.ac/np/images/4/45/Guppy_Model_NH_Icon.png
special_items,0df34b79df505171,https://dodo.ac/np/images/2/2f/Wedding_Welcome_Board_%28Cute_-_Message%29_NH_Icon.png
special_items,0e033126f2aefc31,https://dodo.ac/np/images/1/15/Orchid_Mantis_Model_NH_Icon.png
special_items,0e60ab52a27c23b9,https://dodo.ac/np/images/2/23/Sweetfish_Model_NH_Icon.png
special_items,0f3886584541a59b,https://dodo.ac/np/images/9/9c/Jack%27s_Robe_NH_Icon.png
special_items,0f4fc1f58d72bbec,https://dodo.ac/np/images/9/94/Butterfly_Fish_Model_NH_Icon.png
special_items,100b0a1c57a609b0,https://dodo.ac/np/images/7/7f/Sloppy_Sink_%28Light_Wood%29_NH_Icon.png
special_items,108fda93004b464b,https://dodo.ac/np/images/f/ff/Silk_Hat_%28Black%29_NH_Icon.png
special_items,10ad0122e4eac3d2,https://dodo.ac/np/images/a/a4/Pirate_Rug_NH_Icon.png
special_items,11b7ee677720826a,https://dodo.ac/np/images/b/b0/Butterflies_Wall_NH_Icon.png
special_items,11df22fb252ef573,https://dodo.ac/np/images/4/40/Bitter-Orange_Folding_Fan_NH_Icon.png
special_items,11e0e177b5c2adf2,https://dodo.ac/np/images/e/ed/Cooking_Recipes_Pack_NH_Icon.png
special_items,123080db242cc9c6,https://dodo.ac/np/images/6/62/Coin_Headpiece_NH_Icon.png
special_items,12772f74f2ff0a47,https://dodo.ac/np/images/c/cf/Fish-Print_Tee_NH_Icon.png
special_items,135efde9a2a6a229,https://dodo.ac/np/images/9/9d/Wharf_Roach_Model_NH_Icon.png
special_items,136faa80f6848b70,https://dodo.ac/np/images/9/9d/Rainbow_Feather_NH_Icon.png
special_items,13d988b5171628a5,https://dodo.ac/np/images/8/81/Spooky_Lantern_Set_NH_DIY_Icon.png
special_items,13dbe9c159ee3baa,https://dodo.ac/np/images/d/d6/Barred_Knifejaw_Model_NH_Icon.png
special_items,1441a819c2537a8c,https://dodo.ac/np/images/7/70/Pirate_Barrel_NH_Icon.png
special_items,147d32f673c27e24,https://dodo.ac/np/images/e/ec/Spooky_Carriage_%28Orange%29_NH_Icon.png
special_items,149345a2c8df9580,https://dodo.ac/np/images/4/4f/Fish_Umbrella_NH_Icon.png
special_items,14bc366fa57ff501,https://dodo.ac/np/images/8/8f/Special_Card_NH_Icon.png
special_items,152954685fddc1cd,https://dodo.ac/np/images/4/46/Green_Balloon_NH_Icon.png
special_items,1719ed6e54f4478c,https://dodo.ac/np/images/a/a4/Mom%27s_Tea_Cozy_%28Patterned%29_NH_Icon.png
special_items,194c3aa4850e5ec5,https://dodo.ac/np/images/c/c9/Great_White_Shark_Model_NH_Icon.png
special_items,19704ec3c811ae26,https://dodo.ac/np/images/a/aa/Mermaid_Shelf_NH_DIY_Icon.png
special_items,1a1246264377ceda,https://dodo.ac/np/images/a/ac/Mermaid_Vanity_NH_DIY_Icon.png
special_items,1a86130c272bf1e1,https://dodo.ac/np/images/1/1d/Pop-Eyed_Goldfish_Model_NH_Icon.png
special_items,1b1763cd61365fdd,https://dodo.ac/np/images/5/5b/Green_Wedding_Wall_NH_Icon.png
special_items,1b664844329b0f93,https://dodo.ac/np/images/3/30/Canned_Coffee_NH_Icon.png
special_items,1b7e61a4f754edba,https://dodo.ac/np/images/2/2e/Boba_Strawberry_Tea_NH_Icon.png
special_items,1b8f981fe0c1a50a,https://dodo.ac/np/images/4/4b/Spooky_Cookies_NH_DIY_Icon.png
special_items,1bed78c85fc6c7f2,https://dodo.ac/np/images/b/b7/Butterfly_Backpack_NH_Icon.png
special_items,1d780553414d8323,https://dodo.ac/np/images/5/50/Colorful_Light_Stick_NH_Icon.png
special_items,1e1a19a97d016243,https://dodo.ac/np/images/6/6f/Turkey_Day_Decorations_%28Fall_Harvest%29_NH_DIY_Icon.png
special_items,1e22bfb1d4a47a88,https://dodo.ac/np/images/b/b2/Sky-Blue_Folding_Fan_NH_Icon.png
special_items,1ecc3bc262f0a9b1,https://dodo.ac/np/images/0/0e/Pirate_Boots_NH_Icon.png
special_items,1ecdf0d93043ee8e,https://dodo.ac/np/images/1/14/Olive_Flounder_Model_NH_Icon.png
special_items,1f02b4a7231a3e9c,https://dodo.ac/np/images/c/cb/Firefly_Model_NH_Icon.png
special_items,1f584b406cab62d3,https://dodo.ac/np/images/3/38/Spooky_Table_Setting_%28Orange%29_NH_Icon.png
special_items,1fa0f25e1bbe042d,https://dodo.ac/np/images/c/c1/Mom%27s_Homemade_Cake_%28Cat%29_NH_Icon.png
special_items,204f8e721fe03b45,https://dodo.ac/np/images/a/a3/Birthday_Sign_%28Colorful%29_NH_Icon.png
special_items,20c961468ec5578a,https://dodo.ac/np/images/2/27/Football_Fish_Model_NH_Icon.png
special_items,20de74a63b3456ff,https://dodo.ac/np/images/b/b2/Spooky_Garland_NH_DIY_Icon.png
special_items,2101ac101f4df547,https://dodo.ac/np/images/3/33/Sloppy_Table_%28Light_Wood_-_Gardening%29_NH_Icon.png
special_items,2141710d990a6af0,https://dodo.ac/np/images/0/05/Olive-Flounder_Meuni%C3%A8re_NH_DIY_Icon.png
special_items,216165975a602e06,https://dodo.ac/np/images/5/5e/Dab_Model_NH_Icon.png
special_items,21c665700be7cfb0,https://dodo.ac/np/images/4/48/Green_Wedding_Flooring_NH_Icon.png
special_items,230a8a808d734edb,https://dodo.ac/np/images/f/f5/Festivale_Lamp_%28Green%29_NH_Icon.png
special_items,2334187533885041,https://dodo.ac/np/images/c/c9/Wedding_Pumps_NH_Icon.png
special_items,237d34b2e8b2159d,https://dodo.ac/np/images/b/b2/Carp_Model_NH_Icon.png
special_items,244329aa165fc931,https://dodo.ac/np/images/f/f1/Scorpion_Model_NH_Icon.png
special_items,245a21012e378539,https://dodo.ac/np/images/5/54/Sombrero_%28Red%29_NH_Icon.png
special_items,253248dc9222e640,https://dodo.ac/np/images/1/1f/Wedding_Wand_NH_DIY_Icon.png
special_items,25a0ee7c3ee22a61,https://dodo.ac/np/images/b/b8/Toy_Day_Stockings_NH_Icon.png
special_items,25a63eed1e0bc953,https://dodo.ac/np/images/9/93/Oarfish_Model_NH_Icon.png
special_items,25abc3d4530fbe4b,https://dodo.ac/np/images/c/c6/Tam-o%27-Shanter_%28Gray%29_NH_Icon.png
special_items,25f0149ec238649c,https://dodo.ac/np/images/1/1e/Centipede_Model_NH_Icon.png
special_items,27351136621068cc,https://dodo.ac/np/images/2/2e/Strawberry_Cone_NH_Icon.png
special_items,28656a370a897291,https://dodo.ac/np/images/2/25/Artisanal_Bug_Cage_NH_Icon.png
special_items,2905de4371b01e49,https://dodo.ac/np/images/c/cb/Hula_Doll_%28Green%29_NH_Icon.png
special_items,29cc38830de7fa42,https://dodo.ac/np/images/4/45/Birthday_Shades_%28Red%29_NH_Icon.png
special_items,2b8d2f8804bfd071,https://dodo.ac/np/images/a/a2/Barreleye_Model_NH_Icon.png
special_items,2bfc2dc23835c70c,https://dodo.ac/np/images/0/06/Tiger_Beetle_Model_NH_Icon.png
special_items,2e30b354e575d8b0,https://dodo.ac/np/images/a/a7/Salmon_Model_NH_Icon.png
special_items,2ea431cbe53ea551,https://dodo.ac/np/images/e/e1/Mantis_Model_NH_Icon.png
special_items,2eabf9c6d2a5c63e,https://dodo.ac/np/images/f/f9/Pill_Bug_Model_NH_Icon.png
special_items,2f55237458e3dd18,https://dodo.ac/np/images/9/9f/Turkey_Day_Garden_Stand_%28Fall_Harvest%29_NH_DIY_Icon.png
special_items,2fd14bd3f7201273,https://dodo.ac/np/images/9/9c/Lucky_Cat_%28White%29_NH_Icon.png
special_items,309022245e736240,https://dodo.ac/np/images/f/f5/Rainbow_Feather_NH_DIY_Icon.png
special_items,30e335d7f3d85324,https://dodo.ac/np/images/f/f1/Crawfish_Model_NH_Icon.png
special_items,312056abc172f544,https://dodo.ac/np/images/6/67/Red_Dragonfly_Model_NH_Icon.png
special_items,32660c8b2dffb33f,https://dodo.ac/np/images/1/16/Samurai_Wig_NH_Icon.png
special_items,34090ef88ece8da1,https://dodo.ac/np/images/9/99/Matcha-Vanilla_Soft_Serve_NH_Icon.png
special_items,34be3dd6fc0f45f4,https://dodo.ac/np/images/7/74/Wedding_Candle_Set_%28Cute%29_NH_Icon.png
special_items,35cd1c995b078106,https://dodo.ac/np/images/9/96/Spider_Model_NH_Icon.png
special_items,36ac69e61beb0f06,https://dodo.ac/np/images/8/89/Sea_Butterfly_Model_NH_Icon.png
special_items,36bc8eee1f7cc492,https://dodo.ac/np/images/3/33/Wedding_Flower_Stand_%28Cute%29_NH_Icon.png
special_items,3705f384264a5b99,https://dodo.ac/np/images/2/27/Ladybug_Rug_NH_Icon.png
special_items,3859fc4ca1f89034,https://dodo.ac/np/images/e/e3/Alpinist_Hat_%28Red%29_NH_Icon.png
special_items,38b24f14d348735a,https://dodo.ac/np/images/3/3b/Bubble_Blower_NH_Icon.png
special_items,39b013658791e5ff,https://dodo.ac/np/images/6/64/Bug_Cage_NH_Icon.png
special_items,3a3ba1a20cf56cd3,https://dodo.ac/np/images/7/73/Blowfish_Model_NH_Icon.png
special_items,3ad657fb20f3f10b,https://dodo.ac/np/images/8/86/Damselfly_Model_NH_Icon.png
special_items,3afc27dd459612bc,https://dodo.ac/np/images/c/c1/Shattered_Glasses_NH_Icon.png
special_items,3b31e51f1b6f206f,https://dodo.ac/np/images/8/85/Pirate_Flooring_NH_Icon.png
special_items,3c11a8ba253e6c82,https://dodo.ac/np/images/f/fe/Rainbow_Stag_Model_NH_Icon.png
special_items,3dcbf7d8813961c2,https://dodo.ac/np/images/c/c5/Wedding-Party_Wall_NH_Icon.png
special_items,3e4f485016dbe6eb,https://dodo.ac/np/images/7/71/Festivale_Float_NH_Icon.png
special_items,3ea27bfd67e052b7,https://dodo.ac/np/images/4/4d/Saw_Stag_Model_NH_Icon.png
special_items,3ed31dee9b48ca0b,https://dodo.ac/np/images/8/8b/Turkey_Day_Casserole_%28Fall_Harvest%29_NH_Icon.png
special_items,3fc559d0636cb2e1,https://dodo.ac/np/images/7/72/Marine_Pop_Wall_NH_Icon.png
special_items,401716ac4345b507,https://dodo.ac/np/images/7/76/Walker_Cicada_Model_NH_Icon.png
special_items,4019f53d3ec06ee6,https://dodo.ac/np/images/b/b8/Tower_of_Pisa_NH_Icon.png
special_items,407d4205913bf442,https://dodo.ac/np/images/7/76/Coelacanth_Model_NH_Icon.png
special_items,40cbc96605a06490,https://dodo.ac/np/images/f/fd/Brown_Wedding_Flooring_NH_Icon.png
special_items,42109514fd1820ff,https://dodo.ac/np/images/3/3c/M._Sunset_Moth_Model_NH_Icon.png
special_items,426d23bf0447405c,https://dodo.ac/np/images/e/ed/Turkey_Day_Table_%28Fall_Harvest%29_NH_DIY_Icon.png
special_items,42b7e5c96025f5be,https://dodo.ac/np/images/b/bd/Tackle_Bag_NH_Icon.png
special_items,42d79485ed6ff8b0,https://dodo.ac/np/images/c/ca/Fly_Model_NH_Icon.png
special_items,4422520e836f4ad9,https://dodo.ac/np/images/e/ea/Pirate_Pants_NH_Icon.png
special_items,44869227d27c5fcf,https://dodo.ac/np/images/5/54/Tangled_Cords_%28Black_%26_White%29_NH_Icon.png
special_items,45546bf3df06a535,https://dodo.ac/np/images/e/e4/Mermaid_Lamp_NH_DIY_Icon.png
special_items,45e4ffd742c05518,https://dodo.ac/np/images/9/92/Betta_Model_NH_Icon.png
special_items,471c57c82fed5213,https://dodo.ac/np/images/3/32/Boba_Mango_Tea_NH_Icon.png
special_items,4807de225fbb7326,https://dodo.ac/np/images/e/ed/Kaffiyeh_%28White%29_NH_Icon.png
special_items,485e5e86294733ae,https://dodo.ac/np/images/d/d0/South_Pole_NH_Icon.png
special_items,48782a522b8225e9,https://dodo.ac/np/images/e/e7/Mermaid_Sofa_NH_DIY_Icon.png
special_items,488d1df7b47a152f,https://dodo.ac/np/images/0/06/Horned_Dynastid_Model_NH_Icon.png
special_items,48cedd0f14ee3d0d,https://dodo.ac/np/images/f/f2/Wedding_Arch_%28Cute%29_NH_Icon.png
special_items,48ed7350801d2590,https://dodo.ac/np/images/c/c7/Ranchu_Goldfish_Model_NH_Icon.png
special_items,48edf813a0a17ada,https://dodo.ac/np/images/0/05/Spooky_Table_NH_DIY_Icon.png
special_items,49828df89f72deb8,https://dodo.ac/np/images/2/29/Gratin_NH_DIY_Icon.png
special_items,49be1c82fe970f94,https://dodo.ac/np/images/c/c8/Grand_B._Dragonfly_Model_NH_Icon.png
special_items,4a31770979c39375,https://dodo.ac/np/images/1/17/Bug_Wand_NH_Icon.png
special_items,4ae92468671117b1,https://dodo.ac/np/images/9/9f/Horned_Atlas_Model_NH_Icon.png
special_items,4b6773d62a543b07,https://dodo.ac/np/images/4/45/Freshwater_Goby_Model_NH_Icon.png
special_items,4c13dd205d7c339a,https://dodo.ac/np/images/b/bc/Wedding_Fence_NH_DIY_Icon.png
special_items,4c83bed14c7d2719,https://dodo.ac/np/images/b/bf/Blue_Marlin_Model_NH_Icon.png
special_items,4faf1b210bf55304,https://dodo.ac/np/images/f/fc/Tarantula_Model_NH_Icon.png
special_items,528bcd2f00332aea,https://dodo.ac/np/images/c/ce/Birthday_Cake_%28Whipped-Cream_Topping%29_NH_Icon.png
special_items,52a751d7a666e131,https://dodo.ac/np/images/d/dd/Flea_Model_NH_Icon.png
special_items,53ce6afd423e1cd3,https://dodo.ac/np/images/6/6c/Festivale_Balloon_Lamp_%28Green%29_NH_Icon.png
special_items,5532305c3f8bad18,https://dodo.ac/np/images/5/5f/Turkey_Day_Chair_%28Fall_Harvest%29_NH_DIY_Icon.png
special_items,553a50be0d0e5982,https://dodo.ac/np/images/7/7f/Fresh_Cooler_NH_Icon.png
special_items,55467aa6c4c716b9,https://dodo.ac/np/images/f/f4/Turkey_Day_Flooring_NH_Icon.png
special_items,556dd90bc89b8887,https://dodo.ac/np/images/a/a6/Mermaid_Shoes_%28Pink%29_NH_Icon.png
special_items,559ad011dcb4a035,https://dodo.ac/np/images/b/bf/Mermaid_Chair_NH_DIY_Icon.png
special_items,5666e463e76731ef,https://dodo.ac/np/images/7/74/Spooky_Tree_NH_DIY_Icon.png
special_items,57d8979842374089,https://dodo.ac/np/images/f/fc/Mitten_Crab_Model_NH_Icon.png
special_items,5850c0d0eef66e51,https://dodo.ac/np/images/0/07/Orange_Frozen_Treat_NH_Icon.png
special_items,590ea564bfb69e23,https://dodo.ac/np/images/9/9f/Toy_Centipede_NH_Icon.png
special_items,59923d23331205dd,https://dodo.ac/np/images/2/2b/Geisha_Wig_%28Black%29_NH_Icon.png
special_items,5bd736b79626e1e2,https://dodo.ac/np/images/9/99/Rice_Grasshopper_Model_NH_Icon.png
special_items,5c264bb727a640c7,https://dodo.ac/np/images/4/40/Puffer_Fish_Model_NH_Icon.png
special_items,5c5cd804778a9cf5,https://dodo.ac/np/images/6/60/Pirate_Beard_NH_Icon.png
special_items,5cda800603533a02,https://dodo.ac/np/images/d/d9/Gift_Pile_NH_DIY_Icon.png
special_items,5ceb287121dd0d7e,https://dodo.ac/np/images/5/59/Mom%27s_Plushie_%28Bedford%29_NH_Icon.png
special_items,5cf9ba2df99f876a,https://dodo.ac/np/images/7/7b/Mole_Cricket_Model_NH_Icon.png
special_items,5d053764bf388a58,https://dodo.ac/np/images/c/c4/Evening_Cicada_Model_NH_Icon.png
special_items,5d17c31324d8e50a,https://dodo.ac/np/images/2/23/Mom%27s_Handmade_Apron_%28Flowers%29_NH_Icon.png
special_items,5e3003a5bc6b96a2,https://dodo.ac/np/images/2/28/Mom%27s_Candle_Set_%28Cubes%29_NH_Icon.png
special_items,5e3411a6888fe72c,https://dodo.ac/np/images/d/d6/Chocolate_Soft_Serve_NH_Icon.png
special_items,601dfe043050f29b,https://dodo.ac/np/images/8/8a/Snapping_Turtle_Model_NH_Icon.png
special_items,605bfd01324a68d7,https://dodo.ac/np/images/2/2e/Katana_%28Black%29_NH_Icon.png
special_items,610052d7f526cc38,https://dodo.ac/np/images/d/d8/Melon-Cheesecake_Cone_NH_Icon.png
special_items,6162e6268dc7027b,https://dodo.ac/np/images/5/55/Giant_Snakehead_Model_NH_Icon.png
special_items,61a8b485f78ecf61,https://dodo.ac/np/images/6/6c/Wedding_Tuxedo_NH_Icon.png
special_items,61ef67d31c3095e1,https://dodo.ac/np/images/4/4f/Monarch_Butterfly_Model_NH_Icon.png
special_items,623b76b2015b732b,https://dodo.ac/np/images/8/8f/Fish_Print_%28Giant_Trevally%29_NH_Icon.png
special_items,62d910ca9ca20cc5,https://dodo.ac/np/images/0/01/Rainbow_Soft_Serve_NH_Icon.png
special_items,6420136e1ac51143,https://dodo.ac/np/images/9/97/Spooky_Treats_Basket_%28Orange%29_NH_Icon.png
special_items,6544566c4fd04d92,https://dodo.ac/np/images/3/35/Nibble_Fish_Model_NH_Icon.png
special_items,65cb87a113acdfc1,https://dodo.ac/np/images/f/f9/Recycled-Paper_Bundle_%28Japanese_Newspapers%29_NH_Icon.png
special_items,668c9d52d5da7805,https://dodo.ac/np/images/8/8c/Stinkbug_Model_NH_Icon.png
special_items,66f5e6dff6e00fb8,https://dodo.ac/np/images/f/f2/Pirate-Ship_Helm_NH_Icon.png
special_items,673536ba219e066d,https://dodo.ac/np/images/f/f1/Pink_Balloon_NH_Icon.png
special_items,68901bd82ac5aa81,https://dodo.ac/np/images/9/9c/Great_Purple_Emperor_Model_NH_Icon.png
special_items,69090fba69ef89ea,https://dodo.ac/np/images/f/f0/Tuna_Model_NH_Icon.png
special_items,69bc8304448706b6,https://dodo.ac/np/images/b/b1/Hermit_Crab_Model_NH_Icon.png
special_items,6a17774c6e3b46c2,https://dodo.ac/np/images/d/dc/Spooky_Candy_Set_NH_DIY_Icon.png
special_items,6b782c7978fe5bd2,https://dodo.ac/np/images/a/aa/R._Brooke%27s_Birdwing_Model_NH_Icon.png
special_items,6b8c5f8fdccb8401,https://dodo.ac/np/images/e/e1/Spooky_Lantern_NH_DIY_Icon.png
special_items,6c7453211ad19e3c,https://dodo.ac/np/images/0/00/Canned_Sports_Drink_NH_Icon.png
special_items,6d4b7d928642fdbe,https://dodo.ac/np/images/a/ae/Golden_Stag_Model_NH_Icon.png
special_items,6f24c4826af18636,https://dodo.ac/np/images/0/0d/Pirate-Treasure_Robe_NH_Icon.png
special_items,6f6b3ad474776cc3,https://dodo.ac/np/images/3/36/Stonehenge_NH_Icon.png
special_items,6f72010c968f792e,https://dodo.ac/np/images/1/1a/Spider_Doorplate_%28Black%29_NH_Icon.png
special_items,6fb1ee650e99593c,https://dodo.ac/np/images/6/62/Boba_Milk_Tea_NH_Icon.png
special_items,6fbd019c42eb0780,https://dodo.ac/np/images/1/1a/Soft-Shelled_Turtle_Model_NH_Icon.png
special_items,6ff97da2da2b1fee,https://dodo.ac/np/images/8/83/Wedding_Pipe_Organ_%28White%29_NH_Icon.png
special_items,70745322b8ec85bd,https://dodo.ac/np/images/8/88/Sphinx_NH_Icon.png
special_items,7124cee398db7803,https://dodo.ac/np/images/7/74/Earth-Boring_Dung_B._Model_NH_Icon.png
special_items,71b87b187024a64a,https://dodo.ac/np/images/6/6e/Moldy_Dress_NH_Icon.png
special_items,7332c61473f58243,https://dodo.ac/np/images/7/71/Moth_Model_NH_Icon.png
special_items,734037f34f9712ca,https://dodo.ac/np/images/5/58/Pigtail_NH_Icon.png
special_items,73f4783b16bd13c4,https://dodo.ac/np/images/1/1d/Birthday_Candles_%28Colorful%29_NH_Icon.png
special_items,740786732fffb701,https://dodo.ac/np/images/7/71/Communicator_NH_Inv_Icon.png
special_items,746d4a7bd9fc8e2b,https://dodo.ac/np/images/8/8c/Walking_Leaf_Model_NH_Icon.png
special_items,74e4c33af67c04f6,https://dodo.ac/np/images/d/d1/Common_Bluebottle_Model_NH_Icon.png
special_items,756fc5891d6f738e,https://dodo.ac/np/images/b/bd/Grasshopper_Model_NH_Icon.png
special_items,760efa1e7bbdd597,https://dodo.ac/np/images/7/7a/Pearl_NH_Icon.png
special_items,762df91917d95b70,https://dodo.ac/np/images/e/e4/Dala_Horse_%28Red%29_NH_Icon.png
special_items,76466a29cc324839,https://dodo.ac/np/images/9/92/Saw_Shark_Model_NH_Icon.png
special_items,7658831b8a903c7b,https://dodo.ac/np/images/4/41/Mom%27s_Pen_Stand_%28Striped_House%29_NH_Icon.png
special_items,76a0ded02cc9d812,https://dodo.ac/np/images/1/1d/Horned_Elephant_Model_NH_Icon.png
special_items,76d76a1c803ed753,https://dodo.ac/np/images/e/e2/Grand_Q._A._Birdwing_Model_NH_Icon.png
special_items,76e4b69be5ec5820,https://dodo.ac/np/images/f/fc/Chocolate_Frozen_Treat_NH_Icon.png
special_items,77c5f832a12c4f87,https://dodo.ac/np/images/f/f7/Pirate%27s_Hat_NH_Icon.png
special_items,77fd00a8171ac954,https://dodo.ac/np/images/6/68/Char_Model_NH_Icon.png
special_items,78667334006f365f,https://dodo.ac/np/images/7/73/Cyclommatus_Stag_Model_NH_Icon.png
special_items,7aabe3f46a98cd27,https://dodo.ac/np/images/9/94/Mermaid_Dresser_NH_DIY_Icon.png
special_items,7ace11d62851bcdc,https://dodo.ac/np/images/e/e4/Mermaid_Fishy_Dress_%28Pink%29_NH_Icon.png
special_items,7bd271632662f69e,https://dodo.ac/np/images/9/94/Bitterling_Model_NH_Icon.png
special_items,7c3109fbf574909b,https://dodo.ac/np/images/e/e8/Jack%27s_Face_NH_Icon.png
special_items,7c3d27a7ae79458f,https://dodo.ac/np/images/2/21/Spooky_Carriage_NH_DIY_Icon.png
special_items,7c51bea76300aa38,https://dodo.ac/np/images/6/69/Mermaid_Rug_NH_DIY_Icon.png
special_items,7c7d2cf9be68e5a4,https://dodo.ac/np/images/9/9e/Pirate_Dress_%28Black%29_NH_Icon.png
special_items,7cea4737f6db04ee,https://dodo.ac/np/images/8/8f/Rosalia_Batesi_Beetle_Model_NH_Icon.png
special_items,7d19b06368c5c0e6,https://dodo.ac/np/images/4/45/Silver_Bug_Trophy_NH_Icon.png
special_items,7d99dd8435a19581,https://dodo.ac/np/images/1/1c/Pirate_Wall_NH_Icon.png
special_items,7dd3f9700e2e4767,https://dodo.ac/np/images/0/03/Ocean_Sunfish_Model_NH_Icon.png
special_items,7e1bfc040995ba2c,https://dodo.ac/np/images/0/01/Horse_Mackerel_Model_NH_Icon.png
special_items,7edef93fa0a130e7,https://dodo.ac/np/images/1/18/Turkey_Day_Decorations_%28Fall_Harvest%29_NH_Icon.png
special_items,7f9f1dd7e7ce7e58,https://dodo.ac/np/images/0/0e/Spooky_Standing_Lamp_NH_DIY_Icon.png
special_items,7fbd725cfd29000d,https://dodo.ac/np/images/c/c1/Wedding_Dress_NH_Icon.png
special_items,805252b20bc3d519,https://dodo.ac/np/images/1/14/Ripped_Doctor%27s_Coat_%28Red_Necktie%29_NH_Icon.png
special_items,810e51b184105fa1,https://dodo.ac/np/images/4/4b/Festivale_Flag_%28Green%29_NH_Icon.png
special_items,81137734a45935e3,https://dodo.ac/np/images/5/56/Robust_Cicada_Model_NH_Icon.png
special_items,821e6cb70447cc1d,https://dodo.ac/np/images/9/90/Mom%27s_Cushion_%28Red_with_Hearts%29_NH_Icon.png
special_items,82b9f28e1496eed0,https://dodo.ac/np/images/f/f7/Mom%27s_Reliable_Kitchen_Mat_NH_Icon.png
special_items,82cc4602ab6ebaad,https://dodo.ac/np/images/3/32/Mermaid_Flooring_NH_DIY_Icon.png
special_items,82f9075f430f3787,https://dodo.ac/np/images/1/12/Walking_Stick_Model_NH_Icon.png
special_items,835d1bf7a6112fd9,https://dodo.ac/np/images/e/e2/Bronze_Bug_Trophy_NH_Icon.png
special_items,836339ab37b0f870,https://dodo.ac/np/images/0/07/Surgeonfish_Model_NH_Icon.png
special_items,8460770a047b3abc,https://dodo.ac/np/images/f/fd/Gold_Fish_Trophy_NH_Icon.png
special_items,84b0290b3da70dc4,https://dodo.ac/np/images/7/74/Orange-Mint_Cone_NH_Icon.png
special_items,854fa1253dd40b07,https://dodo.ac/np/images/a/ae/Red_Wedding_Rug_NH_Icon.png
special_items,8607f57aa0fef0bb,https://dodo.ac/np/images/3/3d/Plain_Cotton_Candy_NH_Icon.png
special_items,86285ca4044ae829,https://dodo.ac/np/images/8/88/Anchor_Statue_%28Black%29_NH_Icon.png
special_items,8630f95fa07b6d90,https://dodo.ac/np/images/4/41/Wedding_Bench_%28Cute%29_NH_Icon.png
special_items,864ec9028be7360f,https://dodo.ac/np/images/f/f0/Mermaid_Wall_NH_DIY_Icon.png
special_items,8652b7f55bbfcf21,https://dodo.ac/np/images/3/38/Fish_Pochette_NH_Icon.png
special_items,8664f59b1944a85f,https://dodo.ac/np/images/d/dd/Torn_Pants_%28Gray%29_NH_Icon.png
special_items,86811ee40f22d4ff,https://dodo.ac/np/images/8/86/Sea_Horse_Model_NH_Icon.png
special_items,8863251a436ba0bc,https://dodo.ac/np/images/7/76/Baggy_Shirt_%28Gray%29_NH_Icon.png
special_items,88cf8e59888ef6bd,https://dodo.ac/np/images/8/82/Turkey_Day_Table_%28Fall_Harvest%29_NH_Icon.png
special_items,89393cfcce14c679,https://dodo.ac/np/images/5/5f/Elder_Mask_NH_Icon.png
special_items,89d3da08693849e4,https://dodo.ac/np/images/6/69/Loach_Model_NH_Icon.png
special_items,8a9a56df29aec107,https://dodo.ac/np/images/1/12/White_Wedding_Wall_NH_Icon.png
special_items,8b338aa42fb52307,https://dodo.ac/np/images/c/c6/Ancient_Administrator_Hat_NH_Icon.png
special_items,8b791ff4c827c914,https://dodo.ac/np/images/c/c3/Sloppy_Bed_%28Light_Wood_-_Beige%29_NH_Icon.png
special_items,8c1e05159f3ec02a,https://dodo.ac/np/images/8/82/Spooky_Fence_NH_DIY_Icon.png
special_items,8d39877a3c1f8f8d,https://dodo.ac/np/images/0/05/Snail_Model_NH_Icon.png
special_items,8d71026e57c9d28b,https://dodo.ac/np/images/6/66/Turkey_Day_Wheat_Decor_%28Fall_Harvest%29_NH_Icon.png
special_items,8d91ca4153ae3d88,https://dodo.ac/np/images/6/6a/Bell_Cricket_Model_NH_Icon.png
special_items,8dd60f9694ffe0bd,https://dodo.ac/np/images/9/99/Wedding_Shoes_NH_Icon.png
special_items,8e287a779ada1756,https://dodo.ac/np/images/4/44/Festivale_Parasol_%28Green%29_NH_Icon.png
special_items,8e7c3e65047d7813,https://dodo.ac/np/images/4/46/Bulb_Bopper_NH_Icon.png
special_items,8fca3492b58ab391,https://dodo.ac/np/images/3/3b/Toy_Cockroach_NH_Icon.png
special_items,928fc5cd46d22203,https://dodo.ac/np/images/6/6b/Strawberry_Cotton_Candy_NH_Icon.png
special_items,934fe090f3b2d8d9,https://dodo.ac/np/images/f/f5/Turkey_Day_Hearth_%28Fall_Harvest%29_NH_DIY_Icon.png
special_items,9399583422fda5e0,https://dodo.ac/np/images/0/0c/Black_Bass_Model_NH_Icon.png
special_items,94b19c541418d95c,https://dodo.ac/np/images/9/98/Stringfish_Model_NH_Icon.png
special_items,9524b114e1a59526,https://dodo.ac/np/images/d/d4/Spider_Web_NH_Icon.png
special_items,95cdccd7bbef2669,https://dodo.ac/np/images/f/fe/Moray_Eel_Model_NH_Icon.png
special_items,966fd2ca5dd0f419,https://dodo.ac/np/images/9/91/Mosquito_Model_NH_Icon.png
special_items,968af0cb46775295,https://dodo.ac/np/images/7/7e/Bagworm_Model_NH_Icon.png
special_items,97b2c93045c3d064,https://dodo.ac/np/images/5/51/Golden_Trout_Model_NH_Icon.png
special_items,9805dc8982505f41,https://dodo.ac/np/images/5/57/Blue_Wedding_Rug_NH_Icon.png
special_items,98d5f71fbd1f9447,https://dodo.ac/np/images/3/32/Fountain_Firework_NH_Icon.png
special_items,9925fe567cccb45c,https://dodo.ac/np/images/5/51/Fish-Drying_Rack_%28Fish%29_NH_Icon.png
special_items,996dfdd32e32f769,https://dodo.ac/np/images/5/52/Pirate_Outfit_%28Black%29_NH_Icon.png
special_items,99ec8b5456870602,https://dodo.ac/np/images/3/39/Turkey_Day_Table_Setting_%28Fall_Harvest%29_NH_Icon.png
special_items,9a471ff47f1f309a,https://dodo.ac/np/images/b/b2/Mermaid_Princess_Dress_%28Pink%29_NH_Icon.png
special_items,9ad82bbeed6641ec,https://dodo.ac/np/images/d/d2/Candy-Skull_Mask_%28Orange%29_NH_Icon.png
special_items,9b12afc1a6e89c71,https://dodo.ac/np/images/4/46/Mom%27s_Hand-Knit_Sweater_%28Quilted_Pattern%29_NH_Icon.png
special_items,9b2c96b61c534069,https://dodo.ac/np/images/8/8d/Koi_Model_NH_Icon.png
special_items,9b683f99274eac74,https://dodo.ac/np/images/4/46/Communicator_Part_NH_Inv_Icon.png
special_items,9c760cbc98d2583c,https://dodo.ac/np/images/1/12/Fish_Wand_NH_Icon.png
special_items,9d83b99d4969f227,https://dodo.ac/np/images/a/a9/Darner_Dragonfly_Model_NH_Icon.png
special_items,9da070292293db2b,https://dodo.ac/np/images/5/53/Grand_Goliath_Beetle_Model_NH_Icon.png
special_items,9eaa04874ba4e2f3,https://dodo.ac/np/images/1/1e/Cricket_Model_NH_Icon.png
special_items,9eb9142311050374,https://dodo.ac/np/images/f/f8/Bug_Aloha_Shirt_NH_Icon.png
special_items,9f3128d7252a6e88,https://dodo.ac/np/images/2/28/Cherry_Salmon_Model_NH_Icon.png
special_items,9f6de5d13533f93c,https://dodo.ac/np/images/7/73/Cornucopia_NH_Icon.png
special_items,9fa81f3becafb776,https://dodo.ac/np/images/8/8e/Pirate_Eye_Patch_NH_Icon.png
special_items,a04c2bfd4b45a51e,https://dodo.ac/np/images/4/49/Canned_Soda_NH_Icon.png
special_items,a099067040994eee,https://dodo.ac/np/images/5/5a/Dung_Beetle_Model_NH_Icon.png
special_items,a0acf3dad219865d,https://dodo.ac/np/images/5/50/Fishing-Rod_Stand_%28Natural%29_NH_Icon.png
special_items,a0f551050ff51240,https://dodo.ac/np/images/2/24/Blue_Weevil_Beetle_Model_NH_Icon.png
special_items,a12443b256f35c38,https://dodo.ac/np/images/5/55/Mermaid_Closet_NH_DIY_Icon.png
special_items,a1b1dacf5c36b2ba,https://dodo.ac/np/images/0/08/Turkey_Day_Wall_NH_Icon.png
special_items,a26bdc36f18585b2,https://dodo.ac/np/images/e/e3/Violin_Beetle_Model_NH_Icon.png
special_items,a29aff2f55dd81a9,https://dodo.ac/np/images/0/0d/Brown_Cicada_Model_NH_Icon.png
special_items,a34f356850700420,https://dodo.ac/np/images/d/d4/Fish_Doorplate_%28Light_Blue%29_NH_Icon.png
special_items,a36315b24dd21e42,https://dodo.ac/np/images/c/cd/Toy_Day_Sleigh_NH_Icon.png
special_items,a3a549982b7571c1,https://dodo.ac/np/images/0/02/Spooky_Candy_Set_%28Orange%29_NH_Icon.png
special_items,a52a94ca719d35fe,https://dodo.ac/np/images/1/1d/Birthday_Cupcake_NH_Icon.png
special_items,a70c867e3c720a15,https://dodo.ac/np/images/c/c0/Ant_Model_NH_Icon.png
special_items,a7a595e6741ec514,https://dodo.ac/np/images/f/f0/Turkey_Day_Chair_%28Fall_Harvest%29_NH_Icon.png
special_items,a8d500a939b402de,https://dodo.ac/np/images/1/1e/Turkey_Day_Casserole_%28Fall_Harvest%29_NH_DIY_Icon.png
special_items,a9b7b82546e20d6c,https://dodo.ac/np/images/2/25/Pirate-Treasure_Chest_NH_Icon.png
special_items,a9ca6251f5476f5c,https://dodo.ac/np/images/1/15/Giant_Water_Bug_Model_NH_Icon.png
special_items,a9e9a597d8914281,https://dodo.ac/np/images/6/65/Mermaid_Fence_NH_DIY_Icon.png
special_items,aa6493c26a101f9e,https://dodo.ac/np/images/8/85/Termite_Mound_NH_Icon.png
special_items,ab8a8a1d7c8ea314,https://dodo.ac/np/images/2/2d/Silver_Fish_Trophy_NH_Icon.png
special_items,ac9828324c5d4e29,https://dodo.ac/np/images/9/9d/Paper_Kite_Butterfly_Model_NH_Icon.png
special_items,acacebea5be46d0b,https://dodo.ac/np/images/c/c4/Spooky_Arch_NH_DIY_Icon.png
special_items,acc6ae118964d9ab,https://dodo.ac/np/images/c/ca/Turkey_Day_Hearth_%28Fall_Harvest%29_NH_Icon.png
special_items,adb97dcb221cae9d,https://dodo.ac/np/images/e/ed/Wedding_Table_%28Cute%29_NH_Icon.png
special_items,adc3f76c52757403,https://dodo.ac/np/images/9/96/Mermaid_Bed_NH_DIY_Icon.png
special_items,aef15131012a96b3,https://dodo.ac/np/images/c/c8/Arapaima_Model_NH_Icon.png
special_items,b04b4c1f4918450d,https://dodo.ac/np/images/c/cf/Holey_Socks_%28Blue%29_NH_Icon.png
special_items,b18db0a2ec2e3f12,https://dodo.ac/np/images/b/b8/Flower_Bopper_NH_Icon.png
special_items,b1e6f08f663cb521,https://dodo.ac/np/images/a/af/Mom%27s_Cool_Kitchen_Mat_NH_Icon.png
special_items,b332dc27a91faadb,https://dodo.ac/np/images/c/c6/Gold_Bug_Trophy_NH_Icon.png
special_items,b366643205e2be9b,https://dodo.ac/np/images/1/17/Pumpkin_Pie_NH_DIY_Icon.png
special_items,b445d8a35df1f4d5,https://dodo.ac/np/images/2/26/Blue_Balloon_NH_Icon.png
special_items,b4eac2060e92cfbd,https://dodo.ac/np/images/4/47/Turkey_Day_Wheat_Decor_%28Fall_Harvest%29_NH_DIY_Icon.png
special_items,b505b05ce6e96a7c,https://dodo.ac/np/images/9/9e/Pale_Chub_Model_NH_Icon.png
special_items,b6a6ec393e2b5697,https://dodo.ac/np/images/a/ab/Festivale_Confetti_Machine_%28Green%29_NH_Icon.png
special_items,b6b2ed83de5b00f8,https://dodo.ac/np/images/6/60/Sloppy_Sofa_%28Beige_-_White%29_NH_Icon.png
special_items,b6b94416d4421c20,https://dodo.ac/np/images/9/9e/Festive_Wrapping_Paper_NH_Icon.png
special_items,b7490cc3035aac91,https://dodo.ac/np/images/f/f0/Golden_Shovel_NH_DIY_Icon.png
special_items,b85960f615dff066,https://dodo.ac/np/images/8/8a/Scarab_Beetle_Model_NH_Icon.png
special_items,b9f42d17654fae30,https://dodo.ac/np/images/c/c3/Dirty_Tank_Top_%28White%29_NH_Icon.png
special_items,bb4f12f4b00b2708,https://dodo.ac/np/images/1/1c/Peacock_Butterfly_Model_NH_Icon.png
special_items,bc274c6636a3f191,https://dodo.ac/np/images/3/38/Festive_Wrapping_Paper_NH_DIY_Icon.png
special_items,bc5b84876687b432,https://dodo.ac/np/images/9/95/Mermaid_Screen_NH_DIY_Icon.png
special_items,bd149c76a0cc925a,https://dodo.ac/np/images/6/61/Grass-Green_Folding_Fan_NH_Icon.png
special_items,bdd0c7ee2165a297,https://dodo.ac/np/images/4/42/Honeybee_Model_NH_Icon.png
special_items,be87d79091756755,https://dodo.ac/np/images/7/7c/Sea_Captain%27s_Coat_%28Black%29_NH_Icon.png
special_items,beb1cca06c4c8ce8,https://dodo.ac/np/images/1/1a/Festivale_Stall_%28Green%29_NH_Icon.png
special_items,bf7a042153477ea7,https://dodo.ac/np/images/8/8f/Pagoda_%28Red%29_NH_Icon.png
special_items,c012aa68a54ec4f1,https://dodo.ac/np/images/0/0f/Magic_Bag_NH_Inv_Icon.png
special_items,c18bcf0021dca4f4,https://dodo.ac/np/images/8/86/Grand_H._Hercules_Model_NH_Icon.png
special_items,c1b56dafb27c1095,https://dodo.ac/np/images/5/54/Birthday_Table_%28Colorful%29_NH_Icon.png
special_items,c1bfbb2f78af9e69,https://dodo.ac/np/images/3/39/Mermaid_Tiara_NH_Icon.png
special_items,c25a233cbc9dedb5,https://dodo.ac/np/images/4/46/Dace_Model_NH_Icon.png
special_items,c316fcc1bead5c15,https://dodo.ac/np/images/d/d8/Statue_of_Liberty_NH_Icon.png
special_items,c38290209e44be03,https://dodo.ac/np/images/f/fb/Pirate-Treasure_Crown_NH_Icon.png
special_items,c3a4aefa58103c46,https://dodo.ac/np/images/3/34/Vanilla_Cone_NH_Icon.png
special_items,c3d7d2cbc6c959d3,https://dodo.ac/np/images/1/15/Ray_Model_NH_Icon.png
special_items,c50ac7bec5ec5af9,https://dodo.ac/np/images/0/06/Frog_Model_NH_Icon.png
special_items,c5b1cbfff9103d0d,https://dodo.ac/np/images/5/56/Giant_Stag_Model_NH_Icon.png
special_items,c659fc767f3b2314,https://dodo.ac/np/images/b/bb/Rusted_Part_NH_Icon.png
special_items,c6997b48cfeeec82,https://dodo.ac/np/images/2/29/King_Salmon_Model_NH_Icon.png
special_items,c6a7cae2d56d01b8,https://dodo.ac/np/images/1/17/Sideways_Pirate_Barrel_NH_Icon.png
special_items,c702d105a27d61f9,https://dodo.ac/np/images/a/ac/Pirate-Ship_Cannon_NH_Icon.png
special_items,c750f1d2a471e8a8,https://dodo.ac/np/images/7/7d/Wedding_Decoration_%28Cute%29_NH_Icon.png
special_items,c9850ccec70f9ad2,https://dodo.ac/np/images/3/3b/Grand_Giraffe_Stag_Model_NH_Icon.png
special_items,ca28a3ec29a1617d,https://dodo.ac/np/images/7/77/Spooky_Scarecrow_NH_DIY_Icon.png
special_items,ca61314b56f1f4f4,https://dodo.ac/np/images/0/0d/Goldfish_Model_NH_Icon.png
special_items,ca85db35f2cf4237,https://dodo.ac/np/images/7/7f/White_Wedding_Rug_NH_Icon.png
special_items,cb177a8231f8696e,https://dodo.ac/np/images/4/44/Ribbon_Eel_Model_NH_Icon.png
special_items,cc33ce46b09d5b77,https://dodo.ac/np/images/f/f8/Arowana_Model_NH_Icon.png
special_items,cc6053f9eb63fc54,https://dodo.ac/np/images/2/26/Pond_Smelt_Model_NH_Icon.png
special_items,cd146ea8b4d1c35f,https://dodo.ac/np/images/9/93/Crucian_Carp_Model_NH_Icon.png
special_items,cd2c631a15d07629,https://dodo.ac/np/images/a/a9/Agrias_Butterfly_Model_NH_Icon.png
special_items,cd7926b149b3cd38,https://dodo.ac/np/images/1/1d/Wedding_Chair_%28Cute%29_NH_Icon.png
special_items,ce01c559c875bd39,https://dodo.ac/np/images/f/f6/Spooky_Tower_NH_DIY_Icon.png
special_items,ce14f41c241fde39,https://dodo.ac/np/images/0/0e/Jack%27s_Portrait_NH_Icon.png
special_items,cea3bcdbc4ee39a6,https://dodo.ac/np/images/0/09/Strawberry_Donut_NH_Icon.png
special_items,cecfe7bc11be7604,https://dodo.ac/np/images/7/7a/Heart_Bopper_NH_Icon.png
special_items,cef27266ac82170e,https://dodo.ac/np/images/d/de/Ladybug_Model_NH_Icon.png
special_items,cef49c00c9a7b536,https://dodo.ac/np/images/4/40/Pocket_Magazine_%28Fashion%29_NH_Icon.png
special_items,cff3f96d807b7da3,https://dodo.ac/np/images/8/85/Suckerfish_Model_NH_Icon.png
special_items,d0010721530fa0f3,https://dodo.ac/np/images/f/f1/Party_Flooring_NH_Icon.png
special_items,d0a197acc8a3a05b,https://dodo.ac/np/images/d/d9/Saddled_Bichir_Model_NH_Icon.png
special_items,d1c420b482244bf9,https://dodo.ac/np/images/6/65/Whale_Shark_Model_NH_Icon.png
special_items,d1fe98a98e7ba3c5,https://dodo.ac/np/images/c/c5/Nutcracker_%28Red%29_NH_Icon.png
special_items,d2aa25cb666fe026,https://dodo.ac/np/images/e/e8/Clown_Fish_Model_NH_Icon.png
special_items,d2c0ee212c105217,https://dodo.ac/np/images/a/ab/Ramune-Soda_Frozen_Treat_NH_Icon.png
special_items,d32cc29706870f71,https://dodo.ac/np/images/a/ac/Heart_Crystal_NH_Icon.png
special_items,d35edb2664579a1b,https://dodo.ac/np/images/c/c3/Ramune-Soda-Lemon_Cone_NH_Icon.png
special_items,d3b461b7fa0c36be,https://dodo.ac/np/images/4/41/Gar_Model_NH_Icon.png
special_items,d4050b5f0279904d,https://dodo.ac/np/images/a/a3/Berry-Vanilla_Soft_Serve_NH_Icon.png
special_items,d40d8d367ab77df6,https://dodo.ac/np/images/7/70/Dorado_Model_NH_Icon.png
special_items,d470f848f3f8db27,https://dodo.ac/np/images/6/6d/Pirate_Bandanna_%28Black%29_NH_Icon.png
special_items,d471deff2d15ecde,https://dodo.ac/np/images/3/3b/Anchovy_Model_NH_Icon.png
special_items,d4ce07335d668fc7,https://dodo.ac/np/images/d/d1/Hammerhead_Shark_Model_NH_Icon.png
special_items,d71b74b76df9ffaf,https://dodo.ac/np/images/5/52/Spooky_Treats_Basket_NH_DIY_Icon.png
special_items,d73bbed17e833167,https://dodo.ac/np/images/8/87/Ramune-Soda_Cotton_Candy_NH_Icon.png
special_items,d799bc06e7abeebf,https://dodo.ac/np/images/8/89/Mom%27s_Embroidery_%28Flowers%29_NH_Icon.png
special_items,d8be1b6baccb2a7c,https://dodo.ac/np/images/6/6e/Pondskater_Model_NH_Icon.png
special_items,d917757ba4d499e1,https://dodo.ac/np/images/e/e9/Bridal_Veil_NH_Icon.png
special_items,da8a30762e804544,https://dodo.ac/np/images/8/80/Squid_Model_NH_Icon.png
special_items,dab91ffdc3154e5e,https://dodo.ac/np/images/d/d0/Moai_Statue_NH_Icon.png
special_items,db0799f70f1f5c5e,https://dodo.ac/np/images/f/f6/Drone_Beetle_Model_NH_Icon.png
special_items,db62046b0cd556ca,https://dodo.ac/np/images/b/bd/Spooky_Wand_NH_DIY_Icon.png
special_items,dd35c439ddffa73c,https://dodo.ac/np/images/0/00/Emperor_Butterfly_Model_NH_Icon.png
special_items,de40d9f1ad0b4d3b,https://dodo.ac/np/images/0/0b/Grand_Atlas_Moth_Model_NH_Icon.png
special_items,de7dda92a657dfcf,https://dodo.ac/np/images/4/4b/Mermaid_Table_NH_DIY_Icon.png
special_items,df12b10d94ba0473,https://dodo.ac/np/images/f/f4/Red_Sparkler_NH_Icon.png
special_items,e03b138f72485dea,https://dodo.ac/np/images/b/b3/Diving_Beetle_Model_NH_Icon.png
special_items,e048e986f1daf1a4,https://dodo.ac/np/images/1/1a/Party_Wall_NH_Icon.png
special_items,e23801e743c5217a,https://dodo.ac/np/images/7/77/Pyramid_NH_Icon.png
special_items,e26fe9e59a34c375,https://dodo.ac/np/images/9/99/Pocketbook_%28Novel%29_NH_Icon.png
special_items,e57a763ef9c89c50,https://dodo.ac/np/images/a/a1/Neon_Tetra_Model_NH_Icon.png
special_items,e5a5255a9b30ab3d,https://dodo.ac/np/images/6/6f/Rainbowfish_Model_NH_Icon.png
special_items,e5b3c84dbfb00102,https://dodo.ac/np/images/7/72/Wasp_Model_NH_Icon.png
special_items,e67d3173cb6e9be4,https://dodo.ac/np/images/5/5e/Napoleonfish_Model_NH_Icon.png
special_items,e73e56f2d3d7cb13,https://dodo.ac/np/images/e/e7/Mahi-Mahi_Model_NH_Icon.png
special_items,e77144c5acee0250,https://dodo.ac/np/images/0/07/Spooky_Trick_Lamp_%28Orange%29_NH_Icon.png
special_items,e855cd80a488b116,https://dodo.ac/np/images/c/cb/White_Wedding_Flooring_NH_Icon.png
special_items,e858076504e26fb3,https://dodo.ac/np/images/0/01/DIY_Pack_NH_Icon.png
special_items,e8766a610c241432,https://dodo.ac/np/images/0/02/Star_Bopper_NH_Icon.png
special_items,e9ea52aa4dd4a667,https://dodo.ac/np/images/a/aa/Nearly_Busted_Radio_%28Black%29_NH_Icon.png
special_items,eab0a6af7e34adc7,https://dodo.ac/np/images/c/cb/Red_Balloon_NH_Icon.png
special_items,eaf3af3a77db33b7,https://dodo.ac/np/images/8/85/Bronze_Fish_Trophy_NH_Icon.png
special_items,ebe85a7f52f906fe,https://dodo.ac/np/images/1/1b/Tadpole_Model_NH_Icon.png
special_items,ebfbae3f70169c78,https://dodo.ac/np/images/4/4a/Pinwheel_NH_Icon.png
special_items,ec27cce65310c4e4,https://dodo.ac/np/images/3/3f/Chocolate_Donut_NH_Icon.png
special_items,ecb6def93aeae60b,https://dodo.ac/np/images/2/28/Man-Faced_Stink_Bug_Model_NH_Icon.png
special_items,ed878feb35e114fe,https://dodo.ac/np/images/0/04/Canned_Tea_NH_Icon.png
special_items,ed8977f42801f689,https://dodo.ac/np/images/e/e8/Chocolate_Cone_NH_Icon.png
special_items,ee27589e97dfe697,https://dodo.ac/np/images/9/99/Pike_Model_NH_Icon.png
special_items,ee4f4e5adacbbef0,https://dodo.ac/np/images/7/7e/Giant_Trevally_Model_NH_Icon.png
special_items,ee98d01853ac8dc2,https://dodo.ac/np/images/3/3e/Clam_Chowder_NH_DIY_Icon.png
special_items,eeaacdc9140396c8,https://dodo.ac/np/images/7/73/Citrus_Long-Horned_B._Model_NH_Icon.png
special_items,eeed5a50de177edf,https://dodo.ac/np/images/0/03/Mom%27s_Playful_Kitchen_Mat_NH_Icon.png
special_items,efd45d466178c737,https://dodo.ac/np/images/2/27/Sea_Bass_Model_NH_Icon.png
special_items,f1326be239ba3977,https://dodo.ac/np/images/1/16/Melon_Cotton_Candy_NH_Icon.png
special_items,f2fedf4f4ddc23a8,https://dodo.ac/np/images/f/f7/Spooky_Trick_Lamp_NH_DIY_Icon.png
special_items,f3440260d26d951b,https://dodo.ac/np/images/1/10/Canned_Orange_Juice_NH_Icon.png
special_items,f3590373737190c4,https://dodo.ac/np/images/c/c1/Blue_Sparkler_NH_Icon.png
special_items,f3d3d6873bf75cb8,https://dodo.ac/np/images/0/0a/Ladybug_Umbrella_NH_Icon.png
special_items,f4c634b7a07a40d5,https://dodo.ac/np/images/6/6e/Catfish_Model_NH_Icon.png
special_items,f4ec6ac2a8b8aac6,https://dodo.ac/np/images/b/bc/Long_Locust_Model_NH_Icon.png
special_items,f503aaf8053a064c,https://dodo.ac/np/images/2/2f/Festivale_Garland_%28Green%29_NH_Icon.png
special_items,f604cd8ad032f342,https://dodo.ac/np/images/6/64/Mom%27s_Art_%28Still_Life%29_NH_Icon.png
special_items,f71ccd06d94dcf38,https://dodo.ac/np/images/d/d8/Veil_%28Pink%29_NH_Icon.png
special_items,f766c2f66e1bdb55,https://dodo.ac/np/images/2/21/Tweeter_NH_Icon.png
special_items,f81aed90b44e0466,https://dodo.ac/np/images/d/d1/Tubeteika_%28Red%29_NH_Icon.png
special_items,f84e0ab5097966c1,https://dodo.ac/np/images/c/c3/Canned_Apple_Juice_NH_Icon.png
special_items,f88bc3b40437c32a,https://dodo.ac/np/images/d/dc/Turkey_Day_Table_Setting_%28Fall_Harvest%29_NH_DIY_Icon.png
special_items,f88df93ee81fb201,https://dodo.ac/np/images/9/91/Birthday_Hat_%28Pink%29_NH_Icon.png
special_items,f89ebedeed0be6cd,https://dodo.ac/np/images/b/bf/Jewel_Beetle_Model_NH_Icon.png
special_items,f8a53d94931afee6,https://dodo.ac/np/images/b/b4/Tiger_Butterfly_Model_NH_Icon.png
special_items,f8b1253d322cb2eb,https://dodo.ac/np/images/9/99/Fish_Rug_NH_Icon.png
special_items,f8eda52a822df259,https://dodo.ac/np/images/2/2d/Uchiwa_Fan_NH_Icon.png
special_items,fa9b3cad5ef79792,https://dodo.ac/np/images/9/91/Mom%27s_Tissue_Box_%28Quilted_Pattern%29_NH_Icon.png
special_items,faf41c823e457120,https://dodo.ac/np/images/4/4f/Bluegill_Model_NH_Icon.png
special_items,fb8fa7b157ab3190,https://dodo.ac/np/images/2/22/Red_Snapper_Model_NH_Icon.png
special_items,fbb67a5a446a71b6,https://dodo.ac/np/images/d/dc/Peachy-Pink_Folding_Fan_NH_Icon.png
special_items,fc5c061973c49166,https://dodo.ac/np/images/8/80/Brown_Wedding_Wall_NH_Icon.png
special_items,fd9b27c5047fd0f1,https://dodo.ac/np/images/d/d8/Miyama_Stag_Model_NH_Icon.png
special_items,fdd9f83b4d666b5b,https://dodo.ac/np/images/b/bf/Turkey_Day_Garden_Stand_%28Fall_Harvest%29_NH_Icon.png
special_items,fe25c02cd83faa9a,https://dodo.ac/np/images/3/3f/Piranha_Model_NH_Icon.png
special_items,fe4a1de94fc6463e,https://dodo.ac/np/images/a/a1/Festivale_Drum_%28Green%29_NH_Icon.png
special_items,fe74d63cc9481272,https://dodo.ac/np/images/9/94/Killifish_Model_NH_Icon.png
special_items,fe918af3f232fb9d,https://dodo.ac/np/images/5/58/Turban_%28Pink%29_NH_Icon.png
special_items,ffa2b400e77cc4a7,https://dodo.ac/np/images/c/c4/Giant_Cicada_Model_NH_Icon.png
tools,02da0fb782875491,https://dodo.ac/np/images/b/b0/Vanilla_Soft_Serve_NH_Icon.png
tools,05cbd6b3c8a28407,https://dodo.ac/np/images/0/0d/Hyacinth_Wand_NH_Icon.png
tools,05df49e25ccd137d,https://dodo.ac/np/images/1/17/Boba_Green_Tea_NH_Icon.png
tools,087a27d4aa2bdd86,https://dodo.ac/np/images/8/8b/Canned_Green_Tea_NH_Icon.png
tools,08a2d6f7d5341f24,https://dodo.ac/np/images/6/63/Shovel_%28Red%29_NH_Icon.png
tools,08ed924b89baa0d4,https://dodo.ac/np/images/e/ed/Canned_Grape_Juice_NH_Icon.png
tools,0b0ab3273ca3d3f6,https://dodo.ac/np/images/9/98/Takeout_Coffee_NH_Icon.png
tools,0b1ea605a99f77da,https://dodo.ac/np/images/a/ab/Boba_Coffee_NH_Icon.png
tools,0bc57e60046ab355,https://dodo.ac/np/images/4/4d/Wand_NH_Icon.png
tools,0c33c822567327ea,https://dodo.ac/np/images/2/24/Matcha_Donut_NH_Icon.png
tools,0f64d285dd426132,https://dodo.ac/np/images/9/9c/Elephant_Watering_Can_%28Gray%29_NH_Icon.png
tools,111a78f2e6ef55cd,https://dodo.ac/np/images/d/d5/Colorful_Watering_Can_%28Yellow%29_NH_Icon.png
tools,11df22fb252ef573,https://dodo.ac/np/images/4/40/Bitter-Orange_Folding_Fan_NH_Icon.png
tools,152954685fddc1cd,https://dodo.ac/np/images/4/46/Green_Balloon_NH_Icon.png
tools,187bcd630d873a69,https://dodo.ac/np/images/6/6f/Fish_Fishing_Rod_%28Green%29_NH_Icon.png
tools,19182f06dd9888f1,https://dodo.ac/np/images/9/90/Net_%28Red%29_NH_Icon.png
tools,1b664844329b0f93,https://dodo.ac/np/images/3/30/Canned_Coffee_NH_Icon.png
tools,1b7e61a4f754edba,https://dodo.ac/np/images/2/2e/Boba_Strawberry_Tea_NH_Icon.png
tools,1d1bae8c29c16534,https://dodo.ac/np/images/2/2f/Shell_Wand_NH_Icon.png
tools,1d780553414d8323,https://dodo.ac/np/images/5/50/Colorful_Light_Stick_NH_Icon.png
tools,1e22bfb1d4a47a88,https://dodo.ac/np/images/b/b2/Sky-Blue_Folding_Fan_NH_Icon.png
tools,1e7941bdb7af99ea,https://dodo.ac/np/images/c/cd/Pan_Flute_NH_Icon.png
tools,1ed684c0e752900d,https://dodo.ac/np/images/8/80/Duster_NH_Icon.png
tools,1ef5102b2eaa31bc,https://dodo.ac/np/images/6/61/Golden_Ladder_Set-Up_Kit_NH_Icon.png
tools,22bc3cd24937cd78,https://dodo.ac/np/images/7/78/Megaphone_%28Switch_2%29_NH_Icon.png
tools,238c69442d649f1e,https://dodo.ac/np/images/2/2a/Colorful_Shovel_%28Yellow%29_NH_Icon.png
tools,27351136621068cc,https://dodo.ac/np/images/2/2e/Strawberry_Cone_NH_Icon.png
tools,2e7576faef7744b2,https://dodo.ac/np/images/1/1a/Dream_Ladder_NH_Icon.png
tools,2fa8a9c9dff2e47e,https://dodo.ac/np/images/6/6f/Ocarina_NH_Icon.png
tools,34090ef88ece8da1,https://dodo.ac/np/images/9/99/Matcha-Vanilla_Soft_Serve_NH_Icon.png
tools,347ff7131396c0b4,https://dodo.ac/np/images/9/94/Cosmos_Wand_NH_Icon.png
tools,3682448667ac3209,https://dodo.ac/np/images/0/0c/Colorful_Net_%28Yellow_%26_Orange%29_NH_Icon.png
tools,38b24f14d348735a,https://dodo.ac/np/images/3/3b/Bubble_Blower_NH_Icon.png
tools,391501f6fe3b5c69,https://dodo.ac/np/images/0/0a/Ice_Wand_NH_Icon.png
tools,43887884e055d42b,https://dodo.ac/np/images/e/ed/Slingshot_%28Red%29_NH_Icon.png
tools,44c6200cc289a54b,https://dodo.ac/np/images/d/d8/Nook_Inc._Uchiwa_Fan_NH_Icon.png
tools,471c57c82fed5213,https://dodo.ac/np/images/3/32/Boba_Mango_Tea_NH_Icon.png
tools,4a31770979c39375,https://dodo.ac/np/images/1/17/Bug_Wand_NH_Icon.png
tools,4caafc0a1a2143d5,https://dodo.ac/np/images/9/9b/Nook_Inc._Balloon_NH_Icon.png
tools,4d591feb9823af38,https://dodo.ac/np/images/f/f8/Light_Stick_NH_Icon.png
tools,4f88d5e336a67866,https://dodo.ac/np/images/a/a9/Outdoorsy_Fishing_Rod_%28Avocado%29_NH_Icon.png
tools,54ee7af755554980,https://dodo.ac/np/images/6/6c/Tri_Rod_NH_Icon.png
tools,55aded9a0ec902cb,https://dodo.ac/np/images/9/91/Flimsy_Net_NH_Icon.png
tools,55caf28460f2e1a1,https://dodo.ac/np/images/f/fa/Axe_NH_Icon.png
tools,5850c0d0eef66e51,https://dodo.ac/np/images/0/07/Orange_Frozen_Treat_NH_Icon.png
tools,585a81a1f71be5bc,https://dodo.ac/np/images/f/fa/Axe_NH_Icon.png
tools,5923b8d533e0995b,https://dodo.ac/np/images/9/92/Fiery_Cheer_Megaphone_NH_Icon.png
tools,596732cc430767fb,https://dodo.ac/np/images/1/11/Golden_Shovel_NH_Icon.png
tools,5b6573491c336cd1,https://dodo.ac/np/images/b/b6/Star_Wand_NH_Icon.png
tools,5e3411a6888fe72c,https://dodo.ac/np/images/d/d6/Chocolate_Soft_Serve_NH_Icon.png
tools,5eeffda3e4a1a15b,https://dodo.ac/np/images/c/c0/Outdoorsy_Watering_Can_%28Avocado%29_NH_Icon.png
tools,610052d7f526cc38,https://dodo.ac/np/images/d/d8/Melon-Cheesecake_Cone_NH_Icon.png
tools,612d1a2f80819a95,https://dodo.ac/np/images/7/76/Flimsy_Axe_NH_Icon.png
tools,62d910ca9ca20cc5,https://dodo.ac/np/images/0/01/Rainbow_Soft_Serve_NH_Icon.png
tools,6420136e1ac51143,https://dodo.ac/np/images/9/97/Spooky_Treats_Basket_%28Orange%29_NH_Icon.png
tools,651fcd0416c8d4fd,https://dodo.ac/np/images/5/51/Flimsy_Watering_Can_NH_Icon.png
tools,66c8ee85c1d7de27,https://dodo.ac/np/images/d/df/Dream_Timer_NH_Icon.png
tools,673536ba219e066d,https://dodo.ac/np/images/f/f1/Pink_Balloon_NH_Icon.png
tools,68846a428ae168a1,https://dodo.ac/np/images/f/f3/Vine_Ladder_Set-Up_Kit_%28Light_Brown%29_NH_Icon.png
tools,69d47d3d262afeb3,https://dodo.ac/np/images/a/a7/Stone_Axe_NH_Icon.png
tools,6a034362654404e6,https://dodo.ac/np/images/b/b8/Rose_Wand_NH_Icon.png
tools,6b99e367d82661e7,https://dodo.ac/np/images/0/08/Transceiver_NH_Inv_Icon.png
tools,6c41e8c10c7a71ec,https://dodo.ac/np/images/5/51/Vaulting_Pole_NH_Icon.png
tools,6c7453211ad19e3c,https://dodo.ac/np/images/0/00/Canned_Sports_Drink_NH_Icon.png
tools,6ee6a6a11d721880,https://dodo.ac/np/images/a/a1/Fishing_Rod_%28Blue%29_NH_Icon.png
tools,6fb1ee650e99593c,https://dodo.ac/np/images/6/62/Boba_Milk_Tea_NH_Icon.png
tools,72b046dbbf1c4910,https://dodo.ac/np/images/b/bc/Nook_Inc._Handheld_Pennant_NH_Icon.png
tools,72e16bf5e34fa9a0,https://dodo.ac/np/images/d/d9/Outdoorsy_Shovel_%28Avocado%29_NH_Icon.png
tools,75ce8c8b343316a4,https://dodo.ac/np/images/0/0a/Kiki_%26_Lala_Wand_NH_Icon.png
tools,76e4b69be5ec5820,https://dodo.ac/np/images/f/fc/Chocolate_Frozen_Treat_NH_Icon.png
tools,76f83a5dd2b8b954,https://dodo.ac/np/images/5/51/Vaulting_Pole_NH_Icon.png
tools,7d449db10e6caaa0,https://dodo.ac/np/images/4/4f/Flower-Petal_Basket_NH_Icon.png
tools,833875af0334d3dc,https://dodo.ac/np/images/f/f1/Chitose_Ame_NH_Icon.png
tools,837e8245f3ac6eb6,https://dodo.ac/np/images/b/b4/Tulip_Wand_NH_Icon.png
tools,83ac5678135ce62b,https://dodo.ac/np/images/6/6d/Bunny_Day_Wand_NH_Icon.png
tools,84b0290b3da70dc4,https://dodo.ac/np/images/7/74/Orange-Mint_Cone_NH_Icon.png
tools,8607f57aa0fef0bb,https://dodo.ac/np/images/3/3d/Plain_Cotton_Candy_NH_Icon.png
tools,86b45896a54b9561,https://dodo.ac/np/images/4/41/Outdoorsy_Net_%28Avocado%29_NH_Icon.png
tools,88b7bbb76435f5db,https://dodo.ac/np/images/a/ad/Star_Net_%28Yellow%29_NH_Icon.png
tools,8c4d7f8041ed799c,https://dodo.ac/np/images/0/06/Bamboo_Wand_NH_Icon.png
tools,8e37e09d60e106eb,https://dodo.ac/np/images/3/3b/Printed-Design_Shovel_%28Light_Blue%29_NH_Icon.png
tools,8fd1ad06d5447d7e,https://dodo.ac/np/images/0/0a/Mushroom_Wand_%28Ordinary_Mushroom%29_NH_Icon.png
tools,923c0dcac403926f,https://dodo.ac/np/images/8/8a/Iron_Wand_NH_Icon.png
tools,928fc5cd46d22203,https://dodo.ac/np/images/6/6b/Strawberry_Cotton_Candy_NH_Icon.png
tools,93fd2d6c5b5e2483,https://dodo.ac/np/images/e/ea/Flimsy_Shovel_NH_Icon.png
tools,94a15445f897aa1d,https://dodo.ac/np/images/2/2c/Outdoorsy_Slingshot_%28Avocado%29_NH_Icon.png
tools,992aa40ae2c6d417,https://dodo.ac/np/images/8/8e/Colorful_Slingshot_%28Yellow%29_NH_Icon.png
tools,9c760cbc98d2583c,https://dodo.ac/np/images/1/12/Fish_Wand_NH_Icon.png
tools,9d051d4473ad68ce,https://dodo.ac/np/images/a/ac/Iron_Ladder_Set-Up_Kit_%28Silver%29_NH_Icon.png
tools,9d59113309c5a814,https://dodo.ac/np/images/a/aa/Foxtail_NH_Icon.png
tools,9eed2c78ec3ac8e8,https://dodo.ac/np/images/c/c3/Handheld_Lantern_%28Stars%29_NH_Icon.png
tools,a04c2bfd4b45a51e,https://dodo.ac/np/images/4/49/Canned_Soda_NH_Icon.png
tools,a324bbda8c054f2c,https://dodo.ac/np/images/e/ec/Golden_Axe_NH_Icon.png
tools,a32a88b95e7a99e0,https://dodo.ac/np/images/d/de/Protein_Shake_%28Red%29_NH_Icon.png
tools,a4d3d535f4b75bae,https://dodo.ac/np/images/c/ce/Golden_Wand_NH_Icon.png
tools,a56ed7c2d8200d2c,https://dodo.ac/np/images/8/8e/Tambourine_NH_Icon.png
tools,a747726a66b62fcd,https://dodo.ac/np/images/a/a1/Fishing_Rod_%28Blue%29_NH_Icon.png
tools,a9ad32a27defbf6c,https://dodo.ac/np/images/a/a1/Flimsy_Fishing_Rod_NH_Icon.png
tools,abf7ba3e4b73157f,https://dodo.ac/np/images/c/cb/Tree-Branch_Wand_NH_Icon.png
tools,b11de67577b0952e,https://dodo.ac/np/images/c/c6/Watering_Can_%28Blue%29_NH_Icon.png
tools,b3f0fc1828c75612,https://dodo.ac/np/images/a/a5/Bean-Tossing_Kit_NH_Icon.png
tools,b445d8a35df1f4d5,https://dodo.ac/np/images/2/26/Blue_Balloon_NH_Icon.png
tools,b4c7e99bacf8092d,https://dodo.ac/np/images/0/08/Sparkling_Cider_NH_Icon.png
tools,b4dd963dfa5f64ef,https://dodo.ac/np/images/8/83/Nice_Branch_NH_Icon.png
tools,b62d3254586838ce,https://dodo.ac/np/images/5/5c/Dumbbell_%28Black%29_NH_Icon.png
tools,b653d78fdfc07f8a,https://dodo.ac/np/images/2/2f/Maracas_NH_Icon.png
tools,b82575cc66bc498c,https://dodo.ac/np/images/6/64/Mums_Wand_NH_Icon.png
tools,bacd320782fbbfda,https://dodo.ac/np/images/b/b5/Golden_Net_NH_Icon.png
tools,bd149c76a0cc925a,https://dodo.ac/np/images/6/61/Grass-Green_Folding_Fan_NH_Icon.png
tools,be9a570b2371dd5c,https://dodo.ac/np/images/5/5c/Golden_Rod_NH_Icon.png
tools,bf66b8a39b80f34e,https://dodo.ac/np/images/6/63/Shovel_%28Red%29_NH_Icon.png
tools,bf9b149248a5678d,https://dodo.ac/np/images/1/12/Lily_Wand_NH_Icon.png
tools,bfb9aa2bdf26870e,https://dodo.ac/np/images/c/c9/Ladder_NH_Icon.png
tools,c012aa68a54ec4f1,https://dodo.ac/np/images/0/0f/Magic_Bag_NH_Inv_Icon.png
tools,c273b93e84496322,https://dodo.ac/np/images/f/f6/Pansy_Wand_NH_Icon.png
tools,c3a4aefa58103c46,https://dodo.ac/np/images/3/34/Vanilla_Cone_NH_Icon.png
tools,c9cce050cdadf355,https://dodo.ac/np/images/a/a1/Football_Cheer_Megaphone_NH_Icon.png
tools,cb2d5dc4f0ca9f0b,https://dodo.ac/np/images/9/90/Net_%28Red%29_NH_Icon.png
tools,cea3bcdbc4ee39a6,https://dodo.ac/np/images/0/09/Strawberry_Donut_NH_Icon.png
tools,cef49c00c9a7b536,https://dodo.ac/np/images/4/40/Pocket_Magazine_%28Fashion%29_NH_Icon.png
tools,d2aea37439f9287f,https://dodo.ac/np/images/5/5b/Shamrock_Wand_NH_Icon.png
tools,d2c0ee212c105217,https://dodo.ac/np/images/a/ab/Ramune-Soda_Frozen_Treat_NH_Icon.png
tools,d35edb2664579a1b,https://dodo.ac/np/images/c/c3/Ramune-Soda-Lemon_Cone_NH_Icon.png
tools,d4050b5f0279904d,https://dodo.ac/np/images/a/a3/Berry-Vanilla_Soft_Serve_NH_Icon.png
tools,d4a2eaeb906ae9b6,https://dodo.ac/np/images/c/c2/Timer_NH_Icon.png
tools,d507d0b8029254ba,https://dodo.ac/np/images/2/23/Glittery_Cheer_Megaphone_NH_Icon.png
tools,d73bbed17e833167,https://dodo.ac/np/images/8/87/Ramune-Soda_Cotton_Candy_NH_Icon.png
tools,db6bc6dbbe52dca9,https://dodo.ac/np/images/b/bc/Cherry-Blossom_Wand_NH_Icon.png
tools,de82decab4847250,https://dodo.ac/np/images/5/55/Shamrock_Soda_NH_Icon.png
tools,df12b10d94ba0473,https://dodo.ac/np/images/f/f4/Red_Sparkler_NH_Icon.png
tools,e26fe9e59a34c375,https://dodo.ac/np/images/9/99/Pocketbook_%28Novel%29_NH_Icon.png
tools,e3511900e65f87dc,https://dodo.ac/np/images/b/b7/Ocarina_of_Time_NH_Icon.png
tools,e377366f55be7a33,https://dodo.ac/np/images/7/7d/Colorful_Fishing_Rod_%28Yellow%29_NH_Icon.png
tools,e6ba12bdbc3d5e74,https://dodo.ac/np/images/a/ae/Party_Popper_NH_Icon.png
tools,e71f982b948dd4e9,https://dodo.ac/np/images/e/e0/Golden_Slingshot_NH_Icon.png
tools,eab0a6af7e34adc7,https://dodo.ac/np/images/c/cb/Red_Balloon_NH_Icon.png
tools,ebfbae3f70169c78,https://dodo.ac/np/images/4/4a/Pinwheel_NH_Icon.png
tools,ec27cce65310c4e4,https://dodo.ac/np/images/3/3f/Chocolate_Donut_NH_Icon.png
tools,ed878feb35e114fe,https://dodo.ac/np/images/0/04/Canned_Tea_NH_Icon.png
tools,ed8977f42801f689,https://dodo.ac/np/images/e/e8/Chocolate_Cone_NH_Icon.png
tools,f1326be239ba3977,https://dodo.ac/np/images/1/16/Melon_Cotton_Candy_NH_Icon.png
tools,f3440260d26d951b,https://dodo.ac/np/images/1/10/Canned_Orange_Juice_NH_Icon.png
tools,f3590373737190c4,https://dodo.ac/np/images/c/c1/Blue_Sparkler_NH_Icon.png
tools,f49b6915d7d1d952,https://dodo.ac/np/images/f/f7/Golden_Watering_Can_NH_Icon.png
tools,f51e826b8f23024c,https://dodo.ac/np/images/b/ba/Starry_Cheer_Megaphone_NH_Icon.png
tools,f6a0373ff4351622,https://dodo.ac/np/images/3/32/Spooky_Wand_NH_Icon.png
tools,f766c2f66e1bdb55,https://dodo.ac/np/images/2/21/Tweeter_NH_Icon.png
tools,f84e0ab5097966c1,https://dodo.ac/np/images/c/c3/Canned_Apple_Juice_NH_Icon.png
tools,f8eda52a822df259,https://dodo.ac/np/images/2/2d/Uchiwa_Fan_NH_Icon.png
tools,fbb67a5a446a71b6,https://dodo.ac/np/images/d/dc/Peachy-Pink_Folding_Fan_NH_Icon.png
